transaction_id,customer_id,product_id,quantity,unit_price,total_amount,order_date
1973,80,36,1,3262.33,3262.33,2024-01-01
2393,135,21,1,2505.63,2505.63,2024-01-01
3034,245,35,1,3867.68,3867.68,2024-01-01
4159,273,28,1,2129.8,2129.8,2024-01-01
4265,468,5,2,750.67,1501.34,2024-01-01
4958,376,32,1,806.52,806.52,2024-01-01
4984,483,31,1,2489.05,2489.05,2024-01-01
5252,258,26,2,3172.93,6345.86,2024-01-01
7131,323,14,1,967.51,967.51,2024-01-01
8695,223,19,1,1812.99,1812.99,2024-01-01
10047,226,31,1,2489.05,2489.05,2024-01-01
11059,436,34,1,3803.21,3803.21,2024-01-01
11314,407,30,1,328.83,328.83,2024-01-01
11851,418,1,1,1591.98,1591.98,2024-01-01
3,191,27,2,918.74,1837.48,2024-01-02
746,314,36,1,3262.33,3262.33,2024-01-02
1992,427,16,1,856.11,856.11,2024-01-02
2427,463,24,1,1560.49,1560.49,2024-01-02
2455,79,36,1,3262.33,3262.33,2024-01-02
3591,442,28,2,2129.8,4259.6,2024-01-02
4725,406,18,2,2170.31,4340.62,2024-01-02
7125,355,16,1,856.11,856.11,2024-01-02
8032,289,22,1,687.05,687.05,2024-01-02
8196,176,22,1,687.05,687.05,2024-01-02
8817,10,19,1,1812.99,1812.99,2024-01-02
8930,206,12,2,3884.15,7768.3,2024-01-02
9851,158,17,1,1321.33,1321.33,2024-01-02
11358,45,36,1,3262.33,3262.33,2024-01-02
58,254,27,1,918.74,918.74,2024-01-03
302,91,29,1,2430.8,2430.8,2024-01-03
2154,314,10,1,2876.08,2876.08,2024-01-03
5788,331,11,1,229.25,229.25,2024-01-03
6993,485,21,2,2505.63,5011.26,2024-01-03
7164,361,29,1,2430.8,2430.8,2024-01-03
7245,395,26,1,3172.93,3172.93,2024-01-03
8556,473,32,1,806.52,806.52,2024-01-03
8968,119,33,1,400.45,400.45,2024-01-03
9010,207,27,1,918.74,918.74,2024-01-03
11050,237,23,1,1274.76,1274.76,2024-01-03
1307,464,21,1,2505.63,2505.63,2024-01-04
1341,411,32,1,806.52,806.52,2024-01-04
2505,212,29,2,2430.8,4861.6,2024-01-04
4636,235,14,1,967.51,967.51,2024-01-04
5259,20,4,1,2454.84,2454.84,2024-01-04
5269,279,28,1,2129.8,2129.8,2024-01-04
6324,17,9,2,2464.29,4928.58,2024-01-04
7394,81,23,2,1274.76,2549.52,2024-01-04
8099,320,30,2,328.83,657.66,2024-01-04
8786,392,6,1,750.58,750.58,2024-01-04
9324,410,30,1,328.83,328.83,2024-01-04
9831,242,20,2,1271.23,2542.46,2024-01-04
10746,30,27,1,918.74,918.74,2024-01-04
11179,436,22,1,687.05,687.05,2024-01-04
11602,249,3,1,2968.18,2968.18,2024-01-04
1785,314,9,1,2464.29,2464.29,2024-01-05
2804,452,5,1,750.67,750.67,2024-01-05
2822,34,17,1,1321.33,1321.33,2024-01-05
3085,168,11,3,229.25,687.75,2024-01-05
3385,91,30,2,328.83,657.66,2024-01-05
3728,500,19,2,1812.99,3625.98,2024-01-05
4825,212,2,1,3810.25,3810.25,2024-01-05
5411,206,32,1,806.52,806.52,2024-01-05
5943,206,9,1,2464.29,2464.29,2024-01-05
6501,316,22,1,687.05,687.05,2024-01-05
7167,488,36,1,3262.33,3262.33,2024-01-05
7774,119,2,1,3810.25,3810.25,2024-01-05
7955,323,13,1,3354.9,3354.9,2024-01-05
9654,333,35,1,3867.68,3867.68,2024-01-05
715,236,10,1,2876.08,2876.08,2024-01-06
1179,354,14,3,967.51,2902.53,2024-01-06
1611,311,23,1,1274.76,1274.76,2024-01-06
3202,251,28,1,2129.8,2129.8,2024-01-06
3336,438,23,1,1274.76,1274.76,2024-01-06
3615,222,26,2,3172.93,6345.86,2024-01-06
3669,147,3,1,2968.18,2968.18,2024-01-06
4644,207,16,1,856.11,856.11,2024-01-06
5524,431,9,1,2464.29,2464.29,2024-01-06
6429,361,2,1,3810.25,3810.25,2024-01-06
6641,301,5,1,750.67,750.67,2024-01-06
6909,464,20,1,1271.23,1271.23,2024-01-06
8571,124,10,1,2876.08,2876.08,2024-01-06
8600,410,23,2,1274.76,2549.52,2024-01-06
9531,40,35,1,3867.68,3867.68,2024-01-06
9697,402,29,1,2430.8,2430.8,2024-01-06
10186,17,21,1,2505.63,2505.63,2024-01-06
10938,182,29,1,2430.8,2430.8,2024-01-06
11005,19,15,1,850.03,850.03,2024-01-06
11105,196,33,3,400.45,1201.35,2024-01-06
11326,99,24,1,1560.49,1560.49,2024-01-06
11920,247,30,1,328.83,328.83,2024-01-06
1236,270,26,2,3172.93,6345.86,2024-01-07
1507,96,6,2,750.58,1501.16,2024-01-07
2201,174,34,1,3803.21,3803.21,2024-01-07
3301,482,31,1,2489.05,2489.05,2024-01-07
3495,203,19,2,1812.99,3625.98,2024-01-07
3795,148,16,1,856.11,856.11,2024-01-07
4656,78,15,1,850.03,850.03,2024-01-07
5387,464,15,1,850.03,850.03,2024-01-07
5766,477,17,1,1321.33,1321.33,2024-01-07
6816,418,18,1,2170.31,2170.31,2024-01-07
7406,229,12,1,3884.15,3884.15,2024-01-07
7890,468,23,1,1274.76,1274.76,2024-01-07
10043,497,25,2,1905.87,3811.74,2024-01-07
10684,150,31,1,2489.05,2489.05,2024-01-07
11871,475,7,1,373.62,373.62,2024-01-07
464,473,23,2,1274.76,2549.52,2024-01-08
2717,332,29,1,2430.8,2430.8,2024-01-08
3269,400,7,2,373.62,747.24,2024-01-08
3617,226,8,1,3484.78,3484.78,2024-01-08
3622,376,18,1,2170.31,2170.31,2024-01-08
4000,429,3,1,2968.18,2968.18,2024-01-08
5033,478,10,1,2876.08,2876.08,2024-01-08
5388,366,10,2,2876.08,5752.16,2024-01-08
7213,34,36,1,3262.33,3262.33,2024-01-08
7662,373,22,2,687.05,1374.1,2024-01-08
8076,323,17,1,1321.33,1321.33,2024-01-08
8082,39,5,1,750.67,750.67,2024-01-08
8525,302,13,1,3354.9,3354.9,2024-01-08
8585,331,31,1,2489.05,2489.05,2024-01-08
9409,223,20,1,1271.23,1271.23,2024-01-08
10629,32,19,2,1812.99,3625.98,2024-01-08
11666,418,18,2,2170.31,4340.62,2024-01-08
172,182,35,2,3867.68,7735.36,2024-01-09
1032,468,27,1,918.74,918.74,2024-01-09
2001,469,18,2,2170.31,4340.62,2024-01-09
2016,238,4,1,2454.84,2454.84,2024-01-09
2186,69,31,1,2489.05,2489.05,2024-01-09
2701,392,31,1,2489.05,2489.05,2024-01-09
3993,295,22,1,687.05,687.05,2024-01-09
4049,245,35,2,3867.68,7735.36,2024-01-09
4974,273,14,1,967.51,967.51,2024-01-09
6290,10,35,1,3867.68,3867.68,2024-01-09
6862,464,5,2,750.67,1501.34,2024-01-09
7367,217,19,2,1812.99,3625.98,2024-01-09
7560,190,19,1,1812.99,1812.99,2024-01-09
8632,235,10,1,2876.08,2876.08,2024-01-09
9137,464,17,1,1321.33,1321.33,2024-01-09
9228,402,36,2,3262.33,6524.66,2024-01-09
10728,32,32,1,806.52,806.52,2024-01-09
11262,326,32,2,806.52,1613.04,2024-01-09
1205,158,19,1,1812.99,1812.99,2024-01-10
1549,310,1,1,1591.98,1591.98,2024-01-10
1839,278,34,3,3803.21,11409.63,2024-01-10
2882,497,2,2,3810.25,7620.5,2024-01-10
2935,84,10,1,2876.08,2876.08,2024-01-10
3237,92,28,1,2129.8,2129.8,2024-01-10
3764,234,31,1,2489.05,2489.05,2024-01-10
3861,289,1,1,1591.98,1591.98,2024-01-10
4104,415,17,2,1321.33,2642.66,2024-01-10
7168,443,7,1,373.62,373.62,2024-01-10
7193,355,11,1,229.25,229.25,2024-01-10
7591,219,29,1,2430.8,2430.8,2024-01-10
8073,385,13,2,3354.9,6709.8,2024-01-10
8209,489,29,1,2430.8,2430.8,2024-01-10
8267,465,26,1,3172.93,3172.93,2024-01-10
8477,183,12,1,3884.15,3884.15,2024-01-10
8903,271,15,1,850.03,850.03,2024-01-10
9847,442,23,1,1274.76,1274.76,2024-01-10
10107,409,10,2,2876.08,5752.16,2024-01-10
10445,422,20,1,1271.23,1271.23,2024-01-10
10973,376,6,1,750.58,750.58,2024-01-10
1727,255,10,1,2876.08,2876.08,2024-01-11
3441,147,26,1,3172.93,3172.93,2024-01-11
3693,233,21,1,2505.63,2505.63,2024-01-11
6408,377,6,1,750.58,750.58,2024-01-11
6839,243,19,1,1812.99,1812.99,2024-01-11
7408,8,3,2,2968.18,5936.36,2024-01-11
7730,477,25,1,1905.87,1905.87,2024-01-11
8443,212,32,1,806.52,806.52,2024-01-11
8513,371,11,1,229.25,229.25,2024-01-11
8829,387,23,1,1274.76,1274.76,2024-01-11
9310,403,9,1,2464.29,2464.29,2024-01-11
9686,268,29,1,2430.8,2430.8,2024-01-11
10304,168,17,1,1321.33,1321.33,2024-01-11
11000,226,14,2,967.51,1935.02,2024-01-11
11099,115,11,2,229.25,458.5,2024-01-11
11193,373,5,1,750.67,750.67,2024-01-11
1244,213,34,1,3803.21,3803.21,2024-01-12
2999,364,11,1,229.25,229.25,2024-01-12
3330,446,15,2,850.03,1700.06,2024-01-12
4312,411,4,1,2454.84,2454.84,2024-01-12
4739,195,19,1,1812.99,1812.99,2024-01-12
5066,379,12,1,3884.15,3884.15,2024-01-12
7637,196,3,3,2968.18,8904.54,2024-01-12
8308,15,28,1,2129.8,2129.8,2024-01-12
9072,267,4,1,2454.84,2454.84,2024-01-12
9122,115,26,2,3172.93,6345.86,2024-01-12
9459,232,22,1,687.05,687.05,2024-01-12
10098,440,16,1,856.11,856.11,2024-01-12
1511,194,7,1,373.62,373.62,2024-01-13
1631,322,1,2,1591.98,3183.96,2024-01-13
2066,90,11,1,229.25,229.25,2024-01-13
2118,243,12,2,3884.15,7768.3,2024-01-13
2156,496,15,1,850.03,850.03,2024-01-13
2281,214,18,2,2170.31,4340.62,2024-01-13
2592,438,6,1,750.58,750.58,2024-01-13
3825,203,23,1,1274.76,1274.76,2024-01-13
4072,158,36,1,3262.33,3262.33,2024-01-13
4639,370,33,1,400.45,400.45,2024-01-13
5146,132,19,1,1812.99,1812.99,2024-01-13
5173,86,26,1,3172.93,3172.93,2024-01-13
5541,156,35,1,3867.68,3867.68,2024-01-13
5741,486,11,1,229.25,229.25,2024-01-13
7338,465,24,1,1560.49,1560.49,2024-01-13
8002,290,3,1,2968.18,2968.18,2024-01-13
8885,57,29,1,2430.8,2430.8,2024-01-13
9050,261,4,2,2454.84,4909.68,2024-01-13
10436,245,27,1,918.74,918.74,2024-01-13
11391,448,17,1,1321.33,1321.33,2024-01-13
11527,210,16,1,856.11,856.11,2024-01-13
11780,77,35,1,3867.68,3867.68,2024-01-13
3139,492,31,1,2489.05,2489.05,2024-01-14
3172,34,7,1,373.62,373.62,2024-01-14
4201,477,1,1,1591.98,1591.98,2024-01-14
5853,432,12,1,3884.15,3884.15,2024-01-14
5982,105,7,1,373.62,373.62,2024-01-14
6644,236,24,1,1560.49,1560.49,2024-01-14
7956,380,9,1,2464.29,2464.29,2024-01-14
8892,305,17,1,1321.33,1321.33,2024-01-14
8902,496,17,3,1321.33,3963.99,2024-01-14
9736,233,29,1,2430.8,2430.8,2024-01-14
9841,360,34,3,3803.21,11409.63,2024-01-14
9874,377,32,2,806.52,1613.04,2024-01-14
10838,92,5,1,750.67,750.67,2024-01-14
10954,179,6,1,750.58,750.58,2024-01-14
11111,147,15,1,850.03,850.03,2024-01-14
28,128,11,1,229.25,229.25,2024-01-15
223,378,16,1,856.11,856.11,2024-01-15
1221,170,6,1,750.58,750.58,2024-01-15
2077,497,2,1,3810.25,3810.25,2024-01-15
2827,348,17,2,1321.33,2642.66,2024-01-15
4389,417,2,1,3810.25,3810.25,2024-01-15
5104,10,26,2,3172.93,6345.86,2024-01-15
5338,284,1,1,1591.98,1591.98,2024-01-15
5515,115,6,1,750.58,750.58,2024-01-15
5936,308,3,1,2968.18,2968.18,2024-01-15
6378,130,34,1,3803.21,3803.21,2024-01-15
6657,409,3,1,2968.18,2968.18,2024-01-15
7786,130,11,2,229.25,458.5,2024-01-15
9343,322,4,1,2454.84,2454.84,2024-01-15
11161,229,21,1,2505.63,2505.63,2024-01-15
11767,53,8,1,3484.78,3484.78,2024-01-15
93,392,6,1,750.58,750.58,2024-01-16
312,150,29,1,2430.8,2430.8,2024-01-16
1435,291,9,1,2464.29,2464.29,2024-01-16
3714,316,22,1,687.05,687.05,2024-01-16
4053,226,7,1,373.62,373.62,2024-01-16
4530,418,30,1,328.83,328.83,2024-01-16
4846,282,8,2,3484.78,6969.56,2024-01-16
7809,316,6,1,750.58,750.58,2024-01-16
9188,253,5,1,750.67,750.67,2024-01-16
9418,278,30,2,328.83,657.66,2024-01-16
9930,463,6,1,750.58,750.58,2024-01-16
10310,463,4,1,2454.84,2454.84,2024-01-16
10422,130,22,2,687.05,1374.1,2024-01-16
10591,104,14,1,967.51,967.51,2024-01-16
10862,83,4,2,2454.84,4909.68,2024-01-16
738,163,25,3,1905.87,5717.61,2024-01-17
767,443,3,1,2968.18,2968.18,2024-01-17
1355,414,14,1,967.51,967.51,2024-01-17
1463,15,24,1,1560.49,1560.49,2024-01-17
1568,464,17,2,1321.33,2642.66,2024-01-17
1968,270,21,2,2505.63,5011.26,2024-01-17
3571,411,25,1,1905.87,1905.87,2024-01-17
4269,198,10,2,2876.08,5752.16,2024-01-17
5011,85,8,1,3484.78,3484.78,2024-01-17
5314,355,20,1,1271.23,1271.23,2024-01-17
5384,17,7,1,373.62,373.62,2024-01-17
5550,412,18,1,2170.31,2170.31,2024-01-17
6620,440,20,1,1271.23,1271.23,2024-01-17
6660,362,31,1,2489.05,2489.05,2024-01-17
7783,114,27,1,918.74,918.74,2024-01-17
8833,452,11,1,229.25,229.25,2024-01-17
9346,147,33,2,400.45,800.9,2024-01-17
9380,77,30,1,328.83,328.83,2024-01-17
9771,289,11,2,229.25,458.5,2024-01-17
10481,78,20,1,1271.23,1271.23,2024-01-17
1090,231,21,1,2505.63,2505.63,2024-01-18
1512,115,30,1,328.83,328.83,2024-01-18
1517,366,11,2,229.25,458.5,2024-01-18
2074,434,32,1,806.52,806.52,2024-01-18
5819,464,27,1,918.74,918.74,2024-01-18
5880,165,1,1,1591.98,1591.98,2024-01-18
9012,443,9,1,2464.29,2464.29,2024-01-18
9857,361,21,2,2505.63,5011.26,2024-01-18
10443,456,18,2,2170.31,4340.62,2024-01-18
10892,403,15,2,850.03,1700.06,2024-01-18
11154,393,24,1,1560.49,1560.49,2024-01-18
619,355,6,1,750.58,750.58,2024-01-19
2831,391,16,1,856.11,856.11,2024-01-19
3027,267,5,2,750.67,1501.34,2024-01-19
4405,338,30,2,328.83,657.66,2024-01-19
4444,483,28,1,2129.8,2129.8,2024-01-19
6050,20,19,1,1812.99,1812.99,2024-01-19
6640,366,34,2,3803.21,7606.42,2024-01-19
6762,355,13,2,3354.9,6709.8,2024-01-19
7747,212,7,2,373.62,747.24,2024-01-19
8671,475,30,1,328.83,328.83,2024-01-19
9651,438,18,1,2170.31,2170.31,2024-01-19
10284,379,23,1,1274.76,1274.76,2024-01-19
11513,263,28,2,2129.8,4259.6,2024-01-19
482,410,5,1,750.67,750.67,2024-01-20
717,244,12,2,3884.15,7768.3,2024-01-20
2340,228,28,1,2129.8,2129.8,2024-01-20
2852,289,10,1,2876.08,2876.08,2024-01-20
3411,38,8,3,3484.78,10454.34,2024-01-20
3543,12,20,3,1271.23,3813.69,2024-01-20
4164,441,33,1,400.45,400.45,2024-01-20
4422,92,28,2,2129.8,4259.6,2024-01-20
4772,465,17,2,1321.33,2642.66,2024-01-20
5247,18,13,1,3354.9,3354.9,2024-01-20
5332,214,19,1,1812.99,1812.99,2024-01-20
5900,13,1,1,1591.98,1591.98,2024-01-20
6164,149,4,1,2454.84,2454.84,2024-01-20
6714,278,22,1,687.05,687.05,2024-01-20
7039,471,7,1,373.62,373.62,2024-01-20
7043,377,29,1,2430.8,2430.8,2024-01-20
7102,484,31,1,2489.05,2489.05,2024-01-20
10382,30,12,2,3884.15,7768.3,2024-01-20
11506,329,15,1,850.03,850.03,2024-01-20
11928,473,23,1,1274.76,1274.76,2024-01-20
759,184,27,1,918.74,918.74,2024-01-21
2390,249,30,1,328.83,328.83,2024-01-21
2473,16,28,1,2129.8,2129.8,2024-01-21
2630,245,32,2,806.52,1613.04,2024-01-21
2696,488,18,1,2170.31,2170.31,2024-01-21
6115,434,20,3,1271.23,3813.69,2024-01-21
6226,157,27,1,918.74,918.74,2024-01-21
6685,156,8,2,3484.78,6969.56,2024-01-21
7195,418,3,1,2968.18,2968.18,2024-01-21
7934,465,19,1,1812.99,1812.99,2024-01-21
10816,406,25,2,1905.87,3811.74,2024-01-21
10840,464,34,1,3803.21,3803.21,2024-01-21
10861,81,29,2,2430.8,4861.6,2024-01-21
11191,286,20,1,1271.23,1271.23,2024-01-21
289,432,23,1,1274.76,1274.76,2024-01-22
492,454,28,2,2129.8,4259.6,2024-01-22
4131,227,15,1,850.03,850.03,2024-01-22
5644,193,1,2,1591.98,3183.96,2024-01-22
6354,153,2,2,3810.25,7620.5,2024-01-22
6547,107,29,1,2430.8,2430.8,2024-01-22
6728,87,6,1,750.58,750.58,2024-01-22
7438,235,32,1,806.52,806.52,2024-01-22
7849,158,5,1,750.67,750.67,2024-01-22
8625,56,32,2,806.52,1613.04,2024-01-22
8870,349,27,1,918.74,918.74,2024-01-22
8890,353,8,2,3484.78,6969.56,2024-01-22
8921,29,4,2,2454.84,4909.68,2024-01-22
9649,399,33,1,400.45,400.45,2024-01-22
9884,177,24,2,1560.49,3120.98,2024-01-22
10276,291,27,1,918.74,918.74,2024-01-22
10368,137,19,1,1812.99,1812.99,2024-01-22
10817,257,28,1,2129.8,2129.8,2024-01-22
1304,80,26,3,3172.93,9518.79,2024-01-23
2295,450,24,1,1560.49,1560.49,2024-01-23
2857,377,27,1,918.74,918.74,2024-01-23
3521,128,3,1,2968.18,2968.18,2024-01-23
4042,77,14,2,967.51,1935.02,2024-01-23
5648,135,23,3,1274.76,3824.28,2024-01-23
6117,404,12,1,3884.15,3884.15,2024-01-23
6678,53,16,2,856.11,1712.22,2024-01-23
7434,193,30,2,328.83,657.66,2024-01-23
8239,57,35,1,3867.68,3867.68,2024-01-23
8761,432,14,1,967.51,967.51,2024-01-23
9509,238,5,2,750.67,1501.34,2024-01-23
10074,381,22,1,687.05,687.05,2024-01-23
11272,439,15,1,850.03,850.03,2024-01-23
11478,165,31,1,2489.05,2489.05,2024-01-23
1342,238,22,1,687.05,687.05,2024-01-24
1761,56,21,1,2505.63,2505.63,2024-01-24
3928,173,21,2,2505.63,5011.26,2024-01-24
4393,153,36,2,3262.33,6524.66,2024-01-24
4834,25,28,2,2129.8,4259.6,2024-01-24
5636,240,22,1,687.05,687.05,2024-01-24
5722,472,14,2,967.51,1935.02,2024-01-24
6355,130,26,1,3172.93,3172.93,2024-01-24
6892,496,19,1,1812.99,1812.99,2024-01-24
7056,140,32,1,806.52,806.52,2024-01-24
8317,244,29,3,2430.8,7292.4,2024-01-24
9278,43,31,2,2489.05,4978.1,2024-01-24
9488,229,24,2,1560.49,3120.98,2024-01-24
9540,292,10,2,2876.08,5752.16,2024-01-24
10874,327,9,1,2464.29,2464.29,2024-01-24
11556,464,34,1,3803.21,3803.21,2024-01-24
11625,86,24,1,1560.49,1560.49,2024-01-24
11632,101,3,1,2968.18,2968.18,2024-01-24
11993,45,28,2,2129.8,4259.6,2024-01-24
2203,16,31,1,2489.05,2489.05,2024-01-25
4727,447,20,1,1271.23,1271.23,2024-01-25
5184,442,33,3,400.45,1201.35,2024-01-25
5556,409,6,2,750.58,1501.16,2024-01-25
7059,332,35,1,3867.68,3867.68,2024-01-25
7281,105,13,1,3354.9,3354.9,2024-01-25
7877,32,11,1,229.25,229.25,2024-01-25
8932,296,5,1,750.67,750.67,2024-01-25
9150,447,17,1,1321.33,1321.33,2024-01-25
10182,15,27,1,918.74,918.74,2024-01-25
10602,445,16,1,856.11,856.11,2024-01-25
11437,27,31,3,2489.05,7467.15,2024-01-25
11680,496,2,1,3810.25,3810.25,2024-01-25
11932,136,35,2,3867.68,7735.36,2024-01-25
3142,416,4,2,2454.84,4909.68,2024-01-26
3253,465,2,2,3810.25,7620.5,2024-01-26
4807,135,20,1,1271.23,1271.23,2024-01-26
5304,270,36,1,3262.33,3262.33,2024-01-26
7267,163,10,2,2876.08,5752.16,2024-01-26
9469,326,9,1,2464.29,2464.29,2024-01-26
10057,443,11,2,229.25,458.5,2024-01-26
10500,273,29,1,2430.8,2430.8,2024-01-26
10901,162,4,1,2454.84,2454.84,2024-01-26
413,387,4,1,2454.84,2454.84,2024-01-27
866,258,4,2,2454.84,4909.68,2024-01-27
903,288,31,1,2489.05,2489.05,2024-01-27
1625,450,17,2,1321.33,2642.66,2024-01-27
2349,122,2,1,3810.25,3810.25,2024-01-27
2513,301,5,3,750.67,2252.01,2024-01-27
2742,115,22,1,687.05,687.05,2024-01-27
3941,51,28,1,2129.8,2129.8,2024-01-27
4502,18,14,1,967.51,967.51,2024-01-27
6510,126,5,1,750.67,750.67,2024-01-27
8103,212,8,2,3484.78,6969.56,2024-01-27
8427,221,6,1,750.58,750.58,2024-01-27
9034,477,30,1,328.83,328.83,2024-01-27
9419,297,27,1,918.74,918.74,2024-01-27
9457,355,23,1,1274.76,1274.76,2024-01-27
10278,179,3,1,2968.18,2968.18,2024-01-27
10516,440,36,1,3262.33,3262.33,2024-01-27
10686,443,6,1,750.58,750.58,2024-01-27
11724,36,15,1,850.03,850.03,2024-01-27
1689,289,30,2,328.83,657.66,2024-01-28
5090,485,17,1,1321.33,1321.33,2024-01-28
5787,468,6,1,750.58,750.58,2024-01-28
6096,270,9,2,2464.29,4928.58,2024-01-28
6662,347,9,2,2464.29,4928.58,2024-01-28
7623,183,2,1,3810.25,3810.25,2024-01-28
7720,487,14,1,967.51,967.51,2024-01-28
9999,186,28,2,2129.8,4259.6,2024-01-28
11350,302,33,1,400.45,400.45,2024-01-28
704,289,22,1,687.05,687.05,2024-01-29
2375,161,25,1,1905.87,1905.87,2024-01-29
3753,471,10,1,2876.08,2876.08,2024-01-29
6207,206,19,1,1812.99,1812.99,2024-01-29
6315,496,15,1,850.03,850.03,2024-01-29
6893,247,15,1,850.03,850.03,2024-01-29
7278,490,35,2,3867.68,7735.36,2024-01-29
7785,86,34,1,3803.21,3803.21,2024-01-29
9463,418,1,1,1591.98,1591.98,2024-01-29
9997,207,9,1,2464.29,2464.29,2024-01-29
10092,498,4,3,2454.84,7364.52,2024-01-29
10401,450,29,1,2430.8,2430.8,2024-01-29
10678,210,6,2,750.58,1501.16,2024-01-29
11742,176,30,1,328.83,328.83,2024-01-29
23,496,7,1,373.62,373.62,2024-01-30
417,463,8,1,3484.78,3484.78,2024-01-30
963,500,33,3,400.45,1201.35,2024-01-30
1778,156,26,1,3172.93,3172.93,2024-01-30
2659,3,36,1,3262.33,3262.33,2024-01-30
2967,242,34,2,3803.21,7606.42,2024-01-30
3959,354,6,1,750.58,750.58,2024-01-30
4751,157,5,1,750.67,750.67,2024-01-30
4865,277,2,1,3810.25,3810.25,2024-01-30
5450,440,3,2,2968.18,5936.36,2024-01-30
5801,311,12,2,3884.15,7768.3,2024-01-30
5889,496,24,1,1560.49,1560.49,2024-01-30
6219,186,24,1,1560.49,1560.49,2024-01-30
6397,38,28,1,2129.8,2129.8,2024-01-30
7098,293,31,1,2489.05,2489.05,2024-01-30
8156,72,5,2,750.67,1501.34,2024-01-30
9683,496,30,2,328.83,657.66,2024-01-30
9775,398,29,1,2430.8,2430.8,2024-01-30
11139,161,8,2,3484.78,6969.56,2024-01-30
11296,243,28,1,2129.8,2129.8,2024-01-30
11614,48,23,1,1274.76,1274.76,2024-01-30
2129,434,5,2,750.67,1501.34,2024-01-31
2309,247,24,1,1560.49,1560.49,2024-01-31
2351,32,19,3,1812.99,5438.97,2024-01-31
4454,496,9,2,2464.29,4928.58,2024-01-31
4490,487,35,1,3867.68,3867.68,2024-01-31
4903,236,2,1,3810.25,3810.25,2024-01-31
6026,79,18,1,2170.31,2170.31,2024-01-31
6836,498,14,1,967.51,967.51,2024-01-31
7411,432,17,2,1321.33,2642.66,2024-01-31
7422,418,33,1,400.45,400.45,2024-01-31
7585,217,21,1,2505.63,2505.63,2024-01-31
9043,316,25,1,1905.87,1905.87,2024-01-31
9538,363,27,2,918.74,1837.48,2024-01-31
9548,6,36,1,3262.33,3262.33,2024-01-31
10140,51,6,1,750.58,750.58,2024-01-31
10162,230,9,1,2464.29,2464.29,2024-01-31
10238,432,6,1,750.58,750.58,2024-01-31
337,147,18,2,2170.31,4340.62,2024-02-01
428,99,5,1,750.67,750.67,2024-02-01
975,182,34,1,3803.21,3803.21,2024-02-01
1855,99,29,1,2430.8,2430.8,2024-02-01
2270,473,6,1,750.58,750.58,2024-02-01
3414,134,30,2,328.83,657.66,2024-02-01
4778,46,30,1,328.83,328.83,2024-02-01
4989,112,29,1,2430.8,2430.8,2024-02-01
7178,302,8,1,3484.78,3484.78,2024-02-01
10509,443,2,1,3810.25,3810.25,2024-02-01
11126,111,25,1,1905.87,1905.87,2024-02-01
11647,210,3,1,2968.18,2968.18,2024-02-01
1318,119,30,1,328.83,328.83,2024-02-02
1353,13,20,1,1271.23,1271.23,2024-02-02
1540,143,28,1,2129.8,2129.8,2024-02-02
4183,111,9,2,2464.29,4928.58,2024-02-02
4189,192,22,1,687.05,687.05,2024-02-02
6051,456,23,2,1274.76,2549.52,2024-02-02
6768,411,5,1,750.67,750.67,2024-02-02
7599,253,19,1,1812.99,1812.99,2024-02-02
7621,411,32,1,806.52,806.52,2024-02-02
8138,394,6,2,750.58,1501.16,2024-02-02
9067,497,18,1,2170.31,2170.31,2024-02-02
9524,102,32,1,806.52,806.52,2024-02-02
9956,441,31,1,2489.05,2489.05,2024-02-02
11247,392,23,2,1274.76,2549.52,2024-02-02
270,439,7,1,373.62,373.62,2024-02-03
850,371,28,1,2129.8,2129.8,2024-02-03
1858,316,7,1,373.62,373.62,2024-02-03
1885,410,30,1,328.83,328.83,2024-02-03
2431,459,18,3,2170.31,6510.93,2024-02-03
2665,226,20,3,1271.23,3813.69,2024-02-03
3153,263,26,1,3172.93,3172.93,2024-02-03
3817,168,17,1,1321.33,1321.33,2024-02-03
4528,499,21,1,2505.63,2505.63,2024-02-03
5115,356,34,1,3803.21,3803.21,2024-02-03
5569,285,23,1,1274.76,1274.76,2024-02-03
5906,496,11,1,229.25,229.25,2024-02-03
6060,355,21,1,2505.63,2505.63,2024-02-03
6965,119,24,1,1560.49,1560.49,2024-02-03
9125,202,36,1,3262.33,3262.33,2024-02-03
9392,273,1,1,1591.98,1591.98,2024-02-03
9417,308,2,1,3810.25,3810.25,2024-02-03
10239,164,31,1,2489.05,2489.05,2024-02-03
10527,448,17,1,1321.33,1321.33,2024-02-03
11538,367,8,2,3484.78,6969.56,2024-02-03
11667,54,16,1,856.11,856.11,2024-02-03
193,79,34,2,3803.21,7606.42,2024-02-04
1361,176,20,1,1271.23,1271.23,2024-02-04
1489,34,3,1,2968.18,2968.18,2024-02-04
2471,355,10,1,2876.08,2876.08,2024-02-04
3699,478,17,1,1321.33,1321.33,2024-02-04
4078,93,35,1,3867.68,3867.68,2024-02-04
5042,34,34,2,3803.21,7606.42,2024-02-04
5183,290,13,1,3354.9,3354.9,2024-02-04
5530,409,24,1,1560.49,1560.49,2024-02-04
6302,133,8,1,3484.78,3484.78,2024-02-04
7303,255,36,3,3262.33,9786.99,2024-02-04
8289,362,35,1,3867.68,3867.68,2024-02-04
9592,135,35,3,3867.68,11603.04,2024-02-04
10370,39,11,1,229.25,229.25,2024-02-04
10600,296,27,1,918.74,918.74,2024-02-04
11114,427,16,1,856.11,856.11,2024-02-04
11258,278,4,1,2454.84,2454.84,2024-02-04
841,331,18,2,2170.31,4340.62,2024-02-05
2317,391,18,1,2170.31,2170.31,2024-02-05
3960,399,15,1,850.03,850.03,2024-02-05
4266,473,34,2,3803.21,7606.42,2024-02-05
5241,184,18,1,2170.31,2170.31,2024-02-05
6279,141,9,1,2464.29,2464.29,2024-02-05
7762,481,10,1,2876.08,2876.08,2024-02-05
7989,477,2,1,3810.25,3810.25,2024-02-05
8361,438,25,3,1905.87,5717.61,2024-02-05
11378,443,17,2,1321.33,2642.66,2024-02-05
110,322,24,1,1560.49,1560.49,2024-02-06
2164,364,23,2,1274.76,2549.52,2024-02-06
2749,350,4,1,2454.84,2454.84,2024-02-06
3031,436,8,1,3484.78,3484.78,2024-02-06
4686,53,2,1,3810.25,3810.25,2024-02-06
4757,80,23,1,1274.76,1274.76,2024-02-06
5076,41,5,1,750.67,750.67,2024-02-06
5302,357,25,2,1905.87,3811.74,2024-02-06
6059,296,15,1,850.03,850.03,2024-02-06
6476,257,15,1,850.03,850.03,2024-02-06
8564,270,34,1,3803.21,3803.21,2024-02-06
9811,210,7,1,373.62,373.62,2024-02-06
10256,328,4,2,2454.84,4909.68,2024-02-06
10268,152,8,2,3484.78,6969.56,2024-02-06
10363,355,29,2,2430.8,4861.6,2024-02-06
10725,45,15,2,850.03,1700.06,2024-02-06
10839,392,8,2,3484.78,6969.56,2024-02-06
11719,496,21,1,2505.63,2505.63,2024-02-06
84,111,11,2,229.25,458.5,2024-02-07
782,229,24,2,1560.49,3120.98,2024-02-07
794,263,24,1,1560.49,1560.49,2024-02-07
1199,212,10,3,2876.08,8628.24,2024-02-07
1707,157,3,1,2968.18,2968.18,2024-02-07
3420,75,22,1,687.05,687.05,2024-02-07
4820,207,32,2,806.52,1613.04,2024-02-07
5315,453,25,1,1905.87,1905.87,2024-02-07
5328,104,15,1,850.03,850.03,2024-02-07
6214,477,21,2,2505.63,5011.26,2024-02-07
6702,286,5,1,750.67,750.67,2024-02-07
6848,323,18,1,2170.31,2170.31,2024-02-07
7208,38,33,1,400.45,400.45,2024-02-07
7496,469,17,1,1321.33,1321.33,2024-02-07
8383,182,17,1,1321.33,1321.33,2024-02-07
9332,488,10,2,2876.08,5752.16,2024-02-07
9659,257,23,1,1274.76,1274.76,2024-02-07
10447,463,13,1,3354.9,3354.9,2024-02-07
10934,169,34,1,3803.21,3803.21,2024-02-07
11225,427,23,1,1274.76,1274.76,2024-02-07
250,199,7,2,373.62,747.24,2024-02-08
549,434,10,2,2876.08,5752.16,2024-02-08
634,440,3,1,2968.18,2968.18,2024-02-08
1195,206,29,2,2430.8,4861.6,2024-02-08
1204,396,29,1,2430.8,2430.8,2024-02-08
2615,392,28,2,2129.8,4259.6,2024-02-08
2823,474,33,1,400.45,400.45,2024-02-08
2864,18,15,1,850.03,850.03,2024-02-08
3682,81,8,2,3484.78,6969.56,2024-02-08
4282,53,24,3,1560.49,4681.47,2024-02-08
4802,207,13,1,3354.9,3354.9,2024-02-08
5043,356,2,1,3810.25,3810.25,2024-02-08
5253,80,22,2,687.05,1374.1,2024-02-08
7729,77,13,1,3354.9,3354.9,2024-02-08
7866,15,2,1,3810.25,3810.25,2024-02-08
9155,488,14,2,967.51,1935.02,2024-02-08
10156,35,10,1,2876.08,2876.08,2024-02-08
709,376,28,1,2129.8,2129.8,2024-02-09
1071,104,35,2,3867.68,7735.36,2024-02-09
2623,292,9,1,2464.29,2464.29,2024-02-09
3583,450,13,1,3354.9,3354.9,2024-02-09
7548,214,33,1,400.45,400.45,2024-02-09
7970,34,4,2,2454.84,4909.68,2024-02-09
8666,317,10,1,2876.08,2876.08,2024-02-09
9261,27,29,1,2430.8,2430.8,2024-02-09
10430,410,24,1,1560.49,1560.49,2024-02-09
10718,121,25,1,1905.87,1905.87,2024-02-09
10962,348,28,1,2129.8,2129.8,2024-02-09
11137,416,19,1,1812.99,1812.99,2024-02-09
191,237,23,2,1274.76,2549.52,2024-02-10
579,242,20,1,1271.23,1271.23,2024-02-10
1427,99,31,1,2489.05,2489.05,2024-02-10
2080,237,8,1,3484.78,3484.78,2024-02-10
2905,257,32,1,806.52,806.52,2024-02-10
2928,473,23,2,1274.76,2549.52,2024-02-10
3205,366,33,1,400.45,400.45,2024-02-10
3245,67,22,2,687.05,1374.1,2024-02-10
3468,92,6,3,750.58,2251.74,2024-02-10
3531,332,16,1,856.11,856.11,2024-02-10
4135,361,29,1,2430.8,2430.8,2024-02-10
4565,391,21,1,2505.63,2505.63,2024-02-10
5291,15,34,1,3803.21,3803.21,2024-02-10
7675,409,8,1,3484.78,3484.78,2024-02-10
7872,326,11,2,229.25,458.5,2024-02-10
8805,276,10,1,2876.08,2876.08,2024-02-10
9175,436,23,1,1274.76,1274.76,2024-02-10
9212,206,1,1,1591.98,1591.98,2024-02-10
9662,193,35,1,3867.68,3867.68,2024-02-10
10680,118,19,1,1812.99,1812.99,2024-02-10
11427,443,5,2,750.67,1501.34,2024-02-10
11686,473,3,1,2968.18,2968.18,2024-02-10
1069,225,31,1,2489.05,2489.05,2024-02-11
2264,316,10,1,2876.08,2876.08,2024-02-11
3193,463,8,1,3484.78,3484.78,2024-02-11
3454,130,32,2,806.52,1613.04,2024-02-11
4215,189,34,1,3803.21,3803.21,2024-02-11
5377,167,32,1,806.52,806.52,2024-02-11
5527,220,34,2,3803.21,7606.42,2024-02-11
5587,246,22,1,687.05,687.05,2024-02-11
5707,197,34,1,3803.21,3803.21,2024-02-11
6483,220,23,1,1274.76,1274.76,2024-02-11
6583,406,22,2,687.05,1374.1,2024-02-11
6977,496,30,1,328.83,328.83,2024-02-11
8604,278,6,1,750.58,750.58,2024-02-11
8694,290,6,1,750.58,750.58,2024-02-11
9932,127,36,1,3262.33,3262.33,2024-02-11
11466,134,33,1,400.45,400.45,2024-02-11
11806,160,13,2,3354.9,6709.8,2024-02-11
563,115,10,1,2876.08,2876.08,2024-02-12
787,206,14,1,967.51,967.51,2024-02-12
962,270,16,1,856.11,856.11,2024-02-12
1876,213,34,1,3803.21,3803.21,2024-02-12
3335,406,16,1,856.11,856.11,2024-02-12
4546,323,29,1,2430.8,2430.8,2024-02-12
5678,18,30,2,328.83,657.66,2024-02-12
6437,290,35,2,3867.68,7735.36,2024-02-12
6794,27,22,1,687.05,687.05,2024-02-12
7124,156,33,3,400.45,1201.35,2024-02-12
8078,410,7,1,373.62,373.62,2024-02-12
8731,8,7,1,373.62,373.62,2024-02-12
10266,162,16,2,856.11,1712.22,2024-02-12
10652,454,15,2,850.03,1700.06,2024-02-12
480,85,14,3,967.51,2902.53,2024-02-13
827,324,27,1,918.74,918.74,2024-02-13
1153,477,2,1,3810.25,3810.25,2024-02-13
1556,150,27,1,918.74,918.74,2024-02-13
2574,15,19,1,1812.99,1812.99,2024-02-13
3462,176,24,1,1560.49,1560.49,2024-02-13
3797,42,6,3,750.58,2251.74,2024-02-13
4105,249,20,2,1271.23,2542.46,2024-02-13
4560,311,33,1,400.45,400.45,2024-02-13
5782,348,10,1,2876.08,2876.08,2024-02-13
5903,244,30,2,328.83,657.66,2024-02-13
6224,485,21,1,2505.63,2505.63,2024-02-13
7391,94,36,2,3262.33,6524.66,2024-02-13
10102,195,19,1,1812.99,1812.99,2024-02-13
10846,46,20,1,1271.23,1271.23,2024-02-13
75,289,5,1,750.67,750.67,2024-02-14
333,487,36,1,3262.33,3262.33,2024-02-14
646,385,17,1,1321.33,1321.33,2024-02-14
762,285,20,1,1271.23,1271.23,2024-02-14
785,360,15,2,850.03,1700.06,2024-02-14
3260,157,14,2,967.51,1935.02,2024-02-14
3523,420,24,1,1560.49,1560.49,2024-02-14
3596,289,13,1,3354.9,3354.9,2024-02-14
4620,219,21,1,2505.63,2505.63,2024-02-14
5444,275,15,1,850.03,850.03,2024-02-14
5912,487,20,3,1271.23,3813.69,2024-02-14
7258,105,20,2,1271.23,2542.46,2024-02-14
7421,443,22,1,687.05,687.05,2024-02-14
7820,291,6,1,750.58,750.58,2024-02-14
8745,83,6,1,750.58,750.58,2024-02-14
8894,184,36,1,3262.33,3262.33,2024-02-14
8951,389,23,2,1274.76,2549.52,2024-02-14
9700,192,34,1,3803.21,3803.21,2024-02-14
10319,287,10,2,2876.08,5752.16,2024-02-14
11120,124,31,1,2489.05,2489.05,2024-02-14
1367,226,1,2,1591.98,3183.96,2024-02-15
1720,301,17,3,1321.33,3963.99,2024-02-15
2155,99,15,2,850.03,1700.06,2024-02-15
2532,36,10,2,2876.08,5752.16,2024-02-15
4378,320,17,1,1321.33,1321.33,2024-02-15
5526,500,16,2,856.11,1712.22,2024-02-15
7352,116,20,1,1271.23,1271.23,2024-02-15
7718,260,27,2,918.74,1837.48,2024-02-15
7792,315,18,1,2170.31,2170.31,2024-02-15
8922,158,26,1,3172.93,3172.93,2024-02-15
9131,163,8,1,3484.78,3484.78,2024-02-15
10386,472,29,1,2430.8,2430.8,2024-02-15
10484,148,25,1,1905.87,1905.87,2024-02-15
10512,436,15,1,850.03,850.03,2024-02-15
11172,320,19,1,1812.99,1812.99,2024-02-15
11368,188,25,1,1905.87,1905.87,2024-02-15
249,373,6,1,750.58,750.58,2024-02-16
965,172,31,1,2489.05,2489.05,2024-02-16
1040,496,1,2,1591.98,3183.96,2024-02-16
1070,142,24,2,1560.49,3120.98,2024-02-16
1311,443,4,1,2454.84,2454.84,2024-02-16
2934,436,19,1,1812.99,1812.99,2024-02-16
3306,426,23,1,1274.76,1274.76,2024-02-16
4735,13,10,1,2876.08,2876.08,2024-02-16
5335,329,1,1,1591.98,1591.98,2024-02-16
5365,91,11,1,229.25,229.25,2024-02-16
6091,116,10,2,2876.08,5752.16,2024-02-16
6428,356,23,1,1274.76,1274.76,2024-02-16
6608,411,26,2,3172.93,6345.86,2024-02-16
6625,237,14,2,967.51,1935.02,2024-02-16
7054,79,6,1,750.58,750.58,2024-02-16
7143,355,30,1,328.83,328.83,2024-02-16
8119,79,7,1,373.62,373.62,2024-02-16
8767,366,31,1,2489.05,2489.05,2024-02-16
8801,207,25,2,1905.87,3811.74,2024-02-16
9134,331,5,2,750.67,1501.34,2024-02-16
9856,226,16,3,856.11,2568.33,2024-02-16
10139,238,17,1,1321.33,1321.33,2024-02-16
10309,466,32,1,806.52,806.52,2024-02-16
10615,126,8,1,3484.78,3484.78,2024-02-16
10804,104,36,1,3262.33,3262.33,2024-02-16
125,482,16,2,856.11,1712.22,2024-02-17
1562,466,10,1,2876.08,2876.08,2024-02-17
1964,270,10,2,2876.08,5752.16,2024-02-17
2158,443,1,1,1591.98,1591.98,2024-02-17
2178,230,18,1,2170.31,2170.31,2024-02-17
2975,143,35,2,3867.68,7735.36,2024-02-17
3076,392,2,1,3810.25,3810.25,2024-02-17
3467,143,31,2,2489.05,4978.1,2024-02-17
4830,440,20,1,1271.23,1271.23,2024-02-17
6779,483,33,1,400.45,400.45,2024-02-17
7458,45,3,1,2968.18,2968.18,2024-02-17
8370,450,17,1,1321.33,1321.33,2024-02-17
9638,261,8,2,3484.78,6969.56,2024-02-17
11949,279,26,1,3172.93,3172.93,2024-02-17
799,429,25,1,1905.87,1905.87,2024-02-18
1391,496,24,2,1560.49,3120.98,2024-02-18
3871,279,9,1,2464.29,2464.29,2024-02-18
5665,112,21,2,2505.63,5011.26,2024-02-18
6137,27,26,1,3172.93,3172.93,2024-02-18
6605,443,20,1,1271.23,1271.23,2024-02-18
6761,366,26,1,3172.93,3172.93,2024-02-18
7260,57,22,1,687.05,687.05,2024-02-18
9673,183,32,1,806.52,806.52,2024-02-18
9685,104,5,1,750.67,750.67,2024-02-18
1365,147,1,1,1591.98,1591.98,2024-02-19
1963,35,15,1,850.03,850.03,2024-02-19
2456,128,8,2,3484.78,6969.56,2024-02-19
2870,427,34,1,3803.21,3803.21,2024-02-19
2872,119,11,1,229.25,229.25,2024-02-19
2874,27,6,1,750.58,750.58,2024-02-19
3087,92,24,1,1560.49,1560.49,2024-02-19
6532,87,33,1,400.45,400.45,2024-02-19
6988,163,10,1,2876.08,2876.08,2024-02-19
7775,205,30,1,328.83,328.83,2024-02-19
8462,377,30,1,328.83,328.83,2024-02-19
9135,358,20,2,1271.23,2542.46,2024-02-19
9702,80,14,1,967.51,967.51,2024-02-19
11424,56,17,1,1321.33,1321.33,2024-02-19
175,143,6,1,750.58,750.58,2024-02-20
444,229,24,1,1560.49,1560.49,2024-02-20
2268,124,16,1,856.11,856.11,2024-02-20
2497,115,1,1,1591.98,1591.98,2024-02-20
2626,314,1,1,1591.98,1591.98,2024-02-20
2687,436,21,1,2505.63,2505.63,2024-02-20
4196,403,20,2,1271.23,2542.46,2024-02-20
4338,238,34,2,3803.21,7606.42,2024-02-20
4570,278,35,2,3867.68,7735.36,2024-02-20
4664,496,8,1,3484.78,3484.78,2024-02-20
4674,34,3,1,2968.18,2968.18,2024-02-20
6366,126,12,1,3884.15,3884.15,2024-02-20
9635,500,5,1,750.67,750.67,2024-02-20
9789,77,35,2,3867.68,7735.36,2024-02-20
290,191,13,2,3354.9,6709.8,2024-02-21
1005,358,15,1,850.03,850.03,2024-02-21
1168,2,35,1,3867.68,3867.68,2024-02-21
2303,374,27,1,918.74,918.74,2024-02-21
2667,438,19,1,1812.99,1812.99,2024-02-21
2925,324,22,1,687.05,687.05,2024-02-21
3009,411,19,1,1812.99,1812.99,2024-02-21
4323,420,1,1,1591.98,1591.98,2024-02-21
4863,478,30,2,328.83,657.66,2024-02-21
5341,48,24,1,1560.49,1560.49,2024-02-21
9941,217,15,1,850.03,850.03,2024-02-21
11432,148,24,1,1560.49,1560.49,2024-02-21
15,163,13,3,3354.9,10064.7,2024-02-22
392,83,2,2,3810.25,7620.5,2024-02-22
1042,156,29,1,2430.8,2430.8,2024-02-22
1104,118,34,1,3803.21,3803.21,2024-02-22
1423,83,36,2,3262.33,6524.66,2024-02-22
5087,420,16,1,856.11,856.11,2024-02-22
5581,141,26,1,3172.93,3172.93,2024-02-22
6693,396,19,1,1812.99,1812.99,2024-02-22
8675,411,12,2,3884.15,7768.3,2024-02-22
8687,483,28,1,2129.8,2129.8,2024-02-22
8811,496,16,2,856.11,1712.22,2024-02-22
9434,376,36,1,3262.33,3262.33,2024-02-22
10214,116,18,1,2170.31,2170.31,2024-02-22
10543,148,4,1,2454.84,2454.84,2024-02-22
11824,296,25,2,1905.87,3811.74,2024-02-22
317,411,12,1,3884.15,3884.15,2024-02-23
440,138,27,1,918.74,918.74,2024-02-23
593,226,25,1,1905.87,1905.87,2024-02-23
674,477,6,2,750.58,1501.16,2024-02-23
1173,41,35,1,3867.68,3867.68,2024-02-23
1985,32,26,1,3172.93,3172.93,2024-02-23
3665,332,4,1,2454.84,2454.84,2024-02-23
5131,76,21,2,2505.63,5011.26,2024-02-23
5446,289,2,1,3810.25,3810.25,2024-02-23
6316,434,23,1,1274.76,1274.76,2024-02-23
6421,411,5,1,750.67,750.67,2024-02-23
7081,413,17,2,1321.33,2642.66,2024-02-23
7249,483,27,1,918.74,918.74,2024-02-23
7772,207,32,1,806.52,806.52,2024-02-23
7895,290,23,1,1274.76,1274.76,2024-02-23
8280,38,31,2,2489.05,4978.1,2024-02-23
8696,69,33,1,400.45,400.45,2024-02-23
10287,400,28,2,2129.8,4259.6,2024-02-23
10392,86,28,1,2129.8,2129.8,2024-02-23
695,440,27,1,918.74,918.74,2024-02-24
1837,463,6,1,750.58,750.58,2024-02-24
2488,293,33,1,400.45,400.45,2024-02-24
2778,287,22,1,687.05,687.05,2024-02-24
3145,424,19,1,1812.99,1812.99,2024-02-24
4415,72,14,1,967.51,967.51,2024-02-24
4983,382,29,1,2430.8,2430.8,2024-02-24
5827,124,27,1,918.74,918.74,2024-02-24
6028,489,8,1,3484.78,3484.78,2024-02-24
6470,434,30,1,328.83,328.83,2024-02-24
7033,122,2,1,3810.25,3810.25,2024-02-24
8483,236,29,2,2430.8,4861.6,2024-02-24
9810,497,25,1,1905.87,1905.87,2024-02-24
9937,226,30,1,328.83,328.83,2024-02-24
10013,496,31,1,2489.05,2489.05,2024-02-24
10034,207,10,1,2876.08,2876.08,2024-02-24
7,380,23,1,1274.76,1274.76,2024-02-25
2055,290,23,1,1274.76,1274.76,2024-02-25
2503,260,9,1,2464.29,2464.29,2024-02-25
2998,478,36,1,3262.33,3262.33,2024-02-25
3044,379,15,1,850.03,850.03,2024-02-25
3171,146,26,2,3172.93,6345.86,2024-02-25
3285,398,34,2,3803.21,7606.42,2024-02-25
3358,355,2,1,3810.25,3810.25,2024-02-25
3812,22,26,2,3172.93,6345.86,2024-02-25
3940,38,21,2,2505.63,5011.26,2024-02-25
4316,453,33,1,400.45,400.45,2024-02-25
4384,193,14,1,967.51,967.51,2024-02-25
4582,392,15,1,850.03,850.03,2024-02-25
4868,53,26,1,3172.93,3172.93,2024-02-25
5435,55,15,1,850.03,850.03,2024-02-25
5472,429,1,2,1591.98,3183.96,2024-02-25
5604,476,25,1,1905.87,1905.87,2024-02-25
6281,164,20,1,1271.23,1271.23,2024-02-25
6473,226,2,2,3810.25,7620.5,2024-02-25
7375,222,26,1,3172.93,3172.93,2024-02-25
7882,206,16,1,856.11,856.11,2024-02-25
8257,455,31,1,2489.05,2489.05,2024-02-25
9037,205,19,1,1812.99,1812.99,2024-02-25
9104,206,31,2,2489.05,4978.1,2024-02-25
9276,483,28,1,2129.8,2129.8,2024-02-25
9296,418,1,1,1591.98,1591.98,2024-02-25
10019,496,26,1,3172.93,3172.93,2024-02-25
10348,278,27,1,918.74,918.74,2024-02-25
10799,497,33,2,400.45,800.9,2024-02-25
11307,212,15,1,850.03,850.03,2024-02-25
11399,346,36,2,3262.33,6524.66,2024-02-25
463,212,28,1,2129.8,2129.8,2024-02-26
934,364,29,1,2430.8,2430.8,2024-02-26
1293,262,7,2,373.62,747.24,2024-02-26
2114,432,16,1,856.11,856.11,2024-02-26
2142,226,35,1,3867.68,3867.68,2024-02-26
4667,446,13,2,3354.9,6709.8,2024-02-26
5279,349,14,1,967.51,967.51,2024-02-26
5578,92,21,1,2505.63,2505.63,2024-02-26
6227,490,30,2,328.83,657.66,2024-02-26
7309,464,30,1,328.83,328.83,2024-02-26
10021,257,21,1,2505.63,2505.63,2024-02-26
10061,238,21,2,2505.63,5011.26,2024-02-26
10277,69,11,1,229.25,229.25,2024-02-26
11922,303,12,1,3884.15,3884.15,2024-02-26
546,278,18,2,2170.31,4340.62,2024-02-27
1373,191,12,1,3884.15,3884.15,2024-02-27
1547,84,6,2,750.58,1501.16,2024-02-27
2363,40,14,1,967.51,967.51,2024-02-27
2386,483,19,1,1812.99,1812.99,2024-02-27
2650,217,30,2,328.83,657.66,2024-02-27
3534,496,32,1,806.52,806.52,2024-02-27
4062,327,21,1,2505.63,2505.63,2024-02-27
4304,465,33,1,400.45,400.45,2024-02-27
4767,221,14,1,967.51,967.51,2024-02-27
5734,207,22,1,687.05,687.05,2024-02-27
6081,483,8,1,3484.78,3484.78,2024-02-27
6266,343,2,2,3810.25,7620.5,2024-02-27
8276,20,27,2,918.74,1837.48,2024-02-27
8917,496,18,1,2170.31,2170.31,2024-02-27
9029,329,5,1,750.67,750.67,2024-02-27
9092,130,33,1,400.45,400.45,2024-02-27
11146,406,8,1,3484.78,3484.78,2024-02-27
11793,429,30,2,328.83,657.66,2024-02-27
11958,311,11,1,229.25,229.25,2024-02-27
550,270,15,1,850.03,850.03,2024-02-28
832,314,20,1,1271.23,1271.23,2024-02-28
2737,245,28,1,2129.8,2129.8,2024-02-28
3688,341,32,1,806.52,806.52,2024-02-28
5187,238,29,1,2430.8,2430.8,2024-02-28
7371,270,16,3,856.11,2568.33,2024-02-28
7634,438,30,1,328.83,328.83,2024-02-28
8096,43,29,1,2430.8,2430.8,2024-02-28
8508,15,19,1,1812.99,1812.99,2024-02-28
8568,332,4,1,2454.84,2454.84,2024-02-28
10231,497,35,1,3867.68,3867.68,2024-02-28
10312,257,26,1,3172.93,3172.93,2024-02-28
10314,365,21,2,2505.63,5011.26,2024-02-28
10406,17,15,1,850.03,850.03,2024-02-28
11124,237,30,1,328.83,328.83,2024-02-28
1300,115,31,1,2489.05,2489.05,2024-02-29
1406,148,10,1,2876.08,2876.08,2024-02-29
2106,427,22,1,687.05,687.05,2024-02-29
2353,477,11,2,229.25,458.5,2024-02-29
2663,352,8,1,3484.78,3484.78,2024-02-29
5823,66,30,1,328.83,328.83,2024-02-29
6852,201,5,1,750.67,750.67,2024-02-29
7982,268,26,1,3172.93,3172.93,2024-02-29
10299,354,14,1,967.51,967.51,2024-02-29
10454,68,6,1,750.58,750.58,2024-02-29
1487,130,16,1,856.11,856.11,2024-03-01
1903,361,27,2,918.74,1837.48,2024-03-01
1918,213,8,2,3484.78,6969.56,2024-03-01
5908,452,29,1,2430.8,2430.8,2024-03-01
6420,157,31,1,2489.05,2489.05,2024-03-01
8051,80,16,1,856.11,856.11,2024-03-01
8229,340,23,1,1274.76,1274.76,2024-03-01
10243,363,3,2,2968.18,5936.36,2024-03-01
10928,168,16,1,856.11,856.11,2024-03-01
11956,191,29,1,2430.8,2430.8,2024-03-01
384,465,8,1,3484.78,3484.78,2024-03-02
1315,135,17,1,1321.33,1321.33,2024-03-02
1501,466,29,1,2430.8,2430.8,2024-03-02
2081,75,25,1,1905.87,1905.87,2024-03-02
2213,130,10,2,2876.08,5752.16,2024-03-02
4118,241,6,1,750.58,750.58,2024-03-02
4119,468,26,1,3172.93,3172.93,2024-03-02
4411,18,35,1,3867.68,3867.68,2024-03-02
5489,163,7,2,373.62,747.24,2024-03-02
6180,141,26,1,3172.93,3172.93,2024-03-02
6901,150,5,1,750.67,750.67,2024-03-02
7132,498,29,2,2430.8,4861.6,2024-03-02
7353,186,10,1,2876.08,2876.08,2024-03-02
7856,456,29,2,2430.8,4861.6,2024-03-02
9018,488,11,1,229.25,229.25,2024-03-02
9065,497,16,1,856.11,856.11,2024-03-02
9734,349,3,1,2968.18,2968.18,2024-03-02
10377,411,22,1,687.05,687.05,2024-03-02
11683,151,18,1,2170.31,2170.31,2024-03-02
280,448,14,1,967.51,967.51,2024-03-03
338,118,10,1,2876.08,2876.08,2024-03-03
2328,453,29,1,2430.8,2430.8,2024-03-03
2550,271,8,2,3484.78,6969.56,2024-03-03
4207,139,7,2,373.62,747.24,2024-03-03
5081,223,24,1,1560.49,1560.49,2024-03-03
6712,65,17,2,1321.33,2642.66,2024-03-03
6846,397,12,1,3884.15,3884.15,2024-03-03
7093,460,31,1,2489.05,2489.05,2024-03-03
7302,86,2,2,3810.25,7620.5,2024-03-03
8074,283,14,3,967.51,2902.53,2024-03-03
8683,497,11,1,229.25,229.25,2024-03-03
8769,122,36,1,3262.33,3262.33,2024-03-03
10030,86,22,2,687.05,1374.1,2024-03-03
10478,497,17,2,1321.33,2642.66,2024-03-03
10790,408,4,1,2454.84,2454.84,2024-03-03
571,120,18,1,2170.31,2170.31,2024-03-04
1121,270,5,1,750.67,750.67,2024-03-04
1277,366,16,1,856.11,856.11,2024-03-04
2231,383,6,2,750.58,1501.16,2024-03-04
2282,376,3,2,2968.18,5936.36,2024-03-04
2540,317,12,1,3884.15,3884.15,2024-03-04
4450,418,11,1,229.25,229.25,2024-03-04
4980,323,29,2,2430.8,4861.6,2024-03-04
5214,163,21,1,2505.63,2505.63,2024-03-04
6933,34,26,2,3172.93,6345.86,2024-03-04
7307,134,2,2,3810.25,7620.5,2024-03-04
9271,92,34,1,3803.21,3803.21,2024-03-04
10152,496,7,1,373.62,373.62,2024-03-04
10249,148,15,1,850.03,850.03,2024-03-04
242,361,13,1,3354.9,3354.9,2024-03-05
733,389,20,2,1271.23,2542.46,2024-03-05
780,162,6,1,750.58,750.58,2024-03-05
1645,436,25,1,1905.87,1905.87,2024-03-05
1788,331,17,2,1321.33,2642.66,2024-03-05
1949,200,16,1,856.11,856.11,2024-03-05
2976,401,23,2,1274.76,2549.52,2024-03-05
3304,359,36,2,3262.33,6524.66,2024-03-05
3458,327,20,1,1271.23,1271.23,2024-03-05
5309,206,16,2,856.11,1712.22,2024-03-05
5355,57,35,1,3867.68,3867.68,2024-03-05
5605,249,18,1,2170.31,2170.31,2024-03-05
5647,251,4,1,2454.84,2454.84,2024-03-05
10117,38,2,1,3810.25,3810.25,2024-03-05
10823,415,36,1,3262.33,3262.33,2024-03-05
322,496,18,1,2170.31,2170.31,2024-03-06
2133,418,16,1,856.11,856.11,2024-03-06
2728,350,34,1,3803.21,3803.21,2024-03-06
3676,384,26,2,3172.93,6345.86,2024-03-06
3937,362,31,1,2489.05,2489.05,2024-03-06
5348,66,32,1,806.52,806.52,2024-03-06
6192,338,18,1,2170.31,2170.31,2024-03-06
6230,331,35,2,3867.68,7735.36,2024-03-06
6769,273,32,1,806.52,806.52,2024-03-06
7610,377,7,1,373.62,373.62,2024-03-06
7665,111,1,2,1591.98,3183.96,2024-03-06
8068,360,25,2,1905.87,3811.74,2024-03-06
8340,346,36,1,3262.33,3262.33,2024-03-06
9589,301,34,1,3803.21,3803.21,2024-03-06
10151,163,36,2,3262.33,6524.66,2024-03-06
11515,426,17,1,1321.33,1321.33,2024-03-06
11813,244,11,1,229.25,229.25,2024-03-06
2296,111,13,1,3354.9,3354.9,2024-03-07
4693,311,11,2,229.25,458.5,2024-03-07
4904,34,5,1,750.67,750.67,2024-03-07
5996,77,2,1,3810.25,3810.25,2024-03-07
7229,496,28,1,2129.8,2129.8,2024-03-07
7232,377,31,1,2489.05,2489.05,2024-03-07
7891,452,14,2,967.51,1935.02,2024-03-07
8172,496,8,3,3484.78,10454.34,2024-03-07
9119,200,2,1,3810.25,3810.25,2024-03-07
9928,364,15,1,850.03,850.03,2024-03-07
11164,24,26,1,3172.93,3172.93,2024-03-07
346,39,17,2,1321.33,2642.66,2024-03-08
913,355,27,1,918.74,918.74,2024-03-08
2653,149,16,2,856.11,1712.22,2024-03-08
3271,197,23,1,1274.76,1274.76,2024-03-08
4536,45,3,1,2968.18,2968.18,2024-03-08
4929,17,27,2,918.74,1837.48,2024-03-08
5619,107,32,2,806.52,1613.04,2024-03-08
5913,54,5,1,750.67,750.67,2024-03-08
7096,189,21,1,2505.63,2505.63,2024-03-08
7312,162,15,1,850.03,850.03,2024-03-08
7815,402,2,1,3810.25,3810.25,2024-03-08
8436,225,1,2,1591.98,3183.96,2024-03-08
9619,457,25,2,1905.87,3811.74,2024-03-08
9815,40,19,1,1812.99,1812.99,2024-03-08
11878,191,8,1,3484.78,3484.78,2024-03-08
375,340,24,1,1560.49,1560.49,2024-03-09
843,377,33,1,400.45,400.45,2024-03-09
1358,498,26,1,3172.93,3172.93,2024-03-09
1759,480,1,1,1591.98,1591.98,2024-03-09
2583,410,15,1,850.03,850.03,2024-03-09
4418,323,24,2,1560.49,3120.98,2024-03-09
5805,278,21,3,2505.63,7516.89,2024-03-09
7821,443,11,1,229.25,229.25,2024-03-09
8974,25,2,1,3810.25,3810.25,2024-03-09
10202,450,1,1,1591.98,1591.98,2024-03-09
10748,56,27,1,918.74,918.74,2024-03-09
11004,475,36,1,3262.33,3262.33,2024-03-09
11013,104,19,1,1812.99,1812.99,2024-03-09
753,309,2,1,3810.25,3810.25,2024-03-10
1496,495,9,1,2464.29,2464.29,2024-03-10
2076,69,3,1,2968.18,2968.18,2024-03-10
3219,320,22,1,687.05,687.05,2024-03-10
3757,143,34,3,3803.21,11409.63,2024-03-10
4690,392,23,1,1274.76,1274.76,2024-03-10
5933,338,21,1,2505.63,2505.63,2024-03-10
6029,186,7,1,373.62,373.62,2024-03-10
7738,171,24,3,1560.49,4681.47,2024-03-10
8756,418,11,1,229.25,229.25,2024-03-10
9197,77,8,1,3484.78,3484.78,2024-03-10
10125,446,23,1,1274.76,1274.76,2024-03-10
10138,497,17,1,1321.33,1321.33,2024-03-10
112,203,21,1,2505.63,2505.63,2024-03-11
294,386,32,1,806.52,806.52,2024-03-11
1316,124,28,2,2129.8,4259.6,2024-03-11
2180,85,1,2,1591.98,3183.96,2024-03-11
3565,362,33,1,400.45,400.45,2024-03-11
4028,355,34,1,3803.21,3803.21,2024-03-11
4150,213,30,1,328.83,328.83,2024-03-11
7380,181,27,1,918.74,918.74,2024-03-11
7648,237,5,1,750.67,750.67,2024-03-11
9285,483,11,1,229.25,229.25,2024-03-11
9758,432,33,1,400.45,400.45,2024-03-11
52,356,24,2,1560.49,3120.98,2024-03-12
3374,130,21,1,2505.63,2505.63,2024-03-12
4948,161,5,1,750.67,750.67,2024-03-12
5222,328,8,1,3484.78,3484.78,2024-03-12
5266,18,30,2,328.83,657.66,2024-03-12
5979,226,14,1,967.51,967.51,2024-03-12
6841,410,15,1,850.03,850.03,2024-03-12
7147,423,18,1,2170.31,2170.31,2024-03-12
7626,301,34,1,3803.21,3803.21,2024-03-12
7893,432,25,2,1905.87,3811.74,2024-03-12
8034,15,2,1,3810.25,3810.25,2024-03-12
8874,376,13,2,3354.9,6709.8,2024-03-12
9664,496,8,1,3484.78,3484.78,2024-03-12
11665,391,11,1,229.25,229.25,2024-03-12
2064,311,31,1,2489.05,2489.05,2024-03-13
2783,454,34,1,3803.21,3803.21,2024-03-13
3289,500,21,1,2505.63,2505.63,2024-03-13
4200,212,33,1,400.45,400.45,2024-03-13
4216,322,4,2,2454.84,4909.68,2024-03-13
4860,288,35,1,3867.68,3867.68,2024-03-13
4917,156,3,1,2968.18,2968.18,2024-03-13
5243,159,10,1,2876.08,2876.08,2024-03-13
5454,278,12,2,3884.15,7768.3,2024-03-13
5566,396,1,1,1591.98,1591.98,2024-03-13
6536,483,9,1,2464.29,2464.29,2024-03-13
7968,438,24,1,1560.49,1560.49,2024-03-13
8411,202,17,1,1321.33,1321.33,2024-03-13
10207,436,29,1,2430.8,2430.8,2024-03-13
11672,34,11,1,229.25,229.25,2024-03-13
478,257,17,1,1321.33,1321.33,2024-03-14
3282,85,29,2,2430.8,4861.6,2024-03-14
3912,8,34,2,3803.21,7606.42,2024-03-14
4065,406,34,1,3803.21,3803.21,2024-03-14
4360,316,29,1,2430.8,2430.8,2024-03-14
5009,393,35,1,3867.68,3867.68,2024-03-14
5327,289,29,3,2430.8,7292.4,2024-03-14
7546,271,26,1,3172.93,3172.93,2024-03-14
7950,77,30,1,328.83,328.83,2024-03-14
8246,191,8,1,3484.78,3484.78,2024-03-14
8876,396,7,2,373.62,747.24,2024-03-14
10191,152,24,2,1560.49,3120.98,2024-03-14
11347,34,13,2,3354.9,6709.8,2024-03-14
984,182,31,1,2489.05,2489.05,2024-03-15
1310,471,19,1,1812.99,1812.99,2024-03-15
1428,18,36,1,3262.33,3262.33,2024-03-15
2073,272,24,2,1560.49,3120.98,2024-03-15
2404,292,28,1,2129.8,2129.8,2024-03-15
3214,377,23,1,1274.76,1274.76,2024-03-15
3363,492,29,1,2430.8,2430.8,2024-03-15
3735,328,20,1,1271.23,1271.23,2024-03-15
5242,370,13,1,3354.9,3354.9,2024-03-15
6417,411,31,2,2489.05,4978.1,2024-03-15
7292,446,36,1,3262.33,3262.33,2024-03-15
7721,177,6,2,750.58,1501.16,2024-03-15
9236,457,24,2,1560.49,3120.98,2024-03-15
9608,35,13,2,3354.9,6709.8,2024-03-15
10157,40,4,3,2454.84,7364.52,2024-03-15
10252,461,1,1,1591.98,1591.98,2024-03-15
11826,280,36,1,3262.33,3262.33,2024-03-15
154,12,14,1,967.51,967.51,2024-03-16
343,158,26,1,3172.93,3172.93,2024-03-16
883,428,25,3,1905.87,5717.61,2024-03-16
920,246,17,2,1321.33,2642.66,2024-03-16
1049,392,14,1,967.51,967.51,2024-03-16
1698,485,24,2,1560.49,3120.98,2024-03-16
2470,429,12,1,3884.15,3884.15,2024-03-16
2475,420,25,1,1905.87,1905.87,2024-03-16
5468,379,32,1,806.52,806.52,2024-03-16
7409,244,8,1,3484.78,3484.78,2024-03-16
9039,129,35,1,3867.68,3867.68,2024-03-16
9511,18,4,1,2454.84,2454.84,2024-03-16
10616,440,36,1,3262.33,3262.33,2024-03-16
10857,191,30,1,328.83,328.83,2024-03-16
11710,411,2,1,3810.25,3810.25,2024-03-16
11966,83,3,2,2968.18,5936.36,2024-03-16
97,39,36,1,3262.33,3262.33,2024-03-17
833,444,7,1,373.62,373.62,2024-03-17
1490,382,31,1,2489.05,2489.05,2024-03-17
1563,212,36,1,3262.33,3262.33,2024-03-17
2228,296,13,3,3354.9,10064.7,2024-03-17
2243,396,36,1,3262.33,3262.33,2024-03-17
2294,455,28,1,2129.8,2129.8,2024-03-17
2478,487,36,1,3262.33,3262.33,2024-03-17
2916,151,13,2,3354.9,6709.8,2024-03-17
3006,276,29,2,2430.8,4861.6,2024-03-17
7270,488,7,1,373.62,373.62,2024-03-17
8398,8,21,1,2505.63,2505.63,2024-03-17
8537,216,9,1,2464.29,2464.29,2024-03-17
8737,315,14,1,967.51,967.51,2024-03-17
8774,230,32,2,806.52,1613.04,2024-03-17
9182,157,25,1,1905.87,1905.87,2024-03-17
10223,128,24,1,1560.49,1560.49,2024-03-17
10710,286,3,1,2968.18,2968.18,2024-03-17
11943,19,4,1,2454.84,2454.84,2024-03-17
214,134,3,1,2968.18,2968.18,2024-03-18
1584,150,3,1,2968.18,2968.18,2024-03-18
1934,444,25,1,1905.87,1905.87,2024-03-18
3410,309,30,1,328.83,328.83,2024-03-18
6132,390,15,1,850.03,850.03,2024-03-18
7533,474,29,3,2430.8,7292.4,2024-03-18
509,418,35,1,3867.68,3867.68,2024-03-19
553,411,24,1,1560.49,1560.49,2024-03-19
857,271,11,1,229.25,229.25,2024-03-19
1573,278,6,1,750.58,750.58,2024-03-19
1651,396,5,1,750.67,750.67,2024-03-19
2137,98,30,1,328.83,328.83,2024-03-19
3409,472,30,2,328.83,657.66,2024-03-19
3501,257,34,1,3803.21,3803.21,2024-03-19
5096,328,13,1,3354.9,3354.9,2024-03-19
5627,121,23,1,1274.76,1274.76,2024-03-19
5835,328,34,3,3803.21,11409.63,2024-03-19
5877,251,6,1,750.58,750.58,2024-03-19
6037,34,29,2,2430.8,4861.6,2024-03-19
6506,213,28,1,2129.8,2129.8,2024-03-19
6607,32,2,1,3810.25,3810.25,2024-03-19
7710,108,26,1,3172.93,3172.93,2024-03-19
8503,245,4,1,2454.84,2454.84,2024-03-19
9049,397,6,2,750.58,1501.16,2024-03-19
9514,410,14,1,967.51,967.51,2024-03-19
9844,137,19,1,1812.99,1812.99,2024-03-19
10313,353,7,1,373.62,373.62,2024-03-19
10328,197,1,2,1591.98,3183.96,2024-03-19
10560,279,29,1,2430.8,2430.8,2024-03-19
10856,270,19,1,1812.99,1812.99,2024-03-19
11467,92,31,1,2489.05,2489.05,2024-03-19
484,137,1,1,1591.98,1591.98,2024-03-20
628,410,9,1,2464.29,2464.29,2024-03-20
1995,442,3,1,2968.18,2968.18,2024-03-20
2169,106,27,2,918.74,1837.48,2024-03-20
3484,392,30,2,328.83,657.66,2024-03-20
4293,95,8,2,3484.78,6969.56,2024-03-20
5061,198,12,3,3884.15,11652.45,2024-03-20
5899,410,8,1,3484.78,3484.78,2024-03-20
6939,500,24,1,1560.49,1560.49,2024-03-20
7176,77,8,1,3484.78,3484.78,2024-03-20
7756,358,24,2,1560.49,3120.98,2024-03-20
8430,130,10,1,2876.08,2876.08,2024-03-20
9098,373,1,1,1591.98,1591.98,2024-03-20
9112,242,3,1,2968.18,2968.18,2024-03-20
9314,326,34,1,3803.21,3803.21,2024-03-20
9502,343,30,1,328.83,328.83,2024-03-20
10491,301,22,1,687.05,687.05,2024-03-20
10532,156,34,2,3803.21,7606.42,2024-03-20
11362,396,25,1,1905.87,1905.87,2024-03-20
139,391,35,1,3867.68,3867.68,2024-03-21
504,39,35,2,3867.68,7735.36,2024-03-21
814,453,2,1,3810.25,3810.25,2024-03-21
941,329,4,1,2454.84,2454.84,2024-03-21
1155,104,1,2,1591.98,3183.96,2024-03-21
1531,326,28,1,2129.8,2129.8,2024-03-21
2576,18,36,1,3262.33,3262.33,2024-03-21
3017,172,5,2,750.67,1501.34,2024-03-21
3791,134,16,1,856.11,856.11,2024-03-21
3899,105,3,2,2968.18,5936.36,2024-03-21
4303,175,21,1,2505.63,2505.63,2024-03-21
4882,204,3,1,2968.18,2968.18,2024-03-21
5053,496,33,3,400.45,1201.35,2024-03-21
5895,317,17,1,1321.33,1321.33,2024-03-21
6636,8,4,2,2454.84,4909.68,2024-03-21
7541,270,7,1,373.62,373.62,2024-03-21
7907,147,24,1,1560.49,1560.49,2024-03-21
9047,184,14,2,967.51,1935.02,2024-03-21
9466,217,32,1,806.52,806.52,2024-03-21
10209,206,19,1,1812.99,1812.99,2024-03-21
10353,269,31,1,2489.05,2489.05,2024-03-21
10531,487,33,2,400.45,800.9,2024-03-21
10708,432,32,1,806.52,806.52,2024-03-21
11475,16,3,2,2968.18,5936.36,2024-03-21
11540,343,33,1,400.45,400.45,2024-03-21
716,383,25,1,1905.87,1905.87,2024-03-22
3680,468,31,1,2489.05,2489.05,2024-03-22
3913,167,24,2,1560.49,3120.98,2024-03-22
4015,278,17,1,1321.33,1321.33,2024-03-22
4204,497,15,1,850.03,850.03,2024-03-22
4653,497,36,1,3262.33,3262.33,2024-03-22
6596,440,1,2,1591.98,3183.96,2024-03-22
7855,497,34,1,3803.21,3803.21,2024-03-22
7921,467,22,2,687.05,1374.1,2024-03-22
8062,278,17,1,1321.33,1321.33,2024-03-22
8502,80,33,1,400.45,400.45,2024-03-22
9670,336,35,1,3867.68,3867.68,2024-03-22
10456,34,34,1,3803.21,3803.21,2024-03-22
10558,392,26,2,3172.93,6345.86,2024-03-22
11482,500,8,1,3484.78,3484.78,2024-03-22
11792,302,24,1,1560.49,1560.49,2024-03-22
103,368,19,2,1812.99,3625.98,2024-03-23
344,164,19,1,1812.99,1812.99,2024-03-23
1331,237,11,2,229.25,458.5,2024-03-23
2799,334,15,2,850.03,1700.06,2024-03-23
5386,257,15,1,850.03,850.03,2024-03-23
5623,124,10,1,2876.08,2876.08,2024-03-23
6304,471,1,1,1591.98,1591.98,2024-03-23
8009,404,18,1,2170.31,2170.31,2024-03-23
9953,453,34,1,3803.21,3803.21,2024-03-23
10261,20,17,2,1321.33,2642.66,2024-03-23
11621,83,33,1,400.45,400.45,2024-03-23
701,137,12,1,3884.15,3884.15,2024-03-24
964,402,24,1,1560.49,1560.49,2024-03-24
1270,398,17,1,1321.33,1321.33,2024-03-24
2518,366,18,1,2170.31,2170.31,2024-03-24
3402,464,5,1,750.67,750.67,2024-03-24
6931,436,22,2,687.05,1374.1,2024-03-24
7173,499,23,1,1274.76,1274.76,2024-03-24
7472,281,35,1,3867.68,3867.68,2024-03-24
8126,93,15,2,850.03,1700.06,2024-03-24
9288,252,10,1,2876.08,2876.08,2024-03-24
10580,52,10,2,2876.08,5752.16,2024-03-24
10950,30,18,1,2170.31,2170.31,2024-03-24
11198,99,33,2,400.45,800.9,2024-03-24
812,16,24,1,1560.49,1560.49,2024-03-25
1853,483,24,1,1560.49,1560.49,2024-03-25
1981,216,18,1,2170.31,2170.31,2024-03-25
5093,104,9,2,2464.29,4928.58,2024-03-25
5965,472,33,1,400.45,400.45,2024-03-25
6329,355,35,1,3867.68,3867.68,2024-03-25
7535,21,3,2,2968.18,5936.36,2024-03-25
7739,436,26,1,3172.93,3172.93,2024-03-25
8311,212,18,1,2170.31,2170.31,2024-03-25
8638,429,14,1,967.51,967.51,2024-03-25
11143,376,17,2,1321.33,2642.66,2024-03-25
11387,328,4,1,2454.84,2454.84,2024-03-25
683,296,31,1,2489.05,2489.05,2024-03-26
2096,280,6,1,750.58,750.58,2024-03-26
3608,446,7,1,373.62,373.62,2024-03-26
3944,411,8,1,3484.78,3484.78,2024-03-26
5539,463,6,1,750.58,750.58,2024-03-26
5723,415,3,1,2968.18,2968.18,2024-03-26
6228,45,31,2,2489.05,4978.1,2024-03-26
6592,417,30,1,328.83,328.83,2024-03-26
6626,333,33,1,400.45,400.45,2024-03-26
7111,478,20,2,1271.23,2542.46,2024-03-26
7937,77,13,1,3354.9,3354.9,2024-03-26
8407,368,13,1,3354.9,3354.9,2024-03-26
8897,270,11,1,229.25,229.25,2024-03-26
9002,458,16,1,856.11,856.11,2024-03-26
9283,62,9,1,2464.29,2464.29,2024-03-26
10627,303,16,1,856.11,856.11,2024-03-26
10912,118,21,2,2505.63,5011.26,2024-03-26
10920,119,30,1,328.83,328.83,2024-03-26
11169,197,30,2,328.83,657.66,2024-03-26
11831,434,18,2,2170.31,4340.62,2024-03-26
439,443,13,1,3354.9,3354.9,2024-03-27
575,131,26,1,3172.93,3172.93,2024-03-27
1635,343,33,1,400.45,400.45,2024-03-27
1812,406,18,3,2170.31,6510.93,2024-03-27
2039,273,8,1,3484.78,3484.78,2024-03-27
2221,196,33,1,400.45,400.45,2024-03-27
2290,175,13,2,3354.9,6709.8,2024-03-27
3949,306,16,1,856.11,856.11,2024-03-27
5016,418,34,1,3803.21,3803.21,2024-03-27
5297,140,32,1,806.52,806.52,2024-03-27
6346,104,3,1,2968.18,2968.18,2024-03-27
6842,438,33,2,400.45,800.9,2024-03-27
7050,376,26,1,3172.93,3172.93,2024-03-27
7511,355,25,2,1905.87,3811.74,2024-03-27
7513,314,28,2,2129.8,4259.6,2024-03-27
8362,51,27,1,918.74,918.74,2024-03-27
8509,495,25,2,1905.87,3811.74,2024-03-27
8578,316,25,1,1905.87,1905.87,2024-03-27
8950,257,14,1,967.51,967.51,2024-03-27
9779,246,4,1,2454.84,2454.84,2024-03-27
10020,496,19,1,1812.99,1812.99,2024-03-27
10376,119,5,1,750.67,750.67,2024-03-27
10855,115,12,1,3884.15,3884.15,2024-03-27
11452,210,4,1,2454.84,2454.84,2024-03-27
377,126,18,1,2170.31,2170.31,2024-03-28
1599,215,35,1,3867.68,3867.68,2024-03-28
1713,119,31,1,2489.05,2489.05,2024-03-28
1748,278,31,2,2489.05,4978.1,2024-03-28
2543,210,8,2,3484.78,6969.56,2024-03-28
3342,311,28,2,2129.8,4259.6,2024-03-28
3545,427,17,2,1321.33,2642.66,2024-03-28
4342,50,6,2,750.58,1501.16,2024-03-28
4382,345,32,1,806.52,806.52,2024-03-28
4611,483,35,2,3867.68,7735.36,2024-03-28
6407,446,32,1,806.52,806.52,2024-03-28
6820,500,1,1,1591.98,1591.98,2024-03-28
7028,440,13,1,3354.9,3354.9,2024-03-28
7301,186,26,1,3172.93,3172.93,2024-03-28
8064,240,21,1,2505.63,2505.63,2024-03-28
8907,313,29,2,2430.8,4861.6,2024-03-28
9128,310,34,2,3803.21,7606.42,2024-03-28
9246,119,13,1,3354.9,3354.9,2024-03-28
10425,409,20,1,1271.23,1271.23,2024-03-28
912,270,31,2,2489.05,4978.1,2024-03-29
2028,14,11,3,229.25,687.75,2024-03-29
2108,184,33,1,400.45,400.45,2024-03-29
3313,220,24,1,1560.49,1560.49,2024-03-29
3706,497,32,2,806.52,1613.04,2024-03-29
4793,20,31,1,2489.05,2489.05,2024-03-29
4869,241,14,1,967.51,967.51,2024-03-29
5195,81,17,1,1321.33,1321.33,2024-03-29
5506,377,17,1,1321.33,1321.33,2024-03-29
5758,28,24,1,1560.49,1560.49,2024-03-29
6673,233,4,2,2454.84,4909.68,2024-03-29
9949,362,26,1,3172.93,3172.93,2024-03-29
10180,130,23,1,1274.76,1274.76,2024-03-29
10704,332,10,1,2876.08,2876.08,2024-03-29
11188,17,29,1,2430.8,2430.8,2024-03-29
887,500,23,1,1274.76,1274.76,2024-03-30
1616,467,15,3,850.03,2550.09,2024-03-30
1889,210,28,1,2129.8,2129.8,2024-03-30
2329,69,6,1,750.58,750.58,2024-03-30
2507,162,3,2,2968.18,5936.36,2024-03-30
2584,34,18,1,2170.31,2170.31,2024-03-30
4673,303,13,1,3354.9,3354.9,2024-03-30
4707,124,4,2,2454.84,4909.68,2024-03-30
4828,185,23,1,1274.76,1274.76,2024-03-30
5622,496,1,1,1591.98,1591.98,2024-03-30
5727,436,13,1,3354.9,3354.9,2024-03-30
5746,101,26,1,3172.93,3172.93,2024-03-30
8141,310,7,2,373.62,747.24,2024-03-30
8185,370,21,1,2505.63,2505.63,2024-03-30
8358,222,31,1,2489.05,2489.05,2024-03-30
8498,403,35,1,3867.68,3867.68,2024-03-30
8725,184,28,1,2129.8,2129.8,2024-03-30
9191,186,25,1,1905.87,1905.87,2024-03-30
9376,346,20,3,1271.23,3813.69,2024-03-30
496,35,36,1,3262.33,3262.33,2024-03-31
2447,122,19,1,1812.99,1812.99,2024-03-31
2812,433,23,2,1274.76,2549.52,2024-03-31
3022,33,5,1,750.67,750.67,2024-03-31
3675,443,7,1,373.62,373.62,2024-03-31
4433,373,11,1,229.25,229.25,2024-03-31
5056,45,7,1,373.62,373.62,2024-03-31
5408,147,23,1,1274.76,1274.76,2024-03-31
5765,135,27,1,918.74,918.74,2024-03-31
7020,420,15,1,850.03,850.03,2024-03-31
9693,225,21,2,2505.63,5011.26,2024-03-31
10001,454,30,1,328.83,328.83,2024-03-31
10743,99,17,1,1321.33,1321.33,2024-03-31
11184,261,35,2,3867.68,7735.36,2024-03-31
11974,496,2,1,3810.25,3810.25,2024-03-31
1190,315,19,3,1812.99,5438.97,2024-04-01
1626,322,18,1,2170.31,2170.31,2024-04-01
2008,232,23,1,1274.76,1274.76,2024-04-01
2642,13,11,2,229.25,458.5,2024-04-01
3985,266,5,1,750.67,750.67,2024-04-01
4111,278,18,1,2170.31,2170.31,2024-04-01
4365,429,28,1,2129.8,2129.8,2024-04-01
5390,379,20,2,1271.23,2542.46,2024-04-01
6361,45,29,1,2430.8,2430.8,2024-04-01
6373,251,33,1,400.45,400.45,2024-04-01
6446,131,35,1,3867.68,3867.68,2024-04-01
6546,198,34,1,3803.21,3803.21,2024-04-01
7071,428,2,1,3810.25,3810.25,2024-04-01
8021,30,15,1,850.03,850.03,2024-04-01
8187,58,23,1,1274.76,1274.76,2024-04-01
9378,3,16,1,856.11,856.11,2024-04-01
9895,197,11,1,229.25,229.25,2024-04-01
117,437,36,1,3262.33,3262.33,2024-04-02
197,59,27,1,918.74,918.74,2024-04-02
221,478,16,3,856.11,2568.33,2024-04-02
555,426,17,1,1321.33,1321.33,2024-04-02
1019,193,16,1,856.11,856.11,2024-04-02
2260,223,32,1,806.52,806.52,2024-04-02
2385,427,18,2,2170.31,4340.62,2024-04-02
2914,316,3,1,2968.18,2968.18,2024-04-02
3437,396,12,1,3884.15,3884.15,2024-04-02
4051,373,17,1,1321.33,1321.33,2024-04-02
4330,291,9,2,2464.29,4928.58,2024-04-02
4588,39,20,1,1271.23,1271.23,2024-04-02
4602,213,9,1,2464.29,2464.29,2024-04-02
5282,162,19,3,1812.99,5438.97,2024-04-02
5549,230,9,2,2464.29,4928.58,2024-04-02
5923,213,27,1,918.74,918.74,2024-04-02
6234,191,4,2,2454.84,4909.68,2024-04-02
6247,482,4,1,2454.84,2454.84,2024-04-02
6574,474,9,1,2464.29,2464.29,2024-04-02
7200,158,34,1,3803.21,3803.21,2024-04-02
8167,91,4,3,2454.84,7364.52,2024-04-02
8980,305,12,1,3884.15,3884.15,2024-04-02
10819,226,18,1,2170.31,2170.31,2024-04-02
11186,254,23,2,1274.76,2549.52,2024-04-02
11240,85,31,1,2489.05,2489.05,2024-04-02
11308,151,10,1,2876.08,2876.08,2024-04-02
11321,453,2,1,3810.25,3810.25,2024-04-02
286,157,18,1,2170.31,2170.31,2024-04-03
376,124,3,2,2968.18,5936.36,2024-04-03
429,115,23,1,1274.76,1274.76,2024-04-03
690,463,11,2,229.25,458.5,2024-04-03
1290,143,1,1,1591.98,1591.98,2024-04-03
1610,5,27,2,918.74,1837.48,2024-04-03
3035,237,30,1,328.83,328.83,2024-04-03
3670,91,28,2,2129.8,4259.6,2024-04-03
4115,498,14,1,967.51,967.51,2024-04-03
4607,317,7,1,373.62,373.62,2024-04-03
7062,57,30,1,328.83,328.83,2024-04-03
7676,448,26,1,3172.93,3172.93,2024-04-03
7782,159,18,1,2170.31,2170.31,2024-04-03
7900,195,35,1,3867.68,3867.68,2024-04-03
8674,497,25,1,1905.87,1905.87,2024-04-03
11053,252,36,1,3262.33,3262.33,2024-04-03
11811,496,25,1,1905.87,1905.87,2024-04-03
1420,482,27,1,918.74,918.74,2024-04-04
2301,243,6,1,750.58,750.58,2024-04-04
3226,180,29,1,2430.8,2430.8,2024-04-04
4804,205,29,2,2430.8,4861.6,2024-04-04
5186,32,24,1,1560.49,1560.49,2024-04-04
6143,385,32,1,806.52,806.52,2024-04-04
6540,221,10,2,2876.08,5752.16,2024-04-04
6932,304,17,1,1321.33,1321.33,2024-04-04
8004,143,28,3,2129.8,6389.4,2024-04-04
9085,84,10,1,2876.08,2876.08,2024-04-04
9297,205,30,1,328.83,328.83,2024-04-04
9555,483,16,1,856.11,856.11,2024-04-04
9726,286,7,2,373.62,747.24,2024-04-04
10302,498,32,2,806.52,1613.04,2024-04-04
11217,22,14,1,967.51,967.51,2024-04-04
31,191,17,3,1321.33,3963.99,2024-04-05
378,331,25,1,1905.87,1905.87,2024-04-05
615,246,1,1,1591.98,1591.98,2024-04-05
950,94,2,1,3810.25,3810.25,2024-04-05
1541,221,15,1,850.03,850.03,2024-04-05
1936,222,33,1,400.45,400.45,2024-04-05
1945,143,19,1,1812.99,1812.99,2024-04-05
1979,238,21,1,2505.63,2505.63,2024-04-05
2480,205,36,1,3262.33,3262.33,2024-04-05
2942,249,26,1,3172.93,3172.93,2024-04-05
3587,368,24,1,1560.49,1560.49,2024-04-05
3768,289,18,2,2170.31,4340.62,2024-04-05
4687,151,30,1,328.83,328.83,2024-04-05
4886,57,25,1,1905.87,1905.87,2024-04-05
6582,271,27,2,918.74,1837.48,2024-04-05
6886,141,28,1,2129.8,2129.8,2024-04-05
8505,85,20,1,1271.23,1271.23,2024-04-05
8858,331,4,1,2454.84,2454.84,2024-04-05
9161,290,15,2,850.03,1700.06,2024-04-05
9501,440,24,1,1560.49,1560.49,2024-04-05
10882,475,34,1,3803.21,3803.21,2024-04-05
2276,442,9,2,2464.29,4928.58,2024-04-06
4081,214,14,1,967.51,967.51,2024-04-06
4281,383,5,2,750.67,1501.34,2024-04-06
5840,161,25,1,1905.87,1905.87,2024-04-06
6614,355,30,1,328.83,328.83,2024-04-06
9193,232,5,1,750.67,750.67,2024-04-06
9832,126,13,1,3354.9,3354.9,2024-04-06
9865,483,33,1,400.45,400.45,2024-04-06
11454,32,16,1,856.11,856.11,2024-04-06
371,188,2,1,3810.25,3810.25,2024-04-07
1554,225,31,1,2489.05,2489.05,2024-04-07
2223,360,3,1,2968.18,2968.18,2024-04-07
2933,212,34,1,3803.21,3803.21,2024-04-07
2988,206,34,1,3803.21,3803.21,2024-04-07
3936,17,28,1,2129.8,2129.8,2024-04-07
4298,418,2,1,3810.25,3810.25,2024-04-07
5417,141,25,1,1905.87,1905.87,2024-04-07
6145,420,33,1,400.45,400.45,2024-04-07
6418,30,3,2,2968.18,5936.36,2024-04-07
7296,474,25,1,1905.87,1905.87,2024-04-07
7693,267,29,1,2430.8,2430.8,2024-04-07
7831,323,10,1,2876.08,2876.08,2024-04-07
8454,498,21,2,2505.63,5011.26,2024-04-07
9666,79,9,1,2464.29,2464.29,2024-04-07
10866,392,9,1,2464.29,2464.29,2024-04-07
10913,287,36,2,3262.33,6524.66,2024-04-07
380,184,34,2,3803.21,7606.42,2024-04-08
1522,373,17,2,1321.33,2642.66,2024-04-08
2496,497,34,2,3803.21,7606.42,2024-04-08
3265,412,5,2,750.67,1501.34,2024-04-08
3578,164,19,1,1812.99,1812.99,2024-04-08
3878,195,8,1,3484.78,3484.78,2024-04-08
5849,360,35,1,3867.68,3867.68,2024-04-08
5915,162,32,1,806.52,806.52,2024-04-08
6036,270,24,1,1560.49,1560.49,2024-04-08
7318,15,33,1,400.45,400.45,2024-04-08
7790,415,27,1,918.74,918.74,2024-04-08
8277,263,29,1,2430.8,2430.8,2024-04-08
9986,412,13,1,3354.9,3354.9,2024-04-08
10143,459,16,1,856.11,856.11,2024-04-08
10769,80,25,1,1905.87,1905.87,2024-04-08
188,267,11,1,229.25,229.25,2024-04-09
253,156,19,1,1812.99,1812.99,2024-04-09
1004,168,16,1,856.11,856.11,2024-04-09
1058,6,34,1,3803.21,3803.21,2024-04-09
2512,355,22,1,687.05,687.05,2024-04-09
2762,443,35,1,3867.68,3867.68,2024-04-09
3054,32,25,1,1905.87,1905.87,2024-04-09
4219,273,14,1,967.51,967.51,2024-04-09
5153,53,25,1,1905.87,1905.87,2024-04-09
5343,46,12,1,3884.15,3884.15,2024-04-09
7277,238,26,1,3172.93,3172.93,2024-04-09
8033,18,11,2,229.25,458.5,2024-04-09
8079,30,36,2,3262.33,6524.66,2024-04-09
8253,86,9,1,2464.29,2464.29,2024-04-09
8710,92,15,1,850.03,850.03,2024-04-09
9187,85,16,1,856.11,856.11,2024-04-09
9331,455,25,1,1905.87,1905.87,2024-04-09
10052,58,18,1,2170.31,2170.31,2024-04-09
10639,473,7,2,373.62,747.24,2024-04-09
11567,350,28,1,2129.8,2129.8,2024-04-09
11708,360,22,1,687.05,687.05,2024-04-09
119,301,15,1,850.03,850.03,2024-04-10
1455,148,31,1,2489.05,2489.05,2024-04-10
1728,285,17,1,1321.33,1321.33,2024-04-10
4816,210,30,1,328.83,328.83,2024-04-10
5175,184,19,2,1812.99,3625.98,2024-04-10
6927,467,27,2,918.74,1837.48,2024-04-10
7544,301,33,1,400.45,400.45,2024-04-10
8444,361,29,3,2430.8,7292.4,2024-04-10
9788,157,9,1,2464.29,2464.29,2024-04-10
9962,288,9,1,2464.29,2464.29,2024-04-10
11822,355,22,1,687.05,687.05,2024-04-10
276,385,22,2,687.05,1374.1,2024-04-11
361,349,21,1,2505.63,2505.63,2024-04-11
1965,241,19,1,1812.99,1812.99,2024-04-11
3873,74,1,2,1591.98,3183.96,2024-04-11
4188,402,19,1,1812.99,1812.99,2024-04-11
5934,213,26,1,3172.93,3172.93,2024-04-11
5944,27,7,1,373.62,373.62,2024-04-11
6027,108,26,1,3172.93,3172.93,2024-04-11
6807,186,3,1,2968.18,2968.18,2024-04-11
7064,392,10,1,2876.08,2876.08,2024-04-11
8332,442,35,1,3867.68,3867.68,2024-04-11
8461,263,14,1,967.51,967.51,2024-04-11
8736,290,17,1,1321.33,1321.33,2024-04-11
9375,483,21,2,2505.63,5011.26,2024-04-11
9445,118,17,2,1321.33,2642.66,2024-04-11
11786,232,13,1,3354.9,3354.9,2024-04-11
90,254,23,1,1274.76,1274.76,2024-04-12
1174,473,8,1,3484.78,3484.78,2024-04-12
1177,195,18,1,2170.31,2170.31,2024-04-12
2029,99,25,1,1905.87,1905.87,2024-04-12
2360,31,5,1,750.67,750.67,2024-04-12
2603,104,26,2,3172.93,6345.86,2024-04-12
2926,411,2,1,3810.25,3810.25,2024-04-12
3371,440,1,2,1591.98,3183.96,2024-04-12
3658,266,27,1,918.74,918.74,2024-04-12
5379,35,22,1,687.05,687.05,2024-04-12
6122,196,18,1,2170.31,2170.31,2024-04-12
6309,157,3,1,2968.18,2968.18,2024-04-12
7749,373,12,1,3884.15,3884.15,2024-04-12
8098,40,21,1,2505.63,2505.63,2024-04-12
8130,483,23,2,1274.76,2549.52,2024-04-12
8882,487,13,1,3354.9,3354.9,2024-04-12
8887,195,2,1,3810.25,3810.25,2024-04-12
9387,45,2,1,3810.25,3810.25,2024-04-12
9866,160,13,1,3354.9,3354.9,2024-04-12
10720,191,15,1,850.03,850.03,2024-04-12
10876,177,18,1,2170.31,2170.31,2024-04-12
11267,85,4,1,2454.84,2454.84,2024-04-12
11834,442,7,1,373.62,373.62,2024-04-12
630,20,6,2,750.58,1501.16,2024-04-13
1359,373,35,1,3867.68,3867.68,2024-04-13
2409,436,4,2,2454.84,4909.68,2024-04-13
2465,347,18,2,2170.31,4340.62,2024-04-13
2489,226,32,1,806.52,806.52,2024-04-13
2606,80,22,1,687.05,687.05,2024-04-13
2884,151,12,1,3884.15,3884.15,2024-04-13
2917,453,28,2,2129.8,4259.6,2024-04-13
3827,316,21,1,2505.63,2505.63,2024-04-13
4220,196,9,1,2464.29,2464.29,2024-04-13
6757,252,19,2,1812.99,3625.98,2024-04-13
7330,450,27,1,918.74,918.74,2024-04-13
7437,406,16,2,856.11,1712.22,2024-04-13
8703,298,30,2,328.83,657.66,2024-04-13
9147,426,24,3,1560.49,4681.47,2024-04-13
9507,469,5,1,750.67,750.67,2024-04-13
9817,429,3,2,2968.18,5936.36,2024-04-13
9824,304,36,1,3262.33,3262.33,2024-04-13
10598,422,6,2,750.58,1501.16,2024-04-13
11389,290,8,2,3484.78,6969.56,2024-04-13
11472,407,2,2,3810.25,7620.5,2024-04-13
11957,496,8,1,3484.78,3484.78,2024-04-13
1614,494,35,1,3867.68,3867.68,2024-04-14
1790,205,22,1,687.05,687.05,2024-04-14
1881,193,33,1,400.45,400.45,2024-04-14
2009,8,10,1,2876.08,2876.08,2024-04-14
2278,384,15,2,850.03,1700.06,2024-04-14
2716,99,12,1,3884.15,3884.15,2024-04-14
3156,81,31,1,2489.05,2489.05,2024-04-14
4044,341,17,1,1321.33,1321.33,2024-04-14
4850,11,35,2,3867.68,7735.36,2024-04-14
5862,368,6,1,750.58,750.58,2024-04-14
5994,238,27,1,918.74,918.74,2024-04-14
6792,245,34,1,3803.21,3803.21,2024-04-14
7313,258,3,1,2968.18,2968.18,2024-04-14
7826,480,1,1,1591.98,1591.98,2024-04-14
8270,199,30,1,328.83,328.83,2024-04-14
8945,392,4,1,2454.84,2454.84,2024-04-14
9765,495,4,1,2454.84,2454.84,2024-04-14
10842,429,35,1,3867.68,3867.68,2024-04-14
11036,396,7,1,373.62,373.62,2024-04-14
520,348,36,2,3262.33,6524.66,2024-04-15
573,9,29,1,2430.8,2430.8,2024-04-15
679,496,15,1,850.03,850.03,2024-04-15
1624,168,26,1,3172.93,3172.93,2024-04-15
2010,105,20,1,1271.23,1271.23,2024-04-15
2149,392,7,1,373.62,373.62,2024-04-15
3028,57,32,1,806.52,806.52,2024-04-15
3935,285,12,1,3884.15,3884.15,2024-04-15
4831,296,31,1,2489.05,2489.05,2024-04-15
4913,410,20,2,1271.23,2542.46,2024-04-15
5240,302,16,1,856.11,856.11,2024-04-15
7337,268,7,1,373.62,373.62,2024-04-15
7769,368,5,1,750.67,750.67,2024-04-15
8653,355,15,2,850.03,1700.06,2024-04-15
8923,349,21,1,2505.63,2505.63,2024-04-15
8926,278,6,1,750.58,750.58,2024-04-15
9491,253,36,1,3262.33,3262.33,2024-04-15
9571,94,9,1,2464.29,2464.29,2024-04-15
9626,468,1,3,1591.98,4775.94,2024-04-15
9682,472,21,1,2505.63,2505.63,2024-04-15
11030,329,18,1,2170.31,2170.31,2024-04-15
11892,400,20,2,1271.23,2542.46,2024-04-15
770,383,11,2,229.25,458.5,2024-04-16
2439,292,3,1,2968.18,2968.18,2024-04-16
2957,385,19,1,1812.99,1812.99,2024-04-16
3096,119,32,2,806.52,1613.04,2024-04-16
3276,210,11,1,229.25,229.25,2024-04-16
3945,376,26,1,3172.93,3172.93,2024-04-16
4238,59,35,2,3867.68,7735.36,2024-04-16
5177,46,10,1,2876.08,2876.08,2024-04-16
5445,346,15,2,850.03,1700.06,2024-04-16
9111,487,23,1,1274.76,1274.76,2024-04-16
9377,296,7,1,373.62,373.62,2024-04-16
9383,338,2,1,3810.25,3810.25,2024-04-16
10055,172,26,1,3172.93,3172.93,2024-04-16
10267,346,6,2,750.58,1501.16,2024-04-16
10347,361,17,1,1321.33,1321.33,2024-04-16
11136,454,6,2,750.58,1501.16,2024-04-16
11695,119,27,2,918.74,1837.48,2024-04-16
1745,124,20,1,1271.23,1271.23,2024-04-17
5984,496,22,2,687.05,1374.1,2024-04-17
6796,221,19,1,1812.99,1812.99,2024-04-17
6922,122,18,1,2170.31,2170.31,2024-04-17
7711,156,21,1,2505.63,2505.63,2024-04-17
8448,346,8,1,3484.78,3484.78,2024-04-17
9230,105,34,1,3803.21,3803.21,2024-04-17
9688,327,29,1,2430.8,2430.8,2024-04-17
9740,422,10,1,2876.08,2876.08,2024-04-17
10147,245,36,3,3262.33,9786.99,2024-04-17
10951,492,24,1,1560.49,1560.49,2024-04-17
498,300,5,1,750.67,750.67,2024-04-18
998,221,8,1,3484.78,3484.78,2024-04-18
1726,146,29,1,2430.8,2430.8,2024-04-18
2249,474,14,2,967.51,1935.02,2024-04-18
2604,81,25,2,1905.87,3811.74,2024-04-18
2894,184,28,1,2129.8,2129.8,2024-04-18
3310,18,25,2,1905.87,3811.74,2024-04-18
4232,61,10,2,2876.08,5752.16,2024-04-18
5237,324,35,1,3867.68,3867.68,2024-04-18
5349,83,29,1,2430.8,2430.8,2024-04-18
6517,463,6,2,750.58,1501.16,2024-04-18
6789,278,7,1,373.62,373.62,2024-04-18
7807,497,10,1,2876.08,2876.08,2024-04-18
8154,329,24,1,1560.49,1560.49,2024-04-18
8726,500,13,1,3354.9,3354.9,2024-04-18
8837,30,23,3,1274.76,3824.28,2024-04-18
8904,328,16,1,856.11,856.11,2024-04-18
9747,323,11,1,229.25,229.25,2024-04-18
10517,191,35,2,3867.68,7735.36,2024-04-18
10671,191,19,1,1812.99,1812.99,2024-04-18
11385,427,33,2,400.45,800.9,2024-04-18
11585,235,22,1,687.05,687.05,2024-04-18
163,38,12,1,3884.15,3884.15,2024-04-19
1207,119,9,1,2464.29,2464.29,2024-04-19
1521,450,15,1,850.03,850.03,2024-04-19
1661,396,27,1,918.74,918.74,2024-04-19
3065,273,8,2,3484.78,6969.56,2024-04-19
3141,409,31,1,2489.05,2489.05,2024-04-19
3627,402,27,1,918.74,918.74,2024-04-19
3733,469,23,1,1274.76,1274.76,2024-04-19
4122,500,9,1,2464.29,2464.29,2024-04-19
4185,151,32,1,806.52,806.52,2024-04-19
4499,104,35,2,3867.68,7735.36,2024-04-19
4915,210,3,2,2968.18,5936.36,2024-04-19
5294,497,7,1,373.62,373.62,2024-04-19
6258,53,8,1,3484.78,3484.78,2024-04-19
8207,213,26,2,3172.93,6345.86,2024-04-19
9118,59,3,1,2968.18,2968.18,2024-04-19
9496,183,20,2,1271.23,2542.46,2024-04-19
9768,32,35,1,3867.68,3867.68,2024-04-19
10024,221,10,1,2876.08,2876.08,2024-04-19
11942,77,34,1,3803.21,3803.21,2024-04-19
235,350,18,1,2170.31,2170.31,2024-04-20
401,107,28,1,2129.8,2129.8,2024-04-20
1033,217,7,1,373.62,373.62,2024-04-20
2454,91,29,2,2430.8,4861.6,2024-04-20
4421,329,7,2,373.62,747.24,2024-04-20
5905,463,16,1,856.11,856.11,2024-04-20
6018,497,23,1,1274.76,1274.76,2024-04-20
6610,403,20,1,1271.23,1271.23,2024-04-20
7286,203,23,1,1274.76,1274.76,2024-04-20
7336,341,35,1,3867.68,3867.68,2024-04-20
7795,85,27,1,918.74,918.74,2024-04-20
8624,459,16,1,856.11,856.11,2024-04-20
9248,236,21,2,2505.63,5011.26,2024-04-20
9899,231,32,1,806.52,806.52,2024-04-20
10614,206,14,1,967.51,967.51,2024-04-20
10897,182,35,1,3867.68,3867.68,2024-04-20
11289,184,15,1,850.03,850.03,2024-04-20
328,151,19,2,1812.99,3625.98,2024-04-21
1714,340,14,1,967.51,967.51,2024-04-21
2247,245,11,1,229.25,229.25,2024-04-21
3398,261,2,1,3810.25,3810.25,2024-04-21
3570,99,5,1,750.67,750.67,2024-04-21
4557,363,8,1,3484.78,3484.78,2024-04-21
4675,150,31,1,2489.05,2489.05,2024-04-21
4703,267,33,2,400.45,800.9,2024-04-21
4950,358,18,1,2170.31,2170.31,2024-04-21
5230,104,23,1,1274.76,1274.76,2024-04-21
5628,34,21,1,2505.63,2505.63,2024-04-21
7615,392,13,2,3354.9,6709.8,2024-04-21
8022,134,11,1,229.25,229.25,2024-04-21
8059,91,21,1,2505.63,2505.63,2024-04-21
8594,217,22,2,687.05,1374.1,2024-04-21
9110,40,18,1,2170.31,2170.31,2024-04-21
9245,448,34,1,3803.21,3803.21,2024-04-21
9805,122,24,1,1560.49,1560.49,2024-04-21
10407,406,26,1,3172.93,3172.93,2024-04-21
10908,104,26,1,3172.93,3172.93,2024-04-21
11886,205,32,1,806.52,806.52,2024-04-21
309,425,19,2,1812.99,3625.98,2024-04-22
4987,323,17,1,1321.33,1321.33,2024-04-22
5462,221,31,1,2489.05,2489.05,2024-04-22
6071,350,27,1,918.74,918.74,2024-04-22
6972,217,31,1,2489.05,2489.05,2024-04-22
8045,360,33,1,400.45,400.45,2024-04-22
8434,217,14,1,967.51,967.51,2024-04-22
8623,60,18,2,2170.31,4340.62,2024-04-22
8891,478,18,1,2170.31,2170.31,2024-04-22
8943,198,12,2,3884.15,7768.3,2024-04-22
9017,497,20,1,1271.23,1271.23,2024-04-22
9769,403,33,1,400.45,400.45,2024-04-22
9855,290,17,1,1321.33,1321.33,2024-04-22
10697,257,31,1,2489.05,2489.05,2024-04-22
10812,91,35,1,3867.68,3867.68,2024-04-22
725,327,19,1,1812.99,1812.99,2024-04-23
734,162,30,1,328.83,328.83,2024-04-23
2401,35,26,2,3172.93,6345.86,2024-04-23
4032,101,13,1,3354.9,3354.9,2024-04-23
4391,237,31,1,2489.05,2489.05,2024-04-23
5203,488,22,1,687.05,687.05,2024-04-23
5492,29,16,1,856.11,856.11,2024-04-23
5582,314,18,1,2170.31,2170.31,2024-04-23
6330,182,34,2,3803.21,7606.42,2024-04-23
6788,30,19,1,1812.99,1812.99,2024-04-23
6900,396,8,1,3484.78,3484.78,2024-04-23
7217,16,4,1,2454.84,2454.84,2024-04-23
7643,292,2,1,3810.25,3810.25,2024-04-23
9492,8,14,1,967.51,967.51,2024-04-23
9701,289,32,1,806.52,806.52,2024-04-23
9807,491,11,1,229.25,229.25,2024-04-23
11571,270,7,1,373.62,373.62,2024-04-23
11659,13,10,1,2876.08,2876.08,2024-04-23
11963,105,18,2,2170.31,4340.62,2024-04-23
1276,329,33,1,400.45,400.45,2024-04-24
4800,329,7,1,373.62,373.62,2024-04-24
5105,88,27,3,918.74,2756.22,2024-04-24
5631,481,32,2,806.52,1613.04,2024-04-24
5898,495,21,2,2505.63,5011.26,2024-04-24
6238,376,11,1,229.25,229.25,2024-04-24
6659,206,21,1,2505.63,2505.63,2024-04-24
8186,135,33,1,400.45,400.45,2024-04-24
11411,320,23,1,1274.76,1274.76,2024-04-24
11446,164,31,1,2489.05,2489.05,2024-04-24
11699,119,16,1,856.11,856.11,2024-04-24
11843,244,6,1,750.58,750.58,2024-04-24
11868,356,11,1,229.25,229.25,2024-04-24
1216,249,19,1,1812.99,1812.99,2024-04-25
1352,360,4,1,2454.84,2454.84,2024-04-25
1869,85,26,1,3172.93,3172.93,2024-04-25
2059,119,24,1,1560.49,1560.49,2024-04-25
2596,496,32,1,806.52,806.52,2024-04-25
2953,418,3,2,2968.18,5936.36,2024-04-25
2972,467,17,1,1321.33,1321.33,2024-04-25
4366,59,11,1,229.25,229.25,2024-04-25
4383,351,35,2,3867.68,7735.36,2024-04-25
4590,436,36,1,3262.33,3262.33,2024-04-25
4906,329,19,1,1812.99,1812.99,2024-04-25
5427,119,29,2,2430.8,4861.6,2024-04-25
5958,313,35,1,3867.68,3867.68,2024-04-25
6490,471,21,1,2505.63,2505.63,2024-04-25
8547,229,24,1,1560.49,1560.49,2024-04-25
8940,104,31,1,2489.05,2489.05,2024-04-25
8975,278,16,1,856.11,856.11,2024-04-25
9880,104,17,2,1321.33,2642.66,2024-04-25
10489,348,28,1,2129.8,2129.8,2024-04-25
10771,226,18,1,2170.31,2170.31,2024-04-25
33,211,28,1,2129.8,2129.8,2024-04-26
321,175,3,1,2968.18,2968.18,2024-04-26
453,105,33,1,400.45,400.45,2024-04-26
512,24,27,1,918.74,918.74,2024-04-26
865,485,14,1,967.51,967.51,2024-04-26
1682,450,32,2,806.52,1613.04,2024-04-26
1803,498,7,1,373.62,373.62,2024-04-26
1871,240,20,1,1271.23,1271.23,2024-04-26
2893,385,2,1,3810.25,3810.25,2024-04-26
3053,368,15,1,850.03,850.03,2024-04-26
3248,477,31,1,2489.05,2489.05,2024-04-26
3513,430,8,1,3484.78,3484.78,2024-04-26
4608,149,2,1,3810.25,3810.25,2024-04-26
4746,112,21,1,2505.63,2505.63,2024-04-26
5350,62,35,1,3867.68,3867.68,2024-04-26
5874,113,27,1,918.74,918.74,2024-04-26
6204,278,11,2,229.25,458.5,2024-04-26
6621,41,24,2,1560.49,3120.98,2024-04-26
10367,66,36,1,3262.33,3262.33,2024-04-26
10961,355,11,1,229.25,229.25,2024-04-26
404,193,29,1,2430.8,2430.8,2024-04-27
490,463,8,1,3484.78,3484.78,2024-04-27
3238,376,22,1,687.05,687.05,2024-04-27
3355,147,29,1,2430.8,2430.8,2024-04-27
4845,303,25,1,1905.87,1905.87,2024-04-27
4940,79,32,1,806.52,806.52,2024-04-27
6108,176,25,1,1905.87,1905.87,2024-04-27
7063,117,23,1,1274.76,1274.76,2024-04-27
7091,305,28,1,2129.8,2129.8,2024-04-27
7413,13,19,1,1812.99,1812.99,2024-04-27
7732,495,31,1,2489.05,2489.05,2024-04-27
8647,38,27,1,918.74,918.74,2024-04-27
9258,343,26,1,3172.93,3172.93,2024-04-27
9399,107,28,2,2129.8,4259.6,2024-04-27
9546,434,17,1,1321.33,1321.33,2024-04-27
9602,327,15,1,850.03,850.03,2024-04-27
9809,483,16,1,856.11,856.11,2024-04-27
10155,482,25,1,1905.87,1905.87,2024-04-27
252,10,3,1,2968.18,2968.18,2024-04-28
1749,483,29,1,2430.8,2430.8,2024-04-28
2110,270,21,1,2505.63,2505.63,2024-04-28
2520,52,13,2,3354.9,6709.8,2024-04-28
2932,412,4,1,2454.84,2454.84,2024-04-28
4824,27,7,1,373.62,373.62,2024-04-28
5130,237,13,2,3354.9,6709.8,2024-04-28
5453,453,32,1,806.52,806.52,2024-04-28
6481,279,34,1,3803.21,3803.21,2024-04-28
8147,130,28,3,2129.8,6389.4,2024-04-28
8183,483,18,2,2170.31,4340.62,2024-04-28
8190,354,26,1,3172.93,3172.93,2024-04-28
8816,349,1,2,1591.98,3183.96,2024-04-28
10293,249,30,1,328.83,328.83,2024-04-28
10555,137,27,1,918.74,918.74,2024-04-28
10776,119,4,1,2454.84,2454.84,2024-04-28
11248,112,14,1,967.51,967.51,2024-04-28
11402,177,1,1,1591.98,1591.98,2024-04-28
247,268,32,2,806.52,1613.04,2024-04-29
1287,500,12,1,3884.15,3884.15,2024-04-29
3755,438,1,1,1591.98,1591.98,2024-04-29
4788,210,18,1,2170.31,2170.31,2024-04-29
5677,88,4,2,2454.84,4909.68,2024-04-29
5878,388,35,1,3867.68,3867.68,2024-04-29
6451,373,12,2,3884.15,7768.3,2024-04-29
6643,45,25,2,1905.87,3811.74,2024-04-29
6679,453,7,1,373.62,373.62,2024-04-29
6722,245,14,3,967.51,2902.53,2024-04-29
8003,90,32,1,806.52,806.52,2024-04-29
8310,500,17,1,1321.33,1321.33,2024-04-29
11185,436,27,2,918.74,1837.48,2024-04-29
11484,427,24,1,1560.49,1560.49,2024-04-29
11829,198,8,2,3484.78,6969.56,2024-04-29
35,289,25,1,1905.87,1905.87,2024-04-30
872,349,22,1,687.05,687.05,2024-04-30
1438,497,10,1,2876.08,2876.08,2024-04-30
1891,370,17,1,1321.33,1321.33,2024-04-30
2128,19,25,1,1905.87,1905.87,2024-04-30
2776,20,19,1,1812.99,1812.99,2024-04-30
2891,58,14,1,967.51,967.51,2024-04-30
3586,164,6,1,750.58,750.58,2024-04-30
3620,486,15,1,850.03,850.03,2024-04-30
4633,434,36,1,3262.33,3262.33,2024-04-30
4730,27,15,1,850.03,850.03,2024-04-30
5415,332,2,2,3810.25,7620.5,2024-04-30
6377,257,4,1,2454.84,2454.84,2024-04-30
6799,207,32,1,806.52,806.52,2024-04-30
6963,230,25,1,1905.87,1905.87,2024-04-30
6980,200,20,1,1271.23,1271.23,2024-04-30
8281,436,6,1,750.58,750.58,2024-04-30
8551,366,29,1,2430.8,2430.8,2024-04-30
8754,436,29,1,2430.8,2430.8,2024-04-30
9031,161,33,2,400.45,800.9,2024-04-30
9525,296,30,2,328.83,657.66,2024-04-30
10295,496,14,1,967.51,967.51,2024-04-30
10975,83,9,1,2464.29,2464.29,2024-04-30
11067,429,8,2,3484.78,6969.56,2024-04-30
11181,355,7,2,373.62,747.24,2024-04-30
3511,478,3,1,2968.18,2968.18,2024-05-01
4486,223,25,1,1905.87,1905.87,2024-05-01
4726,410,34,1,3803.21,3803.21,2024-05-01
5318,409,36,2,3262.33,6524.66,2024-05-01
5890,406,7,2,373.62,747.24,2024-05-01
5910,235,18,1,2170.31,2170.31,2024-05-01
6053,289,19,1,1812.99,1812.99,2024-05-01
6969,152,31,2,2489.05,4978.1,2024-05-01
7545,496,34,2,3803.21,7606.42,2024-05-01
8290,305,3,1,2968.18,2968.18,2024-05-01
8612,326,19,1,1812.99,1812.99,2024-05-01
8948,496,14,1,967.51,967.51,2024-05-01
9448,489,22,1,687.05,687.05,2024-05-01
10661,499,24,2,1560.49,3120.98,2024-05-01
2117,396,18,2,2170.31,4340.62,2024-05-02
2172,219,30,1,328.83,328.83,2024-05-02
2259,266,35,1,3867.68,3867.68,2024-05-02
2787,52,9,1,2464.29,2464.29,2024-05-02
3191,367,33,1,400.45,400.45,2024-05-02
3790,487,21,2,2505.63,5011.26,2024-05-02
4101,214,9,2,2464.29,4928.58,2024-05-02
5802,95,35,1,3867.68,3867.68,2024-05-02
5989,331,11,1,229.25,229.25,2024-05-02
8309,227,14,1,967.51,967.51,2024-05-02
9641,270,20,1,1271.23,1271.23,2024-05-02
9710,54,10,1,2876.08,2876.08,2024-05-02
10699,115,33,1,400.45,400.45,2024-05-02
11145,371,18,1,2170.31,2170.31,2024-05-02
11774,367,36,1,3262.33,3262.33,2024-05-02
11995,226,12,1,3884.15,3884.15,2024-05-02
2003,350,12,1,3884.15,3884.15,2024-05-03
2567,63,24,1,1560.49,1560.49,2024-05-03
3070,469,22,2,687.05,1374.1,2024-05-03
3822,271,29,1,2430.8,2430.8,2024-05-03
4308,205,18,1,2170.31,2170.31,2024-05-03
5360,475,35,1,3867.68,3867.68,2024-05-03
6241,473,24,1,1560.49,1560.49,2024-05-03
6556,287,24,1,1560.49,1560.49,2024-05-03
6773,496,1,1,1591.98,1591.98,2024-05-03
6973,139,8,1,3484.78,3484.78,2024-05-03
7040,489,35,1,3867.68,3867.68,2024-05-03
7080,320,6,1,750.58,750.58,2024-05-03
7804,477,22,1,687.05,687.05,2024-05-03
8663,176,21,1,2505.63,2505.63,2024-05-03
8730,26,18,1,2170.31,2170.31,2024-05-03
10050,270,25,1,1905.87,1905.87,2024-05-03
10095,385,3,1,2968.18,2968.18,2024-05-03
10593,43,17,1,1321.33,1321.33,2024-05-03
11676,53,36,1,3262.33,3262.33,2024-05-03
898,191,15,1,850.03,850.03,2024-05-04
1146,24,10,1,2876.08,2876.08,2024-05-04
2280,147,21,2,2505.63,5011.26,2024-05-04
4073,496,15,2,850.03,1700.06,2024-05-04
4697,206,13,2,3354.9,6709.8,2024-05-04
5193,296,21,1,2505.63,2505.63,2024-05-04
5273,104,24,2,1560.49,3120.98,2024-05-04
6513,48,2,1,3810.25,3810.25,2024-05-04
7253,316,15,2,850.03,1700.06,2024-05-04
7708,212,27,1,918.74,918.74,2024-05-04
8312,91,24,1,1560.49,1560.49,2024-05-04
9535,312,26,1,3172.93,3172.93,2024-05-04
9679,148,28,1,2129.8,2129.8,2024-05-04
10031,355,26,1,3172.93,3172.93,2024-05-04
10062,123,14,2,967.51,1935.02,2024-05-04
10541,454,30,1,328.83,328.83,2024-05-04
10957,203,35,1,3867.68,3867.68,2024-05-04
11428,226,11,2,229.25,458.5,2024-05-04
284,214,27,1,918.74,918.74,2024-05-05
881,112,6,1,750.58,750.58,2024-05-05
4090,164,33,1,400.45,400.45,2024-05-05
5610,157,6,2,750.58,1501.16,2024-05-05
6000,340,13,1,3354.9,3354.9,2024-05-05
6019,167,10,1,2876.08,2876.08,2024-05-05
6250,443,15,1,850.03,850.03,2024-05-05
6812,69,13,2,3354.9,6709.8,2024-05-05
6994,241,6,1,750.58,750.58,2024-05-05
8105,296,14,1,967.51,967.51,2024-05-05
9495,291,27,1,918.74,918.74,2024-05-05
9915,213,7,2,373.62,747.24,2024-05-05
10360,384,16,1,856.11,856.11,2024-05-05
226,185,20,1,1271.23,1271.23,2024-05-06
2031,496,7,1,373.62,373.62,2024-05-06
2674,281,35,2,3867.68,7735.36,2024-05-06
2861,119,1,1,1591.98,1591.98,2024-05-06
2877,135,10,2,2876.08,5752.16,2024-05-06
3334,294,36,2,3262.33,6524.66,2024-05-06
4606,497,22,2,687.05,1374.1,2024-05-06
5916,119,27,3,918.74,2756.22,2024-05-06
6492,406,10,1,2876.08,2876.08,2024-05-06
7025,434,9,1,2464.29,2464.29,2024-05-06
7180,45,1,1,1591.98,1591.98,2024-05-06
8449,304,10,1,2876.08,2876.08,2024-05-06
8583,13,11,1,229.25,229.25,2024-05-06
8920,346,2,1,3810.25,3810.25,2024-05-06
9209,163,19,2,1812.99,3625.98,2024-05-06
9936,193,22,1,687.05,687.05,2024-05-06
10851,391,30,1,328.83,328.83,2024-05-06
11566,281,14,1,967.51,967.51,2024-05-06
681,119,3,1,2968.18,2968.18,2024-05-07
801,99,8,2,3484.78,6969.56,2024-05-07
935,80,21,1,2505.63,2505.63,2024-05-07
1969,331,31,1,2489.05,2489.05,2024-05-07
5794,208,11,2,229.25,458.5,2024-05-07
7188,176,18,1,2170.31,2170.31,2024-05-07
7300,160,28,1,2129.8,2129.8,2024-05-07
7752,478,17,1,1321.33,1321.33,2024-05-07
7851,189,19,2,1812.99,3625.98,2024-05-07
7971,212,3,1,2968.18,2968.18,2024-05-07
8066,130,1,1,1591.98,1591.98,2024-05-07
8346,308,13,1,3354.9,3354.9,2024-05-07
8363,11,14,1,967.51,967.51,2024-05-07
8432,497,22,1,687.05,687.05,2024-05-07
9349,436,20,2,1271.23,2542.46,2024-05-07
9402,436,31,1,2489.05,2489.05,2024-05-07
9642,390,10,2,2876.08,5752.16,2024-05-07
10437,473,22,1,687.05,687.05,2024-05-07
11694,39,14,1,967.51,967.51,2024-05-07
921,377,7,1,373.62,373.62,2024-05-08
947,40,20,1,1271.23,1271.23,2024-05-08
3929,35,15,1,850.03,850.03,2024-05-08
4047,53,27,1,918.74,918.74,2024-05-08
4123,346,15,1,850.03,850.03,2024-05-08
7108,438,2,2,3810.25,7620.5,2024-05-08
7899,115,33,2,400.45,800.9,2024-05-08
8331,238,36,1,3262.33,3262.33,2024-05-08
9088,112,1,1,1591.98,1591.98,2024-05-08
9326,169,25,1,1905.87,1905.87,2024-05-08
10015,157,23,1,1274.76,1274.76,2024-05-08
10570,436,26,1,3172.93,3172.93,2024-05-08
85,238,18,1,2170.31,2170.31,2024-05-09
318,86,13,1,3354.9,3354.9,2024-05-09
347,320,13,2,3354.9,6709.8,2024-05-09
842,270,22,1,687.05,687.05,2024-05-09
2126,418,10,1,2876.08,2876.08,2024-05-09
2573,207,25,1,1905.87,1905.87,2024-05-09
3955,490,32,3,806.52,2419.56,2024-05-09
5094,271,30,1,328.83,328.83,2024-05-09
6881,471,10,1,2876.08,2876.08,2024-05-09
7342,83,20,1,1271.23,1271.23,2024-05-09
7467,241,17,1,1321.33,1321.33,2024-05-09
8203,385,32,1,806.52,806.52,2024-05-09
8626,463,24,1,1560.49,1560.49,2024-05-09
9711,75,6,1,750.58,750.58,2024-05-09
10315,436,32,2,806.52,1613.04,2024-05-09
10599,39,32,1,806.52,806.52,2024-05-09
10694,473,1,1,1591.98,1591.98,2024-05-09
11037,460,34,1,3803.21,3803.21,2024-05-09
11455,305,27,2,918.74,1837.48,2024-05-09
1339,434,15,1,850.03,850.03,2024-05-10
2425,8,3,1,2968.18,2968.18,2024-05-10
3524,487,13,1,3354.9,3354.9,2024-05-10
4911,410,22,1,687.05,687.05,2024-05-10
4978,440,4,1,2454.84,2454.84,2024-05-10
6958,497,2,3,3810.25,11430.75,2024-05-10
7233,436,27,1,918.74,918.74,2024-05-10
7354,40,12,1,3884.15,3884.15,2024-05-10
8139,279,20,1,1271.23,1271.23,2024-05-10
8193,270,13,1,3354.9,3354.9,2024-05-10
8475,143,2,1,3810.25,3810.25,2024-05-10
8746,172,35,1,3867.68,3867.68,2024-05-10
10008,463,25,1,1905.87,1905.87,2024-05-10
10210,214,15,1,850.03,850.03,2024-05-10
10467,39,11,1,229.25,229.25,2024-05-10
926,69,32,1,806.52,806.52,2024-05-11
1057,366,36,1,3262.33,3262.33,2024-05-11
2300,371,19,2,1812.99,3625.98,2024-05-11
2764,183,9,1,2464.29,2464.29,2024-05-11
3095,245,22,1,687.05,687.05,2024-05-11
3811,126,10,1,2876.08,2876.08,2024-05-11
5892,382,12,1,3884.15,3884.15,2024-05-11
6092,243,11,1,229.25,229.25,2024-05-11
7231,391,7,1,373.62,373.62,2024-05-11
7589,72,14,1,967.51,967.51,2024-05-11
8395,344,12,2,3884.15,7768.3,2024-05-11
9437,434,3,1,2968.18,2968.18,2024-05-11
11337,130,21,2,2505.63,5011.26,2024-05-11
473,189,5,1,750.67,750.67,2024-05-12
607,15,19,2,1812.99,3625.98,2024-05-12
910,241,13,1,3354.9,3354.9,2024-05-12
931,447,27,1,918.74,918.74,2024-05-12
2813,278,26,1,3172.93,3172.93,2024-05-12
6530,463,5,1,750.67,750.67,2024-05-12
7644,450,30,1,328.83,328.83,2024-05-12
10133,237,28,2,2129.8,4259.6,2024-05-12
10264,368,21,1,2505.63,2505.63,2024-05-12
10323,360,35,2,3867.68,7735.36,2024-05-12
305,494,2,1,3810.25,3810.25,2024-05-13
382,473,36,1,3262.33,3262.33,2024-05-13
994,16,21,1,2505.63,2505.63,2024-05-13
1959,131,26,1,3172.93,3172.93,2024-05-13
2284,460,22,1,687.05,687.05,2024-05-13
2396,181,28,1,2129.8,2129.8,2024-05-13
2969,134,33,2,400.45,800.9,2024-05-13
3198,226,20,1,1271.23,1271.23,2024-05-13
4864,103,3,1,2968.18,2968.18,2024-05-13
5197,302,10,1,2876.08,2876.08,2024-05-13
6336,444,24,2,1560.49,3120.98,2024-05-13
6388,179,29,1,2430.8,2430.8,2024-05-13
6935,56,26,1,3172.93,3172.93,2024-05-13
7448,450,10,1,2876.08,2876.08,2024-05-13
7651,195,12,1,3884.15,3884.15,2024-05-13
8712,41,6,1,750.58,750.58,2024-05-13
8727,496,11,2,229.25,458.5,2024-05-13
9470,429,14,2,967.51,1935.02,2024-05-13
9748,232,34,1,3803.21,3803.21,2024-05-13
11305,4,30,2,328.83,657.66,2024-05-13
19,494,11,2,229.25,458.5,2024-05-14
196,105,33,1,400.45,400.45,2024-05-14
311,130,4,1,2454.84,2454.84,2024-05-14
637,157,13,2,3354.9,6709.8,2024-05-14
2855,455,19,1,1812.99,1812.99,2024-05-14
3849,195,28,1,2129.8,2129.8,2024-05-14
3956,443,36,2,3262.33,6524.66,2024-05-14
4470,119,9,1,2464.29,2464.29,2024-05-14
4500,440,23,1,1274.76,1274.76,2024-05-14
4634,245,21,1,2505.63,2505.63,2024-05-14
4885,341,25,1,1905.87,1905.87,2024-05-14
5879,407,22,1,687.05,687.05,2024-05-14
6561,332,7,2,373.62,747.24,2024-05-14
8254,258,4,2,2454.84,4909.68,2024-05-14
8622,53,16,1,856.11,856.11,2024-05-14
9172,368,35,1,3867.68,3867.68,2024-05-14
9657,182,27,1,918.74,918.74,2024-05-14
10740,271,12,1,3884.15,3884.15,2024-05-14
11142,26,25,2,1905.87,3811.74,2024-05-14
11563,436,1,1,1591.98,1591.98,2024-05-14
202,27,11,1,229.25,229.25,2024-05-15
1295,128,24,1,1560.49,1560.49,2024-05-15
1615,177,5,1,750.67,750.67,2024-05-15
1996,393,5,1,750.67,750.67,2024-05-15
2954,354,29,1,2430.8,2430.8,2024-05-15
3569,226,27,1,918.74,918.74,2024-05-15
4336,81,4,2,2454.84,4909.68,2024-05-15
5099,354,16,2,856.11,1712.22,2024-05-15
5544,237,12,1,3884.15,3884.15,2024-05-15
5640,364,34,1,3803.21,3803.21,2024-05-15
6445,439,34,1,3803.21,3803.21,2024-05-15
7004,112,10,1,2876.08,2876.08,2024-05-15
8664,164,28,1,2129.8,2129.8,2024-05-15
8895,54,12,1,3884.15,3884.15,2024-05-15
10421,52,13,1,3354.9,3354.9,2024-05-15
10604,101,22,1,687.05,687.05,2024-05-15
11203,246,12,1,3884.15,3884.15,2024-05-15
11814,51,22,1,687.05,687.05,2024-05-15
1257,22,7,1,373.62,373.62,2024-05-16
1334,77,6,1,750.58,750.58,2024-05-16
2225,487,15,1,850.03,850.03,2024-05-16
3108,10,19,1,1812.99,1812.99,2024-05-16
5378,348,29,1,2430.8,2430.8,2024-05-16
6340,197,15,1,850.03,850.03,2024-05-16
6410,368,33,1,400.45,400.45,2024-05-16
8539,164,1,2,1591.98,3183.96,2024-05-16
8605,270,12,1,3884.15,3884.15,2024-05-16
8809,91,23,1,1274.76,1274.76,2024-05-16
8823,167,7,1,373.62,373.62,2024-05-16
9016,406,7,1,373.62,373.62,2024-05-16
10166,221,2,1,3810.25,3810.25,2024-05-16
11339,384,8,1,3484.78,3484.78,2024-05-16
1035,8,18,1,2170.31,2170.31,2024-05-17
1211,406,28,1,2129.8,2129.8,2024-05-17
1412,261,35,1,3867.68,3867.68,2024-05-17
2636,78,22,1,687.05,687.05,2024-05-17
3083,119,14,2,967.51,1935.02,2024-05-17
3391,410,3,1,2968.18,2968.18,2024-05-17
3433,34,17,1,1321.33,1321.33,2024-05-17
3528,268,32,2,806.52,1613.04,2024-05-17
3604,245,34,1,3803.21,3803.21,2024-05-17
3865,15,33,1,400.45,400.45,2024-05-17
4133,301,4,1,2454.84,2454.84,2024-05-17
4515,355,9,1,2464.29,2464.29,2024-05-17
4696,471,26,1,3172.93,3172.93,2024-05-17
6025,363,3,1,2968.18,2968.18,2024-05-17
6068,114,9,1,2464.29,2464.29,2024-05-17
7512,393,10,2,2876.08,5752.16,2024-05-17
8388,94,12,1,3884.15,3884.15,2024-05-17
11965,57,34,1,3803.21,3803.21,2024-05-17
256,183,11,2,229.25,458.5,2024-05-18
779,411,23,1,1274.76,1274.76,2024-05-18
882,126,23,1,1274.76,1274.76,2024-05-18
1322,476,34,1,3803.21,3803.21,2024-05-18
1662,184,12,1,3884.15,3884.15,2024-05-18
1916,301,36,2,3262.33,6524.66,2024-05-18
2656,82,17,1,1321.33,1321.33,2024-05-18
3968,473,28,1,2129.8,2129.8,2024-05-18
4271,353,27,2,918.74,1837.48,2024-05-18
4480,213,20,1,1271.23,1271.23,2024-05-18
9973,210,36,1,3262.33,3262.33,2024-05-18
10996,105,31,1,2489.05,2489.05,2024-05-18
51,440,1,2,1591.98,3183.96,2024-05-19
1670,320,16,1,856.11,856.11,2024-05-19
1841,18,17,1,1321.33,1321.33,2024-05-19
2245,415,14,2,967.51,1935.02,2024-05-19
2411,78,19,1,1812.99,1812.99,2024-05-19
3321,143,16,1,856.11,856.11,2024-05-19
3991,429,8,1,3484.78,3484.78,2024-05-19
4030,402,23,1,1274.76,1274.76,2024-05-19
4759,383,1,1,1591.98,1591.98,2024-05-19
5015,256,9,1,2464.29,2464.29,2024-05-19
5481,139,8,1,3484.78,3484.78,2024-05-19
5491,376,15,1,850.03,850.03,2024-05-19
5961,168,12,1,3884.15,3884.15,2024-05-19
6218,286,15,1,850.03,850.03,2024-05-19
6323,289,12,1,3884.15,3884.15,2024-05-19
8516,17,28,1,2129.8,2129.8,2024-05-19
10038,270,9,1,2464.29,2464.29,2024-05-19
186,270,15,1,850.03,850.03,2024-05-20
467,402,8,1,3484.78,3484.78,2024-05-20
626,43,17,1,1321.33,1321.33,2024-05-20
708,410,5,2,750.67,1501.34,2024-05-20
859,364,36,2,3262.33,6524.66,2024-05-20
1072,440,1,1,1591.98,1591.98,2024-05-20
1493,191,34,1,3803.21,3803.21,2024-05-20
2332,99,18,1,2170.31,2170.31,2024-05-20
2791,115,9,1,2464.29,2464.29,2024-05-20
4524,208,9,1,2464.29,2464.29,2024-05-20
5017,237,14,2,967.51,1935.02,2024-05-20
5362,361,33,1,400.45,400.45,2024-05-20
5775,159,3,1,2968.18,2968.18,2024-05-20
5854,500,26,1,3172.93,3172.93,2024-05-20
7351,226,16,1,856.11,856.11,2024-05-20
7857,142,16,1,856.11,856.11,2024-05-20
8884,244,27,1,918.74,918.74,2024-05-20
10355,252,22,2,687.05,1374.1,2024-05-20
10705,243,17,2,1321.33,2642.66,2024-05-20
10730,270,9,1,2464.29,2464.29,2024-05-20
11061,497,14,1,967.51,967.51,2024-05-20
672,214,13,1,3354.9,3354.9,2024-05-21
1819,500,23,1,1274.76,1274.76,2024-05-21
2936,293,23,1,1274.76,1274.76,2024-05-21
3109,429,27,1,918.74,918.74,2024-05-21
3654,16,3,3,2968.18,8904.54,2024-05-21
4473,294,28,2,2129.8,4259.6,2024-05-21
4477,69,32,1,806.52,806.52,2024-05-21
5559,474,11,1,229.25,229.25,2024-05-21
5594,401,1,1,1591.98,1591.98,2024-05-21
6829,249,18,1,2170.31,2170.31,2024-05-21
7005,411,10,2,2876.08,5752.16,2024-05-21
7557,472,10,1,2876.08,2876.08,2024-05-21
9030,8,21,1,2505.63,2505.63,2024-05-21
9943,449,16,1,856.11,856.11,2024-05-21
9987,18,11,2,229.25,458.5,2024-05-21
10201,222,8,1,3484.78,3484.78,2024-05-21
10292,395,11,1,229.25,229.25,2024-05-21
10575,434,4,2,2454.84,4909.68,2024-05-21
11365,483,34,3,3803.21,11409.63,2024-05-21
11617,55,30,1,328.83,328.83,2024-05-21
900,410,25,2,1905.87,3811.74,2024-05-22
1642,409,33,1,400.45,400.45,2024-05-22
1900,235,4,1,2454.84,2454.84,2024-05-22
3497,469,5,1,750.67,750.67,2024-05-22
4955,105,31,1,2489.05,2489.05,2024-05-22
5708,360,16,1,856.11,856.11,2024-05-22
5755,118,15,2,850.03,1700.06,2024-05-22
5884,397,34,1,3803.21,3803.21,2024-05-22
7587,207,35,1,3867.68,3867.68,2024-05-22
7600,32,36,1,3262.33,3262.33,2024-05-22
8102,153,35,1,3867.68,3867.68,2024-05-22
8909,235,12,1,3884.15,3884.15,2024-05-22
9020,469,1,3,1591.98,4775.94,2024-05-22
9687,210,23,1,1274.76,1274.76,2024-05-22
9970,220,11,2,229.25,458.5,2024-05-22
10244,339,18,1,2170.31,2170.31,2024-05-22
11304,230,32,1,806.52,806.52,2024-05-22
248,482,21,1,2505.63,2505.63,2024-05-23
1080,205,2,1,3810.25,3810.25,2024-05-23
1233,436,18,1,2170.31,2170.31,2024-05-23
1374,183,21,1,2505.63,2505.63,2024-05-23
1579,218,10,1,2876.08,2876.08,2024-05-23
1833,115,33,1,400.45,400.45,2024-05-23
2030,108,34,1,3803.21,3803.21,2024-05-23
2279,289,19,1,1812.99,1812.99,2024-05-23
2741,471,27,1,918.74,918.74,2024-05-23
3063,360,31,2,2489.05,4978.1,2024-05-23
3404,45,6,1,750.58,750.58,2024-05-23
3444,20,17,2,1321.33,2642.66,2024-05-23
5301,20,13,2,3354.9,6709.8,2024-05-23
6236,496,3,1,2968.18,2968.18,2024-05-23
7149,400,8,1,3484.78,3484.78,2024-05-23
7742,198,21,1,2505.63,2505.63,2024-05-23
8374,61,6,1,750.58,750.58,2024-05-23
8598,130,23,1,1274.76,1274.76,2024-05-23
9056,497,21,1,2505.63,2505.63,2024-05-23
9208,172,19,1,1812.99,1812.99,2024-05-23
10002,384,36,2,3262.33,6524.66,2024-05-23
10121,482,32,1,806.52,806.52,2024-05-23
10185,3,32,1,806.52,806.52,2024-05-23
10969,69,22,1,687.05,687.05,2024-05-23
11207,81,31,2,2489.05,4978.1,2024-05-23
11252,410,4,1,2454.84,2454.84,2024-05-23
11720,270,23,1,1274.76,1274.76,2024-05-23
11925,202,25,1,1905.87,1905.87,2024-05-23
11994,84,5,1,750.67,750.67,2024-05-23
215,20,1,1,1591.98,1591.98,2024-05-24
1003,478,4,1,2454.84,2454.84,2024-05-24
2441,115,32,1,806.52,806.52,2024-05-24
3333,205,31,1,2489.05,2489.05,2024-05-24
4403,121,5,2,750.67,1501.34,2024-05-24
4855,162,27,1,918.74,918.74,2024-05-24
5329,324,30,3,328.83,986.49,2024-05-24
5369,407,11,1,229.25,229.25,2024-05-24
7897,343,2,1,3810.25,3810.25,2024-05-24
9046,370,35,1,3867.68,3867.68,2024-05-24
10921,485,30,1,328.83,328.83,2024-05-24
10984,368,29,1,2430.8,2430.8,2024-05-24
11310,485,33,1,400.45,400.45,2024-05-24
426,440,22,2,687.05,1374.1,2024-05-25
1750,243,27,2,918.74,1837.48,2024-05-25
1926,162,1,2,1591.98,3183.96,2024-05-25
2214,157,19,3,1812.99,5438.97,2024-05-25
2379,204,21,2,2505.63,5011.26,2024-05-25
3348,329,21,1,2505.63,2505.63,2024-05-25
4584,368,32,1,806.52,806.52,2024-05-25
6449,200,13,1,3354.9,3354.9,2024-05-25
6985,344,3,1,2968.18,2968.18,2024-05-25
7115,286,24,1,1560.49,1560.49,2024-05-25
7414,399,36,1,3262.33,3262.33,2024-05-25
8385,496,9,1,2464.29,2464.29,2024-05-25
8929,45,25,1,1905.87,1905.87,2024-05-25
9284,311,32,1,806.52,806.52,2024-05-25
9497,162,33,1,400.45,400.45,2024-05-25
9840,393,21,1,2505.63,2505.63,2024-05-25
10076,169,31,1,2489.05,2489.05,2024-05-25
10362,83,35,2,3867.68,7735.36,2024-05-25
144,145,13,3,3354.9,10064.7,2024-05-26
423,178,26,2,3172.93,6345.86,2024-05-26
838,346,10,1,2876.08,2876.08,2024-05-26
2796,121,31,2,2489.05,4978.1,2024-05-26
3555,20,5,3,750.67,2252.01,2024-05-26
4815,154,21,1,2505.63,2505.63,2024-05-26
5990,162,17,1,1321.33,1321.33,2024-05-26
6984,483,34,2,3803.21,7606.42,2024-05-26
7663,18,14,1,967.51,967.51,2024-05-26
8875,102,23,2,1274.76,2549.52,2024-05-26
8899,245,22,1,687.05,687.05,2024-05-26
9189,43,27,1,918.74,918.74,2024-05-26
10499,57,25,1,1905.87,1905.87,2024-05-26
10651,212,23,1,1274.76,1274.76,2024-05-26
11056,278,22,2,687.05,1374.1,2024-05-26
94,303,16,2,856.11,1712.22,2024-05-27
743,291,5,1,750.67,750.67,2024-05-27
1063,77,14,1,967.51,967.51,2024-05-27
1404,398,15,1,850.03,850.03,2024-05-27
1571,274,20,1,1271.23,1271.23,2024-05-27
2619,38,12,1,3884.15,3884.15,2024-05-27
3326,210,10,1,2876.08,2876.08,2024-05-27
4894,279,8,2,3484.78,6969.56,2024-05-27
5012,305,32,1,806.52,806.52,2024-05-27
5231,197,24,1,1560.49,1560.49,2024-05-27
5759,223,3,1,2968.18,2968.18,2024-05-27
6257,427,29,3,2430.8,7292.4,2024-05-27
6956,436,24,1,1560.49,1560.49,2024-05-27
7068,9,27,1,918.74,918.74,2024-05-27
9023,432,18,1,2170.31,2170.31,2024-05-27
9486,302,8,2,3484.78,6969.56,2024-05-27
46,410,23,3,1274.76,3824.28,2024-05-28
304,226,4,1,2454.84,2454.84,2024-05-28
3144,448,14,2,967.51,1935.02,2024-05-28
3671,453,28,1,2129.8,2129.8,2024-05-28
3905,202,35,2,3867.68,7735.36,2024-05-28
4482,409,29,1,2430.8,2430.8,2024-05-28
4625,473,33,1,400.45,400.45,2024-05-28
5117,316,9,1,2464.29,2464.29,2024-05-28
5143,293,11,1,229.25,229.25,2024-05-28
5474,474,9,1,2464.29,2464.29,2024-05-28
5694,60,34,1,3803.21,3803.21,2024-05-28
6274,329,16,2,856.11,1712.22,2024-05-28
6666,314,29,1,2430.8,2430.8,2024-05-28
8262,315,22,1,687.05,687.05,2024-05-28
8979,253,11,1,229.25,229.25,2024-05-28
9316,51,15,1,850.03,850.03,2024-05-28
9611,58,16,1,856.11,856.11,2024-05-28
11456,251,36,1,3262.33,3262.33,2024-05-28
131,474,8,1,3484.78,3484.78,2024-05-29
521,231,7,1,373.62,373.62,2024-05-29
1151,198,13,1,3354.9,3354.9,2024-05-29
1462,287,8,1,3484.78,3484.78,2024-05-29
1922,464,14,3,967.51,2902.53,2024-05-29
3451,400,26,2,3172.93,6345.86,2024-05-29
3858,406,13,1,3354.9,3354.9,2024-05-29
4376,165,35,1,3867.68,3867.68,2024-05-29
4489,237,18,2,2170.31,4340.62,2024-05-29
5824,226,28,1,2129.8,2129.8,2024-05-29
5924,415,36,1,3262.33,3262.33,2024-05-29
6396,182,11,1,229.25,229.25,2024-05-29
6838,347,21,1,2505.63,2505.63,2024-05-29
7361,206,24,1,1560.49,1560.49,2024-05-29
8218,450,15,1,850.03,850.03,2024-05-29
8440,69,32,1,806.52,806.52,2024-05-29
8669,412,12,1,3884.15,3884.15,2024-05-29
9265,436,20,2,1271.23,2542.46,2024-05-29
10072,474,34,1,3803.21,3803.21,2024-05-29
11696,15,7,1,373.62,373.62,2024-05-29
688,92,14,1,967.51,967.51,2024-05-30
2566,151,19,1,1812.99,1812.99,2024-05-30
3533,80,19,1,1812.99,1812.99,2024-05-30
4959,349,31,2,2489.05,4978.1,2024-05-30
6016,147,36,3,3262.33,9786.99,2024-05-30
6866,15,17,1,1321.33,1321.33,2024-05-30
6928,105,8,1,3484.78,3484.78,2024-05-30
7362,78,31,1,2489.05,2489.05,2024-05-30
8936,50,29,1,2430.8,2430.8,2024-05-30
9044,13,1,2,1591.98,3183.96,2024-05-30
9766,145,26,1,3172.93,3172.93,2024-05-30
9864,436,30,1,328.83,328.83,2024-05-30
10471,212,17,1,1321.33,1321.33,2024-05-30
11055,99,33,1,400.45,400.45,2024-05-30
11469,409,15,1,850.03,850.03,2024-05-30
11735,439,30,1,328.83,328.83,2024-05-30
518,322,8,1,3484.78,3484.78,2024-05-31
1112,39,25,1,1905.87,1905.87,2024-05-31
2579,412,9,2,2464.29,4928.58,2024-05-31
2599,88,35,1,3867.68,3867.68,2024-05-31
4335,46,22,1,687.05,687.05,2024-05-31
4387,453,10,1,2876.08,2876.08,2024-05-31
4666,150,17,1,1321.33,1321.33,2024-05-31
5666,340,3,1,2968.18,2968.18,2024-05-31
5736,45,35,2,3867.68,7735.36,2024-05-31
6185,157,7,1,373.62,373.62,2024-05-31
6491,446,29,1,2430.8,2430.8,2024-05-31
6675,285,9,1,2464.29,2464.29,2024-05-31
7994,500,29,1,2430.8,2430.8,2024-05-31
8272,196,34,1,3803.21,3803.21,2024-05-31
8807,158,5,1,750.67,750.67,2024-05-31
8856,496,21,1,2505.63,2505.63,2024-05-31
9319,235,2,2,3810.25,7620.5,2024-05-31
9885,34,13,2,3354.9,6709.8,2024-05-31
10091,391,13,1,3354.9,3354.9,2024-05-31
10584,354,33,1,400.45,400.45,2024-05-31
11167,323,5,1,750.67,750.67,2024-05-31
11721,267,10,1,2876.08,2876.08,2024-05-31
63,18,17,1,1321.33,1321.33,2024-06-01
1077,271,26,1,3172.93,3172.93,2024-06-01
1397,472,32,1,806.52,806.52,2024-06-01
1524,65,27,1,918.74,918.74,2024-06-01
2316,433,28,1,2129.8,2129.8,2024-06-01
2995,489,27,2,918.74,1837.48,2024-06-01
3427,444,25,1,1905.87,1905.87,2024-06-01
5249,75,20,1,1271.23,1271.23,2024-06-01
5324,38,35,1,3867.68,3867.68,2024-06-01
5428,244,29,1,2430.8,2430.8,2024-06-01
5522,330,4,2,2454.84,4909.68,2024-06-01
6372,240,14,2,967.51,1935.02,2024-06-01
6472,207,13,1,3354.9,3354.9,2024-06-01
7464,243,20,1,1271.23,1271.23,2024-06-01
7566,350,35,2,3867.68,7735.36,2024-06-01
8285,313,24,1,1560.49,1560.49,2024-06-01
8661,53,29,1,2430.8,2430.8,2024-06-01
8969,402,19,1,1812.99,1812.99,2024-06-01
602,497,28,2,2129.8,4259.6,2024-06-02
720,279,13,1,3354.9,3354.9,2024-06-02
1283,188,15,1,850.03,850.03,2024-06-02
2162,331,22,1,687.05,687.05,2024-06-02
2598,102,2,2,3810.25,7620.5,2024-06-02
3506,453,14,2,967.51,1935.02,2024-06-02
3576,105,4,1,2454.84,2454.84,2024-06-02
3859,468,1,1,1591.98,1591.98,2024-06-02
4319,454,24,1,1560.49,1560.49,2024-06-02
6205,39,20,1,1271.23,1271.23,2024-06-02
9053,214,23,2,1274.76,2549.52,2024-06-02
9149,8,23,1,1274.76,1274.76,2024-06-02
10514,496,12,1,3884.15,3884.15,2024-06-02
11002,322,7,1,373.62,373.62,2024-06-02
11771,457,25,1,1905.87,1905.87,2024-06-02
570,353,21,1,2505.63,2505.63,2024-06-03
1742,141,25,1,1905.87,1905.87,2024-06-03
2200,279,1,1,1591.98,1591.98,2024-06-03
2541,355,2,1,3810.25,3810.25,2024-06-03
2790,79,20,2,1271.23,2542.46,2024-06-03
4052,384,36,2,3262.33,6524.66,2024-06-03
5109,341,15,1,850.03,850.03,2024-06-03
6187,112,17,1,1321.33,1321.33,2024-06-03
6466,85,13,1,3354.9,3354.9,2024-06-03
6782,487,4,1,2454.84,2454.84,2024-06-03
6850,105,10,2,2876.08,5752.16,2024-06-03
8953,8,18,1,2170.31,2170.31,2024-06-03
9781,368,2,1,3810.25,3810.25,2024-06-03
10933,473,14,1,967.51,967.51,2024-06-03
11374,388,2,1,3810.25,3810.25,2024-06-03
11970,24,16,1,856.11,856.11,2024-06-03
82,495,8,2,3484.78,6969.56,2024-06-04
2023,40,27,1,918.74,918.74,2024-06-04
4458,302,17,1,1321.33,1321.33,2024-06-04
4497,373,30,1,328.83,328.83,2024-06-04
5255,34,4,1,2454.84,2454.84,2024-06-04
7862,183,9,2,2464.29,4928.58,2024-06-04
9158,455,24,1,1560.49,1560.49,2024-06-04
10628,172,11,1,229.25,229.25,2024-06-04
10735,52,7,1,373.62,373.62,2024-06-04
10865,188,3,1,2968.18,2968.18,2024-06-04
11530,156,31,1,2489.05,2489.05,2024-06-04
11969,156,16,3,856.11,2568.33,2024-06-04
526,235,23,1,1274.76,1274.76,2024-06-05
937,436,36,1,3262.33,3262.33,2024-06-05
1259,62,24,1,1560.49,1560.49,2024-06-05
1470,271,24,1,1560.49,1560.49,2024-06-05
2094,482,11,1,229.25,229.25,2024-06-05
3379,238,24,1,1560.49,1560.49,2024-06-05
4322,323,9,1,2464.29,2464.29,2024-06-05
4466,491,34,1,3803.21,3803.21,2024-06-05
6681,487,6,1,750.58,750.58,2024-06-05
6979,237,21,1,2505.63,2505.63,2024-06-05
7939,403,12,1,3884.15,3884.15,2024-06-05
8642,245,28,1,2129.8,2129.8,2024-06-05
9183,228,9,1,2464.29,2464.29,2024-06-05
9462,8,21,1,2505.63,2505.63,2024-06-05
9543,105,25,1,1905.87,1905.87,2024-06-05
10048,278,36,2,3262.33,6524.66,2024-06-05
11029,105,19,1,1812.99,1812.99,2024-06-05
37,358,29,1,2430.8,2430.8,2024-06-06
640,249,27,1,918.74,918.74,2024-06-06
852,459,22,1,687.05,687.05,2024-06-06
956,226,21,1,2505.63,2505.63,2024-06-06
1604,497,1,1,1591.98,1591.98,2024-06-06
1607,104,24,1,1560.49,1560.49,2024-06-06
2502,366,36,1,3262.33,3262.33,2024-06-06
3206,210,33,1,400.45,400.45,2024-06-06
4176,457,3,1,2968.18,2968.18,2024-06-06
4810,18,33,1,400.45,400.45,2024-06-06
5006,220,34,2,3803.21,7606.42,2024-06-06
5119,338,36,1,3262.33,3262.33,2024-06-06
5789,496,6,1,750.58,750.58,2024-06-06
6555,18,24,1,1560.49,1560.49,2024-06-06
6808,443,32,1,806.52,806.52,2024-06-06
7072,237,6,1,750.58,750.58,2024-06-06
7601,500,24,2,1560.49,3120.98,2024-06-06
8423,366,16,1,856.11,856.11,2024-06-06
8581,453,26,1,3172.93,3172.93,2024-06-06
8744,482,21,1,2505.63,2505.63,2024-06-06
9420,119,24,1,1560.49,1560.49,2024-06-06
11323,203,30,1,328.83,328.83,2024-06-06
264,496,34,1,3803.21,3803.21,2024-06-07
399,341,27,1,918.74,918.74,2024-06-07
627,373,22,3,687.05,2061.15,2024-06-07
3204,411,25,2,1905.87,3811.74,2024-06-07
3628,308,4,1,2454.84,2454.84,2024-06-07
4109,310,35,1,3867.68,3867.68,2024-06-07
4152,388,18,1,2170.31,2170.31,2024-06-07
4280,400,3,1,2968.18,2968.18,2024-06-07
5864,139,5,1,750.67,750.67,2024-06-07
7953,361,34,1,3803.21,3803.21,2024-06-07
8915,296,21,1,2505.63,2505.63,2024-06-07
9229,330,22,1,687.05,687.05,2024-06-07
9948,373,2,1,3810.25,3810.25,2024-06-07
10041,212,30,1,328.83,328.83,2024-06-07
441,191,19,1,1812.99,1812.99,2024-06-08
2098,210,21,1,2505.63,2505.63,2024-06-08
2248,343,10,1,2876.08,2876.08,2024-06-08
3948,359,29,2,2430.8,4861.6,2024-06-08
3989,290,30,1,328.83,328.83,2024-06-08
4761,17,1,2,1591.98,3183.96,2024-06-08
7932,432,35,1,3867.68,3867.68,2024-06-08
8479,180,21,1,2505.63,2505.63,2024-06-08
8586,497,31,1,2489.05,2489.05,2024-06-08
8627,245,22,1,687.05,687.05,2024-06-08
8851,311,22,1,687.05,687.05,2024-06-08
9064,191,22,1,687.05,687.05,2024-06-08
9263,322,29,1,2430.8,2430.8,2024-06-08
11228,212,14,1,967.51,967.51,2024-06-08
11549,458,20,2,1271.23,2542.46,2024-06-08
2487,395,27,1,918.74,918.74,2024-06-09
3001,119,19,1,1812.99,1812.99,2024-06-09
4443,104,18,1,2170.31,2170.31,2024-06-09
5499,355,15,2,850.03,1700.06,2024-06-09
6079,376,3,2,2968.18,5936.36,2024-06-09
6754,50,24,1,1560.49,1560.49,2024-06-09
6802,453,16,1,856.11,856.11,2024-06-09
6966,206,31,2,2489.05,4978.1,2024-06-09
7507,448,27,3,918.74,2756.22,2024-06-09
7642,496,27,1,918.74,918.74,2024-06-09
9083,27,19,2,1812.99,3625.98,2024-06-09
10828,80,25,2,1905.87,3811.74,2024-06-09
10847,332,22,2,687.05,1374.1,2024-06-09
11012,77,25,1,1905.87,1905.87,2024-06-09
11598,241,25,1,1905.87,1905.87,2024-06-09
442,217,8,1,3484.78,3484.78,2024-06-10
1181,34,36,1,3262.33,3262.33,2024-06-10
1970,121,4,2,2454.84,4909.68,2024-06-10
2147,162,36,2,3262.33,6524.66,2024-06-10
2261,376,8,1,3484.78,3484.78,2024-06-10
2412,210,21,1,2505.63,2505.63,2024-06-10
3508,99,36,1,3262.33,3262.33,2024-06-10
4113,323,34,1,3803.21,3803.21,2024-06-10
4484,22,6,2,750.58,1501.16,2024-06-10
4843,411,21,1,2505.63,2505.63,2024-06-10
5383,357,16,1,856.11,856.11,2024-06-10
5449,115,33,1,400.45,400.45,2024-06-10
6331,350,25,1,1905.87,1905.87,2024-06-10
7697,320,35,2,3867.68,7735.36,2024-06-10
9042,270,7,1,373.62,373.62,2024-06-10
10221,38,22,1,687.05,687.05,2024-06-10
11901,111,17,1,1321.33,1321.33,2024-06-10
586,273,35,1,3867.68,3867.68,2024-06-11
2652,230,36,2,3262.33,6524.66,2024-06-11
2810,434,15,1,850.03,850.03,2024-06-11
4926,402,12,1,3884.15,3884.15,2024-06-11
7655,348,36,1,3262.33,3262.33,2024-06-11
9233,132,5,1,750.67,750.67,2024-06-11
9455,83,26,1,3172.93,3172.93,2024-06-11
9532,107,6,1,750.58,750.58,2024-06-11
10108,329,24,1,1560.49,1560.49,2024-06-11
10141,270,23,2,1274.76,2549.52,2024-06-11
11263,386,26,1,3172.93,3172.93,2024-06-11
11575,257,26,1,3172.93,3172.93,2024-06-11
1011,102,5,1,750.67,750.67,2024-06-12
1768,102,10,1,2876.08,2876.08,2024-06-12
2359,79,24,1,1560.49,1560.49,2024-06-12
2956,438,17,1,1321.33,1321.33,2024-06-12
3221,422,17,1,1321.33,1321.33,2024-06-12
3446,471,22,1,687.05,687.05,2024-06-12
4616,105,32,2,806.52,1613.04,2024-06-12
5433,4,8,1,3484.78,3484.78,2024-06-12
6216,43,29,2,2430.8,4861.6,2024-06-12
6891,332,28,2,2129.8,4259.6,2024-06-12
8238,386,27,1,918.74,918.74,2024-06-12
8787,40,19,1,1812.99,1812.99,2024-06-12
11328,463,36,1,3262.33,3262.33,2024-06-12
11662,221,2,2,3810.25,7620.5,2024-06-12
684,124,36,1,3262.33,3262.33,2024-06-13
2477,242,35,2,3867.68,7735.36,2024-06-13
2904,496,25,1,1905.87,1905.87,2024-06-13
3147,226,25,1,1905.87,1905.87,2024-06-13
3199,473,4,1,2454.84,2454.84,2024-06-13
3349,425,20,1,1271.23,1271.23,2024-06-13
3527,323,8,1,3484.78,3484.78,2024-06-13
3666,464,26,1,3172.93,3172.93,2024-06-13
4149,27,26,2,3172.93,6345.86,2024-06-13
5669,184,20,1,1271.23,1271.23,2024-06-13
6199,488,31,1,2489.05,2489.05,2024-06-13
6296,285,18,1,2170.31,2170.31,2024-06-13
6310,289,30,1,328.83,328.83,2024-06-13
8157,251,20,1,1271.23,1271.23,2024-06-13
8609,498,5,1,750.67,750.67,2024-06-13
9071,80,30,1,328.83,328.83,2024-06-13
9165,373,13,1,3354.9,3354.9,2024-06-13
9519,495,21,1,2505.63,2505.63,2024-06-13
10510,20,5,1,750.67,750.67,2024-06-13
11392,245,34,1,3803.21,3803.21,2024-06-13
11945,310,5,1,750.67,750.67,2024-06-13
669,364,34,2,3803.21,7606.42,2024-06-14
3518,145,12,2,3884.15,7768.3,2024-06-14
3914,152,31,2,2489.05,4978.1,2024-06-14
4678,257,24,1,1560.49,1560.49,2024-06-14
5675,191,23,2,1274.76,2549.52,2024-06-14
6729,350,25,2,1905.87,3811.74,2024-06-14
6746,69,35,1,3867.68,3867.68,2024-06-14
7144,79,8,1,3484.78,3484.78,2024-06-14
7745,371,1,2,1591.98,3183.96,2024-06-14
8357,289,20,3,1271.23,3813.69,2024-06-14
8597,353,32,1,806.52,806.52,2024-06-14
9157,454,36,1,3262.33,3262.33,2024-06-14
9196,382,4,1,2454.84,2454.84,2024-06-14
10176,285,22,2,687.05,1374.1,2024-06-14
10833,15,34,1,3803.21,3803.21,2024-06-14
10955,497,32,2,806.52,1613.04,2024-06-14
11639,45,12,1,3884.15,3884.15,2024-06-14
641,210,20,1,1271.23,1271.23,2024-06-15
2688,252,31,1,2489.05,2489.05,2024-06-15
4624,191,10,1,2876.08,2876.08,2024-06-15
5689,221,4,1,2454.84,2454.84,2024-06-15
5821,355,35,1,3867.68,3867.68,2024-06-15
5861,119,33,1,400.45,400.45,2024-06-15
6549,323,14,2,967.51,1935.02,2024-06-15
6955,53,27,1,918.74,918.74,2024-06-15
7974,241,36,1,3262.33,3262.33,2024-06-15
9116,378,20,1,1271.23,1271.23,2024-06-15
9365,371,2,1,3810.25,3810.25,2024-06-15
10417,292,16,1,856.11,856.11,2024-06-15
2120,279,29,1,2430.8,2430.8,2024-06-16
4009,408,14,2,967.51,1935.02,2024-06-16
4525,312,12,2,3884.15,7768.3,2024-06-16
5752,315,13,1,3354.9,3354.9,2024-06-16
6479,450,26,1,3172.93,3172.93,2024-06-16
8404,35,32,1,806.52,806.52,2024-06-16
8421,174,4,1,2454.84,2454.84,2024-06-16
8913,400,16,1,856.11,856.11,2024-06-16
11297,162,15,2,850.03,1700.06,2024-06-16
11382,281,35,2,3867.68,7735.36,2024-06-16
11876,162,21,1,2505.63,2505.63,2024-06-16
208,130,30,1,328.83,328.83,2024-06-17
1284,427,33,1,400.45,400.45,2024-06-17
2019,118,21,1,2505.63,2505.63,2024-06-17
2250,500,18,2,2170.31,4340.62,2024-06-17
2850,213,29,2,2430.8,4861.6,2024-06-17
5373,147,15,2,850.03,1700.06,2024-06-17
5629,270,35,1,3867.68,3867.68,2024-06-17
6065,478,1,2,1591.98,3183.96,2024-06-17
6463,83,20,1,1271.23,1271.23,2024-06-17
6844,142,4,1,2454.84,2454.84,2024-06-17
7273,445,35,1,3867.68,3867.68,2024-06-17
7714,418,33,2,400.45,800.9,2024-06-17
9103,406,4,2,2454.84,4909.68,2024-06-17
9301,182,35,1,3867.68,3867.68,2024-06-17
9761,302,36,1,3262.33,3262.33,2024-06-17
10997,291,25,2,1905.87,3811.74,2024-06-17
11057,450,4,1,2454.84,2454.84,2024-06-17
644,164,8,1,3484.78,3484.78,2024-06-18
1898,473,4,1,2454.84,2454.84,2024-06-18
1984,429,5,1,750.67,750.67,2024-06-18
3005,77,11,2,229.25,458.5,2024-06-18
3499,473,35,2,3867.68,7735.36,2024-06-18
4782,413,26,1,3172.93,3172.93,2024-06-18
7021,15,8,1,3484.78,3484.78,2024-06-18
8013,290,10,2,2876.08,5752.16,2024-06-18
8506,353,24,3,1560.49,4681.47,2024-06-18
8775,497,20,2,1271.23,2542.46,2024-06-18
10660,53,7,1,373.62,373.62,2024-06-18
10983,388,28,3,2129.8,6389.4,2024-06-18
11312,449,22,1,687.05,687.05,2024-06-18
123,235,27,1,918.74,918.74,2024-06-19
824,157,12,1,3884.15,3884.15,2024-06-19
1717,213,35,1,3867.68,3867.68,2024-06-19
1830,427,20,1,1271.23,1271.23,2024-06-19
2124,124,22,1,687.05,687.05,2024-06-19
2145,327,9,1,2464.29,2464.29,2024-06-19
2460,311,29,1,2430.8,2430.8,2024-06-19
2952,411,24,1,1560.49,1560.49,2024-06-19
3535,132,13,1,3354.9,3354.9,2024-06-19
3933,411,32,1,806.52,806.52,2024-06-19
4239,320,22,1,687.05,687.05,2024-06-19
4578,383,21,1,2505.63,2505.63,2024-06-19
6680,85,4,1,2454.84,2454.84,2024-06-19
8061,436,14,2,967.51,1935.02,2024-06-19
8762,406,17,1,1321.33,1321.33,2024-06-19
9337,361,15,1,850.03,850.03,2024-06-19
10592,130,36,1,3262.33,3262.33,2024-06-19
10808,375,23,1,1274.76,1274.76,2024-06-19
10958,320,24,1,1560.49,1560.49,2024-06-19
11078,438,31,2,2489.05,4978.1,2024-06-19
11299,17,31,1,2489.05,2489.05,2024-06-19
11552,439,8,1,3484.78,3484.78,2024-06-19
11627,8,3,1,2968.18,2968.18,2024-06-19
1646,53,32,3,806.52,2419.56,2024-06-20
1852,212,34,2,3803.21,7606.42,2024-06-20
2445,8,30,1,328.83,328.83,2024-06-20
2570,81,35,1,3867.68,3867.68,2024-06-20
3266,485,20,1,1271.23,1271.23,2024-06-20
3560,186,12,2,3884.15,7768.3,2024-06-20
3906,457,31,1,2489.05,2489.05,2024-06-20
3926,104,34,1,3803.21,3803.21,2024-06-20
5075,52,19,1,1812.99,1812.99,2024-06-20
5126,341,23,2,1274.76,2549.52,2024-06-20
5132,204,18,1,2170.31,2170.31,2024-06-20
5842,455,34,2,3803.21,7606.42,2024-06-20
6797,17,18,1,2170.31,2170.31,2024-06-20
7130,261,33,2,400.45,800.9,2024-06-20
7475,465,27,1,918.74,918.74,2024-06-20
7925,260,15,1,850.03,850.03,2024-06-20
9591,162,10,1,2876.08,2876.08,2024-06-20
9863,91,12,1,3884.15,3884.15,2024-06-20
953,400,2,2,3810.25,7620.5,2024-06-21
1481,464,17,1,1321.33,1321.33,2024-06-21
1863,243,22,1,687.05,687.05,2024-06-21
1908,482,34,1,3803.21,3803.21,2024-06-21
2304,373,30,1,328.83,328.83,2024-06-21
2808,14,6,1,750.58,750.58,2024-06-21
3384,436,29,1,2430.8,2430.8,2024-06-21
5371,119,17,1,1321.33,1321.33,2024-06-21
5995,168,8,1,3484.78,3484.78,2024-06-21
6495,111,22,1,687.05,687.05,2024-06-21
7066,193,14,1,967.51,967.51,2024-06-21
7118,496,7,1,373.62,373.62,2024-06-21
7755,161,34,2,3803.21,7606.42,2024-06-21
8030,205,22,1,687.05,687.05,2024-06-21
8145,195,12,1,3884.15,3884.15,2024-06-21
8532,27,32,2,806.52,1613.04,2024-06-21
10677,231,19,1,1812.99,1812.99,2024-06-21
11049,34,17,1,1321.33,1321.33,2024-06-21
1640,280,5,2,750.67,1501.34,2024-06-22
2860,151,18,2,2170.31,4340.62,2024-06-22
4372,472,36,1,3262.33,3262.33,2024-06-22
5085,70,16,1,856.11,856.11,2024-06-22
6441,407,29,1,2430.8,2430.8,2024-06-22
8942,151,7,2,373.62,747.24,2024-06-22
10667,104,8,1,3484.78,3484.78,2024-06-22
10915,122,3,1,2968.18,2968.18,2024-06-22
11157,348,31,1,2489.05,2489.05,2024-06-22
11192,393,27,1,918.74,918.74,2024-06-22
11700,343,26,2,3172.93,6345.86,2024-06-22
11761,53,34,1,3803.21,3803.21,2024-06-22
137,186,31,2,2489.05,4978.1,2024-06-23
1107,210,5,3,750.67,2252.01,2024-06-23
2515,34,35,1,3867.68,3867.68,2024-06-23
3551,403,13,2,3354.9,6709.8,2024-06-23
3958,108,11,2,229.25,458.5,2024-06-23
4410,487,36,1,3262.33,3262.33,2024-06-23
4621,207,1,1,1591.98,1591.98,2024-06-23
4908,222,30,2,328.83,657.66,2024-06-23
5346,242,18,1,2170.31,2170.31,2024-06-23
5502,355,19,1,1812.99,1812.99,2024-06-23
6375,303,10,1,2876.08,2876.08,2024-06-23
7222,331,34,2,3803.21,7606.42,2024-06-23
7746,149,2,1,3810.25,3810.25,2024-06-23
8038,214,31,2,2489.05,4978.1,2024-06-23
8152,252,4,1,2454.84,2454.84,2024-06-23
8463,369,18,1,2170.31,2170.31,2024-06-23
8545,302,26,1,3172.93,3172.93,2024-06-23
9692,418,7,1,373.62,373.62,2024-06-23
9845,340,20,2,1271.23,2542.46,2024-06-23
10965,191,30,1,328.83,328.83,2024-06-23
11753,353,26,1,3172.93,3172.93,2024-06-23
957,161,13,1,3354.9,3354.9,2024-06-24
4859,387,21,1,2505.63,2505.63,2024-06-24
5496,402,26,1,3172.93,3172.93,2024-06-24
5941,13,36,1,3262.33,3262.33,2024-06-24
6645,143,18,1,2170.31,2170.31,2024-06-24
7638,471,16,1,856.11,856.11,2024-06-24
7829,438,9,1,2464.29,2464.29,2024-06-24
8367,180,20,1,1271.23,1271.23,2024-06-24
8799,99,14,3,967.51,2902.53,2024-06-24
9644,34,18,1,2170.31,2170.31,2024-06-24
9827,57,30,1,328.83,328.83,2024-06-24
11900,412,19,2,1812.99,3625.98,2024-06-24
578,243,29,1,2430.8,2430.8,2024-06-25
885,130,11,1,229.25,229.25,2024-06-25
1807,18,3,1,2968.18,2968.18,2024-06-25
2616,489,7,1,373.62,373.62,2024-06-25
5339,58,3,1,2968.18,2968.18,2024-06-25
8295,341,11,1,229.25,229.25,2024-06-25
11170,429,30,2,328.83,657.66,2024-06-25
524,77,19,1,1812.99,1812.99,2024-06-26
1828,473,17,3,1321.33,3963.99,2024-06-26
2368,474,35,1,3867.68,3867.68,2024-06-26
2569,332,8,1,3484.78,3484.78,2024-06-26
2660,497,21,1,2505.63,2505.63,2024-06-26
2699,410,5,1,750.67,750.67,2024-06-26
4295,301,35,1,3867.68,3867.68,2024-06-26
4936,472,2,2,3810.25,7620.5,2024-06-26
5367,68,34,2,3803.21,7606.42,2024-06-26
6342,77,16,1,856.11,856.11,2024-06-26
6752,353,23,1,1274.76,1274.76,2024-06-26
7901,278,20,1,1271.23,1271.23,2024-06-26
9069,405,3,1,2968.18,2968.18,2024-06-26
9440,446,27,2,918.74,1837.48,2024-06-26
9566,464,36,1,3262.33,3262.33,2024-06-26
9965,191,8,2,3484.78,6969.56,2024-06-26
11132,268,4,2,2454.84,4909.68,2024-06-26
11177,221,13,2,3354.9,6709.8,2024-06-26
308,360,2,1,3810.25,3810.25,2024-06-27
1766,428,13,1,3354.9,3354.9,2024-06-27
2927,168,29,1,2430.8,2430.8,2024-06-27
3477,496,30,1,328.83,328.83,2024-06-27
3893,456,25,1,1905.87,1905.87,2024-06-27
5107,429,7,2,373.62,747.24,2024-06-27
5403,290,7,1,373.62,373.62,2024-06-27
6766,355,13,2,3354.9,6709.8,2024-06-27
7426,416,30,1,328.83,328.83,2024-06-27
7429,411,28,1,2129.8,2129.8,2024-06-27
10118,331,16,1,856.11,856.11,2024-06-27
10148,400,13,1,3354.9,3354.9,2024-06-27
10163,477,28,1,2129.8,2129.8,2024-06-27
10470,381,33,1,400.45,400.45,2024-06-27
138,498,21,1,2505.63,2505.63,2024-06-28
200,356,11,1,229.25,229.25,2024-06-28
472,42,22,1,687.05,687.05,2024-06-28
775,348,34,1,3803.21,3803.21,2024-06-28
1196,111,32,1,806.52,806.52,2024-06-28
1225,440,10,1,2876.08,2876.08,2024-06-28
1387,149,32,1,806.52,806.52,2024-06-28
2421,460,12,1,3884.15,3884.15,2024-06-28
3399,73,20,2,1271.23,2542.46,2024-06-28
3689,277,20,1,1271.23,1271.23,2024-06-28
3730,482,14,1,967.51,967.51,2024-06-28
4752,320,14,1,967.51,967.51,2024-06-28
4799,368,18,1,2170.31,2170.31,2024-06-28
5111,111,32,1,806.52,806.52,2024-06-28
5590,240,6,1,750.58,750.58,2024-06-28
5672,236,11,1,229.25,229.25,2024-06-28
5771,440,16,1,856.11,856.11,2024-06-28
6259,263,2,2,3810.25,7620.5,2024-06-28
7228,270,25,1,1905.87,1905.87,2024-06-28
7684,273,26,1,3172.93,3172.93,2024-06-28
7941,436,26,2,3172.93,6345.86,2024-06-28
8450,496,4,2,2454.84,4909.68,2024-06-28
8536,122,4,2,2454.84,4909.68,2024-06-28
9905,472,13,1,3354.9,3354.9,2024-06-28
11451,165,22,1,687.05,687.05,2024-06-28
11643,154,26,2,3172.93,6345.86,2024-06-28
11764,354,20,1,1271.23,1271.23,2024-06-28
1198,222,4,1,2454.84,2454.84,2024-06-29
2369,459,7,1,373.62,373.62,2024-06-29
3862,207,7,1,373.62,373.62,2024-06-29
4946,68,16,1,856.11,856.11,2024-06-29
5289,83,26,1,3172.93,3172.93,2024-06-29
5432,354,12,2,3884.15,7768.3,2024-06-29
5448,464,5,1,750.67,750.67,2024-06-29
7435,338,28,1,2129.8,2129.8,2024-06-29
7913,331,33,1,400.45,400.45,2024-06-29
8039,165,22,2,687.05,1374.1,2024-06-29
8831,434,5,1,750.67,750.67,2024-06-29
8863,388,1,1,1591.98,1591.98,2024-06-29
9282,402,29,1,2430.8,2430.8,2024-06-29
9797,328,30,1,328.83,328.83,2024-06-29
10777,182,2,1,3810.25,3810.25,2024-06-29
11858,382,2,1,3810.25,3810.25,2024-06-29
1673,257,8,1,3484.78,3484.78,2024-06-30
2426,469,15,2,850.03,1700.06,2024-06-30
2679,15,24,1,1560.49,1560.49,2024-06-30
2802,329,16,1,856.11,856.11,2024-06-30
3093,496,12,1,3884.15,3884.15,2024-06-30
3188,114,11,1,229.25,229.25,2024-06-30
3579,316,24,1,1560.49,1560.49,2024-06-30
4537,346,5,1,750.67,750.67,2024-06-30
4682,19,16,1,856.11,856.11,2024-06-30
6061,478,28,1,2129.8,2129.8,2024-06-30
7186,220,33,1,400.45,400.45,2024-06-30
7750,497,21,1,2505.63,2505.63,2024-06-30
9362,180,24,2,1560.49,3120.98,2024-06-30
11213,203,34,1,3803.21,3803.21,2024-06-30
11599,38,15,1,850.03,850.03,2024-06-30
11655,41,17,1,1321.33,1321.33,2024-06-30
11805,396,20,1,1271.23,1271.23,2024-06-30
3286,481,34,1,3803.21,3803.21,2024-07-01
4182,1,27,1,918.74,918.74,2024-07-01
4677,406,1,1,1591.98,1591.98,2024-07-01
5220,492,13,2,3354.9,6709.8,2024-07-01
5227,466,16,1,856.11,856.11,2024-07-01
5478,176,19,1,1812.99,1812.99,2024-07-01
6543,279,17,2,1321.33,2642.66,2024-07-01
7432,287,4,1,2454.84,2454.84,2024-07-01
7760,376,34,1,3803.21,3803.21,2024-07-01
8954,379,3,1,2968.18,2968.18,2024-07-01
10650,482,23,1,1274.76,1274.76,2024-07-01
11033,241,11,1,229.25,229.25,2024-07-01
11205,109,2,1,3810.25,3810.25,2024-07-01
11353,323,15,2,850.03,1700.06,2024-07-01
11574,99,26,2,3172.93,6345.86,2024-07-01
1520,105,18,1,2170.31,2170.31,2024-07-02
2163,217,35,2,3867.68,7735.36,2024-07-02
2175,237,28,1,2129.8,2129.8,2024-07-02
3447,27,7,1,373.62,373.62,2024-07-02
3646,110,25,1,1905.87,1905.87,2024-07-02
4228,214,36,1,3262.33,3262.33,2024-07-02
4597,104,35,1,3867.68,3867.68,2024-07-02
4626,411,16,1,856.11,856.11,2024-07-02
4872,347,31,2,2489.05,4978.1,2024-07-02
5389,243,14,1,967.51,967.51,2024-07-02
5625,18,8,1,3484.78,3484.78,2024-07-02
5798,454,5,1,750.67,750.67,2024-07-02
6439,379,35,1,3867.68,3867.68,2024-07-02
7484,350,30,1,328.83,328.83,2024-07-02
7528,3,11,3,229.25,687.75,2024-07-02
7687,45,26,1,3172.93,3172.93,2024-07-02
8233,377,19,2,1812.99,3625.98,2024-07-02
8279,122,20,1,1271.23,1271.23,2024-07-02
10440,355,32,1,806.52,806.52,2024-07-02
11098,412,34,1,3803.21,3803.21,2024-07-02
11381,408,8,1,3484.78,3484.78,2024-07-02
11412,115,9,1,2464.29,2464.29,2024-07-02
11440,386,23,2,1274.76,2549.52,2024-07-02
11877,317,30,2,328.83,657.66,2024-07-02
418,364,36,1,3262.33,3262.33,2024-07-03
817,191,7,1,373.62,373.62,2024-07-03
1321,47,35,1,3867.68,3867.68,2024-07-03
1687,471,25,1,1905.87,1905.87,2024-07-03
2348,239,1,1,1591.98,1591.98,2024-07-03
2798,276,10,1,2876.08,2876.08,2024-07-03
3537,320,23,1,1274.76,1274.76,2024-07-03
3847,236,25,1,1905.87,1905.87,2024-07-03
4240,249,12,1,3884.15,3884.15,2024-07-03
4591,230,5,1,750.67,750.67,2024-07-03
4721,148,36,2,3262.33,6524.66,2024-07-03
5024,39,13,2,3354.9,6709.8,2024-07-03
5170,289,12,1,3884.15,3884.15,2024-07-03
6163,191,27,1,918.74,918.74,2024-07-03
6494,472,7,1,373.62,373.62,2024-07-03
6504,447,21,1,2505.63,2505.63,2024-07-03
7042,233,18,1,2170.31,2170.31,2024-07-03
8867,165,18,1,2170.31,2170.31,2024-07-03
9247,440,27,1,918.74,918.74,2024-07-03
9500,290,34,2,3803.21,7606.42,2024-07-03
9520,325,19,1,1812.99,1812.99,2024-07-03
9603,453,26,1,3172.93,3172.93,2024-07-03
10317,263,16,1,856.11,856.11,2024-07-03
10462,279,32,2,806.52,1613.04,2024-07-03
10589,483,21,1,2505.63,2505.63,2024-07-03
11372,51,9,1,2464.29,2464.29,2024-07-03
422,417,22,1,687.05,687.05,2024-07-04
642,143,20,2,1271.23,2542.46,2024-07-04
2760,207,18,1,2170.31,2170.31,2024-07-04
3356,271,27,1,918.74,918.74,2024-07-04
4068,279,34,1,3803.21,3803.21,2024-07-04
4632,350,30,2,328.83,657.66,2024-07-04
5951,35,14,1,967.51,967.51,2024-07-04
8325,270,8,1,3484.78,3484.78,2024-07-04
8349,302,12,1,3884.15,3884.15,2024-07-04
8466,20,2,1,3810.25,3810.25,2024-07-04
8656,34,18,1,2170.31,2170.31,2024-07-04
8860,205,30,2,328.83,657.66,2024-07-04
11502,440,12,2,3884.15,7768.3,2024-07-04
778,69,27,1,918.74,918.74,2024-07-05
930,500,14,1,967.51,967.51,2024-07-05
2432,488,10,1,2876.08,2876.08,2024-07-05
3557,329,14,1,967.51,967.51,2024-07-05
4029,112,25,3,1905.87,5717.61,2024-07-05
5671,182,11,1,229.25,229.25,2024-07-05
6349,190,8,2,3484.78,6969.56,2024-07-05
6623,278,12,2,3884.15,7768.3,2024-07-05
8043,496,12,3,3884.15,11652.45,2024-07-05
8591,118,31,1,2489.05,2489.05,2024-07-05
8693,221,12,1,3884.15,3884.15,2024-07-05
8982,252,22,1,687.05,687.05,2024-07-05
9054,32,12,1,3884.15,3884.15,2024-07-05
11187,135,31,2,2489.05,4978.1,2024-07-05
11869,440,3,1,2968.18,2968.18,2024-07-05
2767,58,22,1,687.05,687.05,2024-07-06
3776,434,24,1,1560.49,1560.49,2024-07-06
3805,370,14,1,967.51,967.51,2024-07-06
4899,495,14,1,967.51,967.51,2024-07-06
5839,130,27,2,918.74,1837.48,2024-07-06
6475,392,4,1,2454.84,2454.84,2024-07-06
6991,226,9,1,2464.29,2464.29,2024-07-06
7069,481,13,2,3354.9,6709.8,2024-07-06
8052,436,5,1,750.67,750.67,2024-07-06
9983,40,24,1,1560.49,1560.49,2024-07-06
11800,487,3,1,2968.18,2968.18,2024-07-06
11884,465,9,1,2464.29,2464.29,2024-07-06
1484,115,29,2,2430.8,4861.6,2024-07-07
1774,188,4,2,2454.84,4909.68,2024-07-07
3217,15,14,1,967.51,967.51,2024-07-07
3350,6,30,2,328.83,657.66,2024-07-07
3927,238,36,1,3262.33,3262.33,2024-07-07
4487,251,34,1,3803.21,3803.21,2024-07-07
4520,453,4,1,2454.84,2454.84,2024-07-07
5683,424,19,2,1812.99,3625.98,2024-07-07
6319,108,10,1,2876.08,2876.08,2024-07-07
7405,324,15,1,850.03,850.03,2024-07-07
8785,409,26,1,3172.93,3172.93,2024-07-07
9095,329,27,1,918.74,918.74,2024-07-07
9295,100,19,1,1812.99,1812.99,2024-07-07
10064,450,1,1,1591.98,1591.98,2024-07-07
10390,99,21,1,2505.63,2505.63,2024-07-07
11479,323,4,1,2454.84,2454.84,2024-07-07
11986,331,22,2,687.05,1374.1,2024-07-07
1232,256,1,1,1591.98,1591.98,2024-07-08
2526,185,32,1,806.52,806.52,2024-07-08
4163,128,23,1,1274.76,1274.76,2024-07-08
4501,324,26,1,3172.93,3172.93,2024-07-08
4665,183,9,1,2464.29,2464.29,2024-07-08
5202,270,29,1,2430.8,2430.8,2024-07-08
5921,460,31,1,2489.05,2489.05,2024-07-08
6635,207,30,1,328.83,328.83,2024-07-08
8334,56,28,1,2129.8,2129.8,2024-07-08
8705,139,24,1,1560.49,1560.49,2024-07-08
8862,400,13,2,3354.9,6709.8,2024-07-08
9833,385,34,1,3803.21,3803.21,2024-07-08
10075,483,7,1,373.62,373.62,2024-07-08
11317,20,3,1,2968.18,2968.18,2024-07-08
867,8,7,1,373.62,373.62,2024-07-09
1202,358,30,2,328.83,657.66,2024-07-09
1220,58,20,2,1271.23,2542.46,2024-07-09
1596,251,17,1,1321.33,1321.33,2024-07-09
1775,354,2,3,3810.25,11430.75,2024-07-09
1823,205,3,1,2968.18,2968.18,2024-07-09
4043,221,3,2,2968.18,5936.36,2024-07-09
4434,416,8,1,3484.78,3484.78,2024-07-09
5777,384,8,1,3484.78,3484.78,2024-07-09
6578,147,13,1,3354.9,3354.9,2024-07-09
7349,56,5,3,750.67,2252.01,2024-07-09
8041,119,22,1,687.05,687.05,2024-07-09
8049,77,2,1,3810.25,3810.25,2024-07-09
8573,338,31,1,2489.05,2489.05,2024-07-09
9605,45,11,1,229.25,229.25,2024-07-09
11189,344,21,1,2505.63,2505.63,2024-07-09
11271,162,34,1,3803.21,3803.21,2024-07-09
749,18,4,1,2454.84,2454.84,2024-07-10
1617,241,17,1,1321.33,1321.33,2024-07-10
1792,397,6,1,750.58,750.58,2024-07-10
1834,68,24,1,1560.49,1560.49,2024-07-10
2530,293,22,2,687.05,1374.1,2024-07-10
3507,331,2,1,3810.25,3810.25,2024-07-10
3830,270,11,1,229.25,229.25,2024-07-10
4142,168,5,1,750.67,750.67,2024-07-10
4786,229,23,1,1274.76,1274.76,2024-07-10
6167,266,7,1,373.62,373.62,2024-07-10
6633,210,25,2,1905.87,3811.74,2024-07-10
7624,205,13,1,3354.9,3354.9,2024-07-10
8644,497,9,1,2464.29,2464.29,2024-07-10
9475,376,9,1,2464.29,2464.29,2024-07-10
9773,268,9,2,2464.29,4928.58,2024-07-10
10737,443,35,2,3867.68,7735.36,2024-07-10
11268,497,1,2,1591.98,3183.96,2024-07-10
8,221,7,1,373.62,373.62,2024-07-11
567,373,7,1,373.62,373.62,2024-07-11
1429,266,19,3,1812.99,5438.97,2024-07-11
2381,119,2,2,3810.25,7620.5,2024-07-11
2643,103,26,1,3172.93,3172.93,2024-07-11
2849,61,33,1,400.45,400.45,2024-07-11
3069,278,36,2,3262.33,6524.66,2024-07-11
4027,418,27,2,918.74,1837.48,2024-07-11
4039,193,11,1,229.25,229.25,2024-07-11
4498,410,4,1,2454.84,2454.84,2024-07-11
5001,483,11,1,229.25,229.25,2024-07-11
5620,404,18,1,2170.31,2170.31,2024-07-11
5867,361,11,2,229.25,458.5,2024-07-11
7613,443,18,1,2170.31,2170.31,2024-07-11
8189,311,14,2,967.51,1935.02,2024-07-11
8384,471,6,2,750.58,1501.16,2024-07-11
9334,445,26,1,3172.93,3172.93,2024-07-11
9738,353,25,1,1905.87,1905.87,2024-07-11
9757,231,23,1,1274.76,1274.76,2024-07-11
11210,386,20,1,1271.23,1271.23,2024-07-11
11367,270,22,1,687.05,687.05,2024-07-11
2051,80,14,2,967.51,1935.02,2024-07-12
3614,436,18,1,2170.31,2170.31,2024-07-12
4003,123,6,1,750.58,750.58,2024-07-12
5646,4,21,2,2505.63,5011.26,2024-07-12
5978,487,16,2,856.11,1712.22,2024-07-12
6471,288,19,2,1812.99,3625.98,2024-07-12
7036,85,25,1,1905.87,1905.87,2024-07-12
7461,376,7,3,373.62,1120.86,2024-07-12
8011,353,22,1,687.05,687.05,2024-07-12
8657,18,2,1,3810.25,3810.25,2024-07-12
8864,19,12,2,3884.15,7768.3,2024-07-12
9795,181,31,2,2489.05,4978.1,2024-07-12
11612,241,21,1,2505.63,2505.63,2024-07-12
283,8,19,3,1812.99,5438.97,2024-07-13
1437,406,26,1,3172.93,3172.93,2024-07-13
2752,232,21,1,2505.63,2505.63,2024-07-13
3778,459,4,2,2454.84,4909.68,2024-07-13
4172,235,30,1,328.83,328.83,2024-07-13
4224,92,12,1,3884.15,3884.15,2024-07-13
4571,102,33,1,400.45,400.45,2024-07-13
4811,317,32,1,806.52,806.52,2024-07-13
5300,78,35,1,3867.68,3867.68,2024-07-13
7449,105,29,1,2430.8,2430.8,2024-07-13
7798,366,19,1,1812.99,1812.99,2024-07-13
7954,163,14,2,967.51,1935.02,2024-07-13
8198,411,14,1,967.51,967.51,2024-07-13
8524,143,15,1,850.03,850.03,2024-07-13
10194,99,26,2,3172.93,6345.86,2024-07-13
11812,373,21,1,2505.63,2505.63,2024-07-13
48,206,36,1,3262.33,3262.33,2024-07-14
796,326,20,2,1271.23,2542.46,2024-07-14
1422,410,28,1,2129.8,2129.8,2024-07-14
2830,436,33,1,400.45,400.45,2024-07-14
3074,292,26,1,3172.93,3172.93,2024-07-14
6658,73,17,1,1321.33,1321.33,2024-07-14
6672,27,20,1,1271.23,1271.23,2024-07-14
7555,332,5,1,750.67,750.67,2024-07-14
9694,432,4,1,2454.84,2454.84,2024-07-14
11095,271,7,1,373.62,373.62,2024-07-14
11202,221,22,1,687.05,687.05,2024-07-14
624,206,18,1,2170.31,2170.31,2024-07-15
1135,15,36,1,3262.33,3262.33,2024-07-15
1526,279,20,1,1271.23,1271.23,2024-07-15
4069,497,6,2,750.58,1501.16,2024-07-15
4187,162,1,3,1591.98,4775.94,2024-07-15
5414,497,26,1,3172.93,3172.93,2024-07-15
5939,8,9,1,2464.29,2464.29,2024-07-15
6206,244,13,1,3354.9,3354.9,2024-07-15
6731,407,27,2,918.74,1837.48,2024-07-15
7199,246,15,1,850.03,850.03,2024-07-15
7239,111,31,1,2489.05,2489.05,2024-07-15
7450,429,28,2,2129.8,4259.6,2024-07-15
8053,275,31,3,2489.05,7467.15,2024-07-15
8668,32,21,2,2505.63,5011.26,2024-07-15
8747,9,24,1,1560.49,1560.49,2024-07-15
10179,99,2,1,3810.25,3810.25,2024-07-15
11485,323,5,1,750.67,750.67,2024-07-15
11898,8,18,1,2170.31,2170.31,2024-07-15
1215,99,35,2,3867.68,7735.36,2024-07-16
2572,434,30,1,328.83,328.83,2024-07-16
2661,385,18,1,2170.31,2170.31,2024-07-16
3263,278,7,2,373.62,747.24,2024-07-16
4130,102,16,1,856.11,856.11,2024-07-16
4225,179,26,1,3172.93,3172.93,2024-07-16
4526,473,30,3,328.83,986.49,2024-07-16
5182,463,9,1,2464.29,2464.29,2024-07-16
5303,278,16,2,856.11,1712.22,2024-07-16
6924,146,6,1,750.58,750.58,2024-07-16
7029,422,27,1,918.74,918.74,2024-07-16
7191,438,3,1,2968.18,2968.18,2024-07-16
7894,95,25,1,1905.87,1905.87,2024-07-16
8734,236,16,1,856.11,856.11,2024-07-16
9430,316,8,1,3484.78,3484.78,2024-07-16
9536,184,6,1,750.58,750.58,2024-07-16
9564,121,27,1,918.74,918.74,2024-07-16
11017,119,20,1,1271.23,1271.23,2024-07-16
11165,217,5,1,750.67,750.67,2024-07-16
11638,473,33,1,400.45,400.45,2024-07-16
515,135,5,1,750.67,750.67,2024-07-17
659,311,23,2,1274.76,2549.52,2024-07-17
3185,293,11,2,229.25,458.5,2024-07-17
3354,241,29,1,2430.8,2430.8,2024-07-17
3375,168,27,1,918.74,918.74,2024-07-17
4753,8,6,1,750.58,750.58,2024-07-17
5426,119,29,2,2430.8,4861.6,2024-07-17
5483,17,36,1,3262.33,3262.33,2024-07-17
5837,292,19,1,1812.99,1812.99,2024-07-17
7224,430,21,1,2505.63,2505.63,2024-07-17
7975,210,28,1,2129.8,2129.8,2024-07-17
9480,483,21,1,2505.63,2505.63,2024-07-17
9793,471,27,1,918.74,918.74,2024-07-17
9896,207,30,1,328.83,328.83,2024-07-17
10869,355,7,1,373.62,373.62,2024-07-17
11152,206,26,1,3172.93,3172.93,2024-07-17
11885,390,14,2,967.51,1935.02,2024-07-17
1045,80,16,1,856.11,856.11,2024-07-18
1842,15,24,1,1560.49,1560.49,2024-07-18
2785,477,9,2,2464.29,4928.58,2024-07-18
3698,338,23,1,1274.76,1274.76,2024-07-18
3724,418,20,2,1271.23,2542.46,2024-07-18
5167,443,16,1,856.11,856.11,2024-07-18
5716,194,31,1,2489.05,2489.05,2024-07-18
5730,45,20,1,1271.23,1271.23,2024-07-18
7417,453,31,1,2489.05,2489.05,2024-07-18
7727,308,10,1,2876.08,2876.08,2024-07-18
8134,270,21,2,2505.63,5011.26,2024-07-18
9108,27,14,2,967.51,1935.02,2024-07-18
9141,473,36,1,3262.33,3262.33,2024-07-18
10683,168,10,1,2876.08,2876.08,2024-07-18
11104,126,25,2,1905.87,3811.74,2024-07-18
11846,223,17,1,1321.33,1321.33,2024-07-18
1471,353,27,1,918.74,918.74,2024-07-19
1659,314,10,1,2876.08,2876.08,2024-07-19
2197,104,14,2,967.51,1935.02,2024-07-19
3068,465,6,1,750.58,750.58,2024-07-19
3857,156,36,1,3262.33,3262.33,2024-07-19
4354,266,4,1,2454.84,2454.84,2024-07-19
4966,434,33,1,400.45,400.45,2024-07-19
5721,482,4,2,2454.84,4909.68,2024-07-19
7214,411,26,1,3172.93,3172.93,2024-07-19
7433,197,20,1,1271.23,1271.23,2024-07-19
7952,326,28,1,2129.8,2129.8,2024-07-19
8265,118,3,1,2968.18,2968.18,2024-07-19
9400,411,16,1,856.11,856.11,2024-07-19
10171,497,5,1,750.67,750.67,2024-07-19
10279,229,12,2,3884.15,7768.3,2024-07-19
11100,34,11,1,229.25,229.25,2024-07-19
943,445,36,3,3262.33,9786.99,2024-07-20
3184,189,23,1,1274.76,1274.76,2024-07-20
3406,205,35,2,3867.68,7735.36,2024-07-20
5904,168,28,1,2129.8,2129.8,2024-07-20
7272,432,14,1,967.51,967.51,2024-07-20
9634,207,11,1,229.25,229.25,2024-07-20
11776,424,26,1,3172.93,3172.93,2024-07-20
11827,464,18,3,2170.31,6510.93,2024-07-20
523,349,16,1,856.11,856.11,2024-07-21
1780,410,28,1,2129.8,2129.8,2024-07-21
2285,486,33,1,400.45,400.45,2024-07-21
2297,104,17,1,1321.33,1321.33,2024-07-21
3366,57,31,1,2489.05,2489.05,2024-07-21
4349,11,1,1,1591.98,1591.98,2024-07-21
4879,467,3,1,2968.18,2968.18,2024-07-21
6878,99,16,1,856.11,856.11,2024-07-21
7424,497,18,1,2170.31,2170.31,2024-07-21
8577,432,34,1,3803.21,3803.21,2024-07-21
9567,27,9,2,2464.29,4928.58,2024-07-21
9633,331,7,1,373.62,373.62,2024-07-21
10588,454,31,1,2489.05,2489.05,2024-07-21
10959,78,18,1,2170.31,2170.31,2024-07-21
11419,323,16,2,856.11,1712.22,2024-07-21
11833,20,11,1,229.25,229.25,2024-07-21
160,223,13,1,3354.9,3354.9,2024-07-22
1064,497,32,1,806.52,806.52,2024-07-22
2896,35,9,1,2464.29,2464.29,2024-07-22
3887,20,5,1,750.67,750.67,2024-07-22
4079,227,7,1,373.62,373.62,2024-07-22
4435,360,2,1,3810.25,3810.25,2024-07-22
5998,390,34,1,3803.21,3803.21,2024-07-22
6345,378,5,1,750.67,750.67,2024-07-22
6363,77,36,2,3262.33,6524.66,2024-07-22
7423,499,25,1,1905.87,1905.87,2024-07-22
7625,462,21,1,2505.63,2505.63,2024-07-22
8650,193,27,1,918.74,918.74,2024-07-22
9302,382,18,2,2170.31,4340.62,2024-07-22
9313,378,12,2,3884.15,7768.3,2024-07-22
10741,485,22,1,687.05,687.05,2024-07-22
10827,364,11,1,229.25,229.25,2024-07-22
11175,301,10,1,2876.08,2876.08,2024-07-22
11302,279,13,2,3354.9,6709.8,2024-07-22
670,68,6,1,750.58,750.58,2024-07-23
786,238,11,1,229.25,229.25,2024-07-23
880,436,8,1,3484.78,3484.78,2024-07-23
1187,497,24,1,1560.49,1560.49,2024-07-23
1684,434,12,1,3884.15,3884.15,2024-07-23
2334,258,9,1,2464.29,2464.29,2024-07-23
2511,325,27,2,918.74,1837.48,2024-07-23
2825,164,1,3,1591.98,4775.94,2024-07-23
2898,266,14,2,967.51,1935.02,2024-07-23
3780,19,35,1,3867.68,3867.68,2024-07-23
4380,420,25,1,1905.87,1905.87,2024-07-23
5465,15,30,1,328.83,328.83,2024-07-23
5776,376,22,1,687.05,687.05,2024-07-23
5920,313,4,1,2454.84,2454.84,2024-07-23
6326,226,30,1,328.83,328.83,2024-07-23
6565,440,4,2,2454.84,4909.68,2024-07-23
6753,279,24,1,1560.49,1560.49,2024-07-23
7781,429,20,2,1271.23,2542.46,2024-07-23
8673,332,10,1,2876.08,2876.08,2024-07-23
9251,338,12,1,3884.15,3884.15,2024-07-23
9554,32,30,3,328.83,986.49,2024-07-23
9585,241,31,1,2489.05,2489.05,2024-07-23
9976,95,26,1,3172.93,3172.93,2024-07-23
10170,499,19,3,1812.99,5438.97,2024-07-23
11007,494,36,1,3262.33,3262.33,2024-07-23
11212,112,8,1,3484.78,3484.78,2024-07-23
11936,360,13,1,3354.9,3354.9,2024-07-23
201,43,16,1,856.11,856.11,2024-07-24
899,79,4,1,2454.84,2454.84,2024-07-24
2188,440,17,2,1321.33,2642.66,2024-07-24
2662,70,8,1,3484.78,3484.78,2024-07-24
2792,235,4,1,2454.84,2454.84,2024-07-24
3120,468,24,1,1560.49,1560.49,2024-07-24
3712,136,34,1,3803.21,3803.21,2024-07-24
4413,206,5,1,750.67,750.67,2024-07-24
5224,226,23,1,1274.76,1274.76,2024-07-24
6182,418,36,1,3262.33,3262.33,2024-07-24
7550,105,6,1,750.58,750.58,2024-07-24
8050,432,12,1,3884.15,3884.15,2024-07-24
10241,418,17,1,1321.33,1321.33,2024-07-24
784,186,17,2,1321.33,2642.66,2024-07-25
1159,40,8,1,3484.78,3484.78,2024-07-25
2395,69,19,3,1812.99,5438.97,2024-07-25
2901,432,11,3,229.25,687.75,2024-07-25
3694,377,8,1,3484.78,3484.78,2024-07-25
4184,289,25,1,1905.87,1905.87,2024-07-25
4741,472,34,1,3803.21,3803.21,2024-07-25
4803,78,25,1,1905.87,1905.87,2024-07-25
6041,69,24,1,1560.49,1560.49,2024-07-25
6129,366,27,2,918.74,1837.48,2024-07-25
6215,79,13,1,3354.9,3354.9,2024-07-25
6689,191,24,1,1560.49,1560.49,2024-07-25
6813,237,33,1,400.45,400.45,2024-07-25
7379,83,17,1,1321.33,1321.33,2024-07-25
7661,471,22,1,687.05,687.05,2024-07-25
7777,136,12,1,3884.15,3884.15,2024-07-25
7861,122,25,1,1905.87,1905.87,2024-07-25
7918,477,7,1,373.62,373.62,2024-07-25
8742,225,24,1,1560.49,1560.49,2024-07-25
1280,482,18,1,2170.31,2170.31,2024-07-26
1975,450,13,2,3354.9,6709.8,2024-07-26
2244,27,33,1,400.45,400.45,2024-07-26
3174,376,6,1,750.58,750.58,2024-07-26
3572,332,31,1,2489.05,2489.05,2024-07-26
3786,231,27,1,918.74,918.74,2024-07-26
4635,317,33,2,400.45,800.9,2024-07-26
5288,197,11,2,229.25,458.5,2024-07-26
5356,200,19,1,1812.99,1812.99,2024-07-26
5487,99,34,1,3803.21,3803.21,2024-07-26
7082,238,8,1,3484.78,3484.78,2024-07-26
7499,324,16,1,856.11,856.11,2024-07-26
8908,237,18,1,2170.31,2170.31,2024-07-26
9755,99,28,1,2129.8,2129.8,2024-07-26
11783,213,26,1,3172.93,3172.93,2024-07-26
16,415,3,2,2968.18,5936.36,2024-07-27
989,358,11,1,229.25,229.25,2024-07-27
1416,238,3,1,2968.18,2968.18,2024-07-27
3151,440,30,1,328.83,328.83,2024-07-27
3641,403,25,1,1905.87,1905.87,2024-07-27
4396,285,35,1,3867.68,3867.68,2024-07-27
6194,289,6,2,750.58,1501.16,2024-07-27
7114,206,28,1,2129.8,2129.8,2024-07-27
9011,15,7,1,373.62,373.62,2024-07-27
9828,267,11,1,229.25,229.25,2024-07-27
10354,38,36,2,3262.33,6524.66,2024-07-27
10493,438,26,1,3172.93,3172.93,2024-07-27
10688,116,12,1,3884.15,3884.15,2024-07-27
11319,307,28,2,2129.8,4259.6,2024-07-27
465,446,35,1,3867.68,3867.68,2024-07-28
1442,52,32,2,806.52,1613.04,2024-07-28
4535,114,33,1,400.45,400.45,2024-07-28
5633,122,22,1,687.05,687.05,2024-07-28
7608,384,3,1,2968.18,2968.18,2024-07-28
7864,370,32,2,806.52,1613.04,2024-07-28
7898,495,25,1,1905.87,1905.87,2024-07-28
7904,399,21,1,2505.63,2505.63,2024-07-28
10054,97,10,1,2876.08,2876.08,2024-07-28
10245,358,11,1,229.25,229.25,2024-07-28
293,422,14,1,967.51,967.51,2024-07-29
2047,18,33,1,400.45,400.45,2024-07-29
3277,373,8,2,3484.78,6969.56,2024-07-29
4819,204,22,2,687.05,1374.1,2024-07-29
4967,327,1,1,1591.98,1591.98,2024-07-29
5684,243,23,2,1274.76,2549.52,2024-07-29
5918,424,6,1,750.58,750.58,2024-07-29
6800,122,14,1,967.51,967.51,2024-07-29
6869,24,12,1,3884.15,3884.15,2024-07-29
7045,260,28,1,2129.8,2129.8,2024-07-29
7403,249,18,1,2170.31,2170.31,2024-07-29
7629,66,1,1,1591.98,1591.98,2024-07-29
7652,143,28,1,2129.8,2129.8,2024-07-29
7880,226,13,1,3354.9,3354.9,2024-07-29
9732,143,9,1,2464.29,2464.29,2024-07-29
10331,257,34,1,3803.21,3803.21,2024-07-29
10388,225,29,1,2430.8,2430.8,2024-07-29
1357,464,29,1,2430.8,2430.8,2024-07-30
1753,332,19,1,1812.99,1812.99,2024-07-30
1901,141,13,2,3354.9,6709.8,2024-07-30
1902,143,28,1,2129.8,2129.8,2024-07-30
2514,443,9,1,2464.29,2464.29,2024-07-30
3041,447,14,2,967.51,1935.02,2024-07-30
3784,471,13,1,3354.9,3354.9,2024-07-30
4471,289,26,2,3172.93,6345.86,2024-07-30
4851,357,14,1,967.51,967.51,2024-07-30
6390,193,35,1,3867.68,3867.68,2024-07-30
7650,496,25,1,1905.87,1905.87,2024-07-30
8355,496,5,1,750.67,750.67,2024-07-30
8784,40,17,1,1321.33,1321.33,2024-07-30
8845,200,9,2,2464.29,4928.58,2024-07-30
9894,290,24,1,1560.49,1560.49,2024-07-30
10674,59,35,1,3867.68,3867.68,2024-07-30
10810,14,7,1,373.62,373.62,2024-07-30
11648,370,25,2,1905.87,3811.74,2024-07-30
296,305,9,1,2464.29,2464.29,2024-07-31
1569,272,30,1,328.83,328.83,2024-07-31
2256,376,10,1,2876.08,2876.08,2024-07-31
2908,290,9,2,2464.29,4928.58,2024-07-31
4663,135,33,1,400.45,400.45,2024-07-31
4731,359,5,1,750.67,750.67,2024-07-31
5576,244,23,1,1274.76,1274.76,2024-07-31
5760,440,25,1,1905.87,1905.87,2024-07-31
6748,392,22,1,687.05,687.05,2024-07-31
7497,473,22,1,687.05,687.05,2024-07-31
7716,408,2,1,3810.25,3810.25,2024-07-31
7800,402,24,1,1560.49,1560.49,2024-07-31
8347,477,36,1,3262.33,3262.33,2024-07-31
9505,482,19,1,1812.99,1812.99,2024-07-31
10195,134,16,1,856.11,856.11,2024-07-31
10916,362,14,1,967.51,967.51,2024-07-31
11235,373,34,1,3803.21,3803.21,2024-07-31
11505,361,35,1,3867.68,3867.68,2024-07-31
1433,115,18,2,2170.31,4340.62,2024-08-01
4202,92,8,1,3484.78,3484.78,2024-08-01
4773,494,15,1,850.03,850.03,2024-08-01
6548,495,34,1,3803.21,3803.21,2024-08-01
9179,206,23,1,1274.76,1274.76,2024-08-01
10752,370,13,1,3354.9,3354.9,2024-08-01
1893,53,2,1,3810.25,3810.25,2024-08-02
2451,376,7,1,373.62,373.62,2024-08-02
2807,310,24,2,1560.49,3120.98,2024-08-02
3121,135,8,1,3484.78,3484.78,2024-08-02
4701,34,6,1,750.58,750.58,2024-08-02
4837,482,25,1,1905.87,1905.87,2024-08-02
5439,181,35,3,3867.68,11603.04,2024-08-02
6151,456,9,1,2464.29,2464.29,2024-08-02
6663,68,26,1,3172.93,3172.93,2024-08-02
7212,149,33,1,400.45,400.45,2024-08-02
7471,20,1,1,1591.98,1591.98,2024-08-02
7570,20,18,1,2170.31,2170.31,2024-08-02
8027,54,3,2,2968.18,5936.36,2024-08-02
8263,338,11,1,229.25,229.25,2024-08-02
8380,207,18,1,2170.31,2170.31,2024-08-02
11048,245,35,2,3867.68,7735.36,2024-08-02
970,237,35,1,3867.68,3867.68,2024-08-03
3272,10,31,1,2489.05,2489.05,2024-08-03
3516,89,16,1,856.11,856.11,2024-08-03
3840,329,17,1,1321.33,1321.33,2024-08-03
3932,191,8,2,3484.78,6969.56,2024-08-03
5127,210,18,1,2170.31,2170.31,2024-08-03
6295,240,22,1,687.05,687.05,2024-08-03
7153,72,23,1,1274.76,1274.76,2024-08-03
8722,290,30,2,328.83,657.66,2024-08-03
8814,253,27,1,918.74,918.74,2024-08-03
9027,500,9,1,2464.29,2464.29,2024-08-03
9515,347,10,1,2876.08,2876.08,2024-08-03
10112,429,18,1,2170.31,2170.31,2024-08-03
10359,90,18,1,2170.31,2170.31,2024-08-03
10653,100,20,2,1271.23,2542.46,2024-08-03
10994,496,31,1,2489.05,2489.05,2024-08-03
11231,57,24,2,1560.49,3120.98,2024-08-03
11242,217,8,1,3484.78,3484.78,2024-08-03
11533,20,8,1,3484.78,3484.78,2024-08-03
11706,279,6,1,750.58,750.58,2024-08-03
11895,366,26,1,3172.93,3172.93,2024-08-03
1436,480,30,1,328.83,328.83,2024-08-04
1558,374,35,1,3867.68,3867.68,2024-08-04
1954,84,36,1,3262.33,3262.33,2024-08-04
2571,257,21,1,2505.63,2505.63,2024-08-04
2645,392,15,2,850.03,1700.06,2024-08-04
2856,105,28,1,2129.8,2129.8,2024-08-04
3344,370,19,1,1812.99,1812.99,2024-08-04
3505,332,2,1,3810.25,3810.25,2024-08-04
4395,229,13,1,3354.9,3354.9,2024-08-04
4999,83,7,1,373.62,373.62,2024-08-04
5319,380,12,1,3884.15,3884.15,2024-08-04
6531,385,20,1,1271.23,1271.23,2024-08-04
6634,410,25,1,1905.87,1905.87,2024-08-04
8080,406,24,1,1560.49,1560.49,2024-08-04
8151,410,25,1,1905.87,1905.87,2024-08-04
9089,361,4,2,2454.84,4909.68,2024-08-04
9120,197,29,1,2430.8,2430.8,2024-08-04
9277,105,24,2,1560.49,3120.98,2024-08-04
9394,432,5,1,750.67,750.67,2024-08-04
10519,272,5,1,750.67,750.67,2024-08-04
11369,417,26,2,3172.93,6345.86,2024-08-04
11570,426,18,1,2170.31,2170.31,2024-08-04
11743,141,32,1,806.52,806.52,2024-08-04
398,147,2,1,3810.25,3810.25,2024-08-05
3419,467,2,2,3810.25,7620.5,2024-08-05
4738,487,30,1,328.83,328.83,2024-08-05
7139,32,15,1,850.03,850.03,2024-08-05
8048,496,33,1,400.45,400.45,2024-08-05
8698,434,28,1,2129.8,2129.8,2024-08-05
9256,147,17,1,1321.33,1321.33,2024-08-05
9623,348,35,1,3867.68,3867.68,2024-08-05
9735,453,29,1,2430.8,2430.8,2024-08-05
11331,483,6,1,750.58,750.58,2024-08-05
1993,301,22,2,687.05,1374.1,2024-08-06
3274,79,22,1,687.05,687.05,2024-08-06
5364,336,21,3,2505.63,7516.89,2024-08-06
6170,201,19,1,1812.99,1812.99,2024-08-06
6885,191,22,2,687.05,1374.1,2024-08-06
7398,428,9,1,2464.29,2464.29,2024-08-06
7806,343,33,1,400.45,400.45,2024-08-06
8555,490,13,1,3354.9,3354.9,2024-08-06
9267,474,4,1,2454.84,2454.84,2024-08-06
9275,241,23,1,1274.76,1274.76,2024-08-06
9614,33,8,2,3484.78,6969.56,2024-08-06
11092,311,27,1,918.74,918.74,2024-08-06
11888,104,23,1,1274.76,1274.76,2024-08-06
1158,383,29,1,2430.8,2430.8,2024-08-07
2690,39,34,1,3803.21,3803.21,2024-08-07
3659,496,22,1,687.05,687.05,2024-08-07
4257,34,12,2,3884.15,7768.3,2024-08-07
4273,238,24,1,1560.49,1560.49,2024-08-07
5945,440,2,1,3810.25,3810.25,2024-08-07
5954,466,29,2,2430.8,4861.6,2024-08-07
6134,20,5,1,750.67,750.67,2024-08-07
6260,10,22,1,687.05,687.05,2024-08-07
6937,366,35,2,3867.68,7735.36,2024-08-07
9293,466,1,1,1591.98,1591.98,2024-08-07
10745,235,31,1,2489.05,2489.05,2024-08-07
11077,324,27,1,918.74,918.74,2024-08-07
11985,56,16,1,856.11,856.11,2024-08-07
363,490,8,1,3484.78,3484.78,2024-08-08
431,308,20,2,1271.23,2542.46,2024-08-08
451,338,16,1,856.11,856.11,2024-08-08
719,203,36,1,3262.33,3262.33,2024-08-08
1024,235,34,1,3803.21,3803.21,2024-08-08
2079,354,19,1,1812.99,1812.99,2024-08-08
2265,434,26,1,3172.93,3172.93,2024-08-08
3072,252,7,1,373.62,373.62,2024-08-08
5747,270,1,1,1591.98,1591.98,2024-08-08
6392,429,32,1,806.52,806.52,2024-08-08
6990,99,29,1,2430.8,2430.8,2024-08-08
8225,358,19,3,1812.99,5438.97,2024-08-08
8387,231,36,1,3262.33,3262.33,2024-08-08
9163,232,34,2,3803.21,7606.42,2024-08-08
9609,353,10,2,2876.08,5752.16,2024-08-08
10524,249,7,1,373.62,373.62,2024-08-08
10788,439,24,1,1560.49,1560.49,2024-08-08
11495,162,36,2,3262.33,6524.66,2024-08-08
11837,77,15,1,850.03,850.03,2024-08-08
11937,17,23,1,1274.76,1274.76,2024-08-08
298,92,25,1,1905.87,1905.87,2024-08-09
3546,426,10,2,2876.08,5752.16,2024-08-09
5475,301,12,2,3884.15,7768.3,2024-08-09
5510,105,19,1,1812.99,1812.99,2024-08-09
7761,159,36,1,3262.33,3262.33,2024-08-09
8391,96,10,1,2876.08,2876.08,2024-08-09
9340,238,10,1,2876.08,2876.08,2024-08-09
9544,278,5,1,750.67,750.67,2024-08-09
10400,384,34,2,3803.21,7606.42,2024-08-09
11031,77,22,1,687.05,687.05,2024-08-09
11052,499,25,1,1905.87,1905.87,2024-08-09
1372,134,15,1,850.03,850.03,2024-08-10
2027,384,2,1,3810.25,3810.25,2024-08-10
3119,478,16,1,856.11,856.11,2024-08-10
4055,250,31,1,2489.05,2489.05,2024-08-10
4292,180,22,1,687.05,687.05,2024-08-10
4648,306,32,1,806.52,806.52,2024-08-10
5190,24,9,3,2464.29,7392.87,2024-08-10
5938,235,21,1,2505.63,2505.63,2024-08-10
7704,41,15,1,850.03,850.03,2024-08-10
8560,497,7,1,373.62,373.62,2024-08-10
9547,15,5,2,750.67,1501.34,2024-08-10
9625,411,29,2,2430.8,4861.6,2024-08-10
9933,116,12,2,3884.15,7768.3,2024-08-10
11194,329,19,1,1812.99,1812.99,2024-08-10
1308,399,36,2,3262.33,6524.66,2024-08-11
1879,172,28,1,2129.8,2129.8,2024-08-11
1952,10,28,1,2129.8,2129.8,2024-08-11
2710,310,13,1,3354.9,3354.9,2024-08-11
3231,184,14,1,967.51,967.51,2024-08-11
5234,260,18,1,2170.31,2170.31,2024-08-11
5543,410,24,1,1560.49,1560.49,2024-08-11
5863,232,4,2,2454.84,4909.68,2024-08-11
6256,198,9,3,2464.29,7392.87,2024-08-11
7503,270,3,1,2968.18,2968.18,2024-08-11
7822,469,8,1,3484.78,3484.78,2024-08-11
8264,436,9,2,2464.29,4928.58,2024-08-11
8789,229,10,1,2876.08,2876.08,2024-08-11
9333,370,3,1,2968.18,2968.18,2024-08-11
10452,422,16,1,856.11,856.11,2024-08-11
11244,16,31,1,2489.05,2489.05,2024-08-11
11569,497,17,1,1321.33,1321.33,2024-08-11
1256,388,10,1,2876.08,2876.08,2024-08-12
2364,234,21,1,2505.63,2505.63,2024-08-12
2389,192,4,1,2454.84,2454.84,2024-08-12
3455,332,5,2,750.67,1501.34,2024-08-12
3552,406,29,1,2430.8,2430.8,2024-08-12
5179,483,21,1,2505.63,2505.63,2024-08-12
5422,496,19,1,1812.99,1812.99,2024-08-12
6735,81,3,1,2968.18,2968.18,2024-08-12
7393,279,6,3,750.58,2251.74,2024-08-12
7427,283,26,1,3172.93,3172.93,2024-08-12
7498,210,8,2,3484.78,6969.56,2024-08-12
8213,422,29,2,2430.8,4861.6,2024-08-12
9008,429,24,3,1560.49,4681.47,2024-08-12
9093,464,17,2,1321.33,2642.66,2024-08-12
9749,214,6,1,750.58,750.58,2024-08-12
9808,198,33,2,400.45,800.9,2024-08-12
9955,478,33,1,400.45,400.45,2024-08-12
10770,130,36,2,3262.33,6524.66,2024-08-12
10802,19,13,1,3354.9,3354.9,2024-08-12
460,330,22,1,687.05,687.05,2024-08-13
1856,20,9,1,2464.29,2464.29,2024-08-13
3216,59,20,1,1271.23,1271.23,2024-08-13
3320,367,33,1,400.45,400.45,2024-08-13
3760,386,28,1,2129.8,2129.8,2024-08-13
4013,205,28,1,2129.8,2129.8,2024-08-13
5354,18,17,1,1321.33,1321.33,2024-08-13
5467,270,18,1,2170.31,2170.31,2024-08-13
5711,69,19,1,1812.99,1812.99,2024-08-13
7789,119,22,1,687.05,687.05,2024-08-13
7814,279,35,2,3867.68,7735.36,2024-08-13
8160,137,27,1,918.74,918.74,2024-08-13
8847,243,2,2,3810.25,7620.5,2024-08-13
9825,51,25,1,1905.87,1905.87,2024-08-13
9887,483,21,2,2505.63,5011.26,2024-08-13
10335,478,31,2,2489.05,4978.1,2024-08-13
10733,497,6,1,750.58,750.58,2024-08-13
240,92,23,2,1274.76,2549.52,2024-08-14
331,221,31,1,2489.05,2489.05,2024-08-14
507,84,14,1,967.51,967.51,2024-08-14
1255,103,1,2,1591.98,3183.96,2024-08-14
1461,191,20,1,1271.23,1271.23,2024-08-14
2436,494,20,1,1271.23,1271.23,2024-08-14
2691,34,7,1,373.62,373.62,2024-08-14
3351,191,36,1,3262.33,3262.33,2024-08-14
4198,440,8,1,3484.78,3484.78,2024-08-14
4321,6,34,1,3803.21,3803.21,2024-08-14
5866,392,34,2,3803.21,7606.42,2024-08-14
7194,132,9,1,2464.29,2464.29,2024-08-14
7204,83,9,2,2464.29,4928.58,2024-08-14
10806,428,22,1,687.05,687.05,2024-08-14
11725,497,29,1,2430.8,2430.8,2024-08-14
691,293,21,1,2505.63,2505.63,2024-08-15
1730,331,5,1,750.67,750.67,2024-08-15
2283,370,10,1,2876.08,2876.08,2024-08-15
2754,152,20,1,1271.23,1271.23,2024-08-15
3678,74,9,1,2464.29,2464.29,2024-08-15
3809,99,6,2,750.58,1501.16,2024-08-15
4331,96,6,2,750.58,1501.16,2024-08-15
4533,229,21,2,2505.63,5011.26,2024-08-15
5520,104,16,2,856.11,1712.22,2024-08-15
5719,143,27,1,918.74,918.74,2024-08-15
5891,105,22,1,687.05,687.05,2024-08-15
7885,77,36,2,3262.33,6524.66,2024-08-15
8206,35,21,1,2505.63,2505.63,2024-08-15
8446,245,26,3,3172.93,9518.79,2024-08-15
8681,443,2,1,3810.25,3810.25,2024-08-15
9478,275,4,1,2454.84,2454.84,2024-08-15
10709,266,34,1,3803.21,3803.21,2024-08-15
10883,240,15,1,850.03,850.03,2024-08-15
11351,384,14,1,967.51,967.51,2024-08-15
1340,379,9,2,2464.29,4928.58,2024-08-16
2176,15,11,1,229.25,229.25,2024-08-16
2770,217,20,1,1271.23,1271.23,2024-08-16
3011,86,2,1,3810.25,3810.25,2024-08-16
3045,215,29,1,2430.8,2430.8,2024-08-16
3430,343,30,1,328.83,328.83,2024-08-16
3488,205,32,1,806.52,806.52,2024-08-16
7396,475,29,1,2430.8,2430.8,2024-08-16
8181,363,22,1,687.05,687.05,2024-08-16
9237,115,27,1,918.74,918.74,2024-08-16
9395,355,7,1,373.62,373.62,2024-08-16
10039,191,36,1,3262.33,3262.33,2024-08-16
703,20,6,2,750.58,1501.16,2024-08-17
897,325,14,1,967.51,967.51,2024-08-17
2702,91,2,1,3810.25,3810.25,2024-08-17
2854,257,28,1,2129.8,2129.8,2024-08-17
2983,370,17,1,1321.33,1321.33,2024-08-17
3159,483,24,2,1560.49,3120.98,2024-08-17
4893,362,22,2,687.05,1374.1,2024-08-17
5786,137,18,1,2170.31,2170.31,2024-08-17
6353,464,5,2,750.67,1501.34,2024-08-17
6383,157,3,3,2968.18,8904.54,2024-08-17
6775,494,25,1,1905.87,1905.87,2024-08-17
7259,170,31,1,2489.05,2489.05,2024-08-17
8169,474,18,1,2170.31,2170.31,2024-08-17
8800,179,4,2,2454.84,4909.68,2024-08-17
8931,456,18,1,2170.31,2170.31,2024-08-17
8944,86,9,2,2464.29,4928.58,2024-08-17
9028,409,22,1,687.05,687.05,2024-08-17
9411,478,4,2,2454.84,4909.68,2024-08-17
9684,497,23,3,1274.76,3824.28,2024-08-17
10387,226,34,1,3803.21,3803.21,2024-08-17
10533,287,4,1,2454.84,2454.84,2024-08-17
10666,153,35,1,3867.68,3867.68,2024-08-17
10899,229,30,1,328.83,328.83,2024-08-17
11616,454,17,1,1321.33,1321.33,2024-08-17
11770,496,23,1,1274.76,1274.76,2024-08-17
32,496,33,1,400.45,400.45,2024-08-18
1402,115,25,2,1905.87,3811.74,2024-08-18
1860,278,32,1,806.52,806.52,2024-08-18
2693,341,29,1,2430.8,2430.8,2024-08-18
3177,463,26,1,3172.93,3172.93,2024-08-18
4457,464,22,1,687.05,687.05,2024-08-18
8231,346,31,1,2489.05,2489.05,2024-08-18
8316,396,3,1,2968.18,2968.18,2024-08-18
8535,499,32,1,806.52,806.52,2024-08-18
10271,204,25,2,1905.87,3811.74,2024-08-18
11592,66,12,1,3884.15,3884.15,2024-08-18
216,60,36,3,3262.33,9786.99,2024-08-19
407,91,22,2,687.05,1374.1,2024-08-19
625,161,7,1,373.62,373.62,2024-08-19
1170,278,18,1,2170.31,2170.31,2024-08-19
1998,379,20,2,1271.23,2542.46,2024-08-19
2537,237,16,1,856.11,856.11,2024-08-19
2833,240,2,1,3810.25,3810.25,2024-08-19
3722,478,4,2,2454.84,4909.68,2024-08-19
4527,154,31,1,2489.05,2489.05,2024-08-19
5268,53,7,1,373.62,373.62,2024-08-19
5973,81,18,1,2170.31,2170.31,2024-08-19
6141,386,8,1,3484.78,3484.78,2024-08-19
7268,71,5,1,750.67,750.67,2024-08-19
8441,418,11,1,229.25,229.25,2024-08-19
8938,473,18,1,2170.31,2170.31,2024-08-19
9691,477,36,1,3262.33,3262.33,2024-08-19
9725,432,17,1,1321.33,1321.33,2024-08-19
9819,81,1,3,1591.98,4775.94,2024-08-19
11015,169,15,1,850.03,850.03,2024-08-19
116,497,20,1,1271.23,1271.23,2024-08-20
2548,115,22,2,687.05,1374.1,2024-08-20
3984,122,13,1,3354.9,3354.9,2024-08-20
4309,205,27,1,918.74,918.74,2024-08-20
5661,238,36,1,3262.33,3262.33,2024-08-20
6772,134,34,1,3803.21,3803.21,2024-08-20
7569,77,6,1,750.58,750.58,2024-08-20
8933,468,24,1,1560.49,1560.49,2024-08-20
10305,225,32,2,806.52,1613.04,2024-08-20
10468,99,18,1,2170.31,2170.31,2024-08-20
366,376,1,1,1591.98,1591.98,2024-08-21
1103,284,6,1,750.58,750.58,2024-08-21
1592,338,7,1,373.62,373.62,2024-08-21
2152,477,14,2,967.51,1935.02,2024-08-21
2635,44,18,1,2170.31,2170.31,2024-08-21
2853,107,32,1,806.52,806.52,2024-08-21
3291,450,30,1,328.83,328.83,2024-08-21
5956,219,17,3,1321.33,3963.99,2024-08-21
6828,165,29,1,2430.8,2430.8,2024-08-21
7236,355,27,3,918.74,2756.22,2024-08-21
7543,279,24,1,1560.49,1560.49,2024-08-21
7568,66,14,1,967.51,967.51,2024-08-21
9860,289,17,2,1321.33,2642.66,2024-08-21
10275,226,24,2,1560.49,3120.98,2024-08-21
11741,50,34,1,3803.21,3803.21,2024-08-21
11782,15,19,1,1812.99,1812.99,2024-08-21
11803,361,28,1,2129.8,2129.8,2024-08-21
2006,369,22,1,687.05,687.05,2024-08-22
3598,104,14,1,967.51,967.51,2024-08-22
3785,434,11,1,229.25,229.25,2024-08-22
6360,200,20,1,1271.23,1271.23,2024-08-22
7878,193,2,1,3810.25,3810.25,2024-08-22
8496,343,9,2,2464.29,4928.58,2024-08-22
8662,329,27,1,918.74,918.74,2024-08-22
10831,107,5,2,750.67,1501.34,2024-08-22
11909,99,5,1,750.67,750.67,2024-08-22
179,168,33,2,400.45,800.9,2024-08-23
1348,483,17,1,1321.33,1321.33,2024-08-23
1557,292,22,1,687.05,687.05,2024-08-23
3500,210,10,1,2876.08,2876.08,2024-08-23
3566,301,19,1,1812.99,1812.99,2024-08-23
5461,382,2,1,3810.25,3810.25,2024-08-23
5505,434,22,1,687.05,687.05,2024-08-23
6474,206,11,1,229.25,229.25,2024-08-23
9000,477,24,1,1560.49,1560.49,2024-08-23
10565,142,29,2,2430.8,4861.6,2024-08-23
10568,143,1,3,1591.98,4775.94,2024-08-23
11364,483,31,1,2489.05,2489.05,2024-08-23
1495,147,16,1,856.11,856.11,2024-08-24
2920,370,34,1,3803.21,3803.21,2024-08-24
3999,443,7,2,373.62,747.24,2024-08-24
4221,6,8,2,3484.78,6969.56,2024-08-24
4426,394,28,1,2129.8,2129.8,2024-08-24
4509,273,34,1,3803.21,3803.21,2024-08-24
4512,32,5,1,750.67,750.67,2024-08-24
6023,223,18,1,2170.31,2170.31,2024-08-24
8680,245,15,1,850.03,850.03,2024-08-24
9444,8,27,1,918.74,918.74,2024-08-24
10213,91,33,2,400.45,800.9,2024-08-24
10357,500,36,1,3262.33,3262.33,2024-08-24
10552,385,32,1,806.52,806.52,2024-08-24
145,100,28,2,2129.8,4259.6,2024-08-25
1193,496,22,1,687.05,687.05,2024-08-25
1583,278,2,1,3810.25,3810.25,2024-08-25
1771,496,34,1,3803.21,3803.21,2024-08-25
2216,446,28,1,2129.8,2129.8,2024-08-25
3457,290,13,1,3354.9,3354.9,2024-08-25
4511,122,24,1,1560.49,1560.49,2024-08-25
4892,289,34,1,3803.21,3803.21,2024-08-25
5649,476,18,2,2170.31,4340.62,2024-08-25
6711,341,34,1,3803.21,3803.21,2024-08-25
7805,221,12,1,3884.15,3884.15,2024-08-25
8853,226,25,1,1905.87,1905.87,2024-08-25
9162,273,7,1,373.62,373.62,2024-08-25
10142,491,2,1,3810.25,3810.25,2024-08-25
10301,496,36,1,3262.33,3262.33,2024-08-25
10640,23,7,1,373.62,373.62,2024-08-25
10672,214,23,1,1274.76,1274.76,2024-08-25
10903,195,7,2,373.62,747.24,2024-08-25
11051,422,35,1,3867.68,3867.68,2024-08-25
11887,130,10,1,2876.08,2876.08,2024-08-25
299,17,20,1,1271.23,1271.23,2024-08-26
1172,392,17,2,1321.33,2642.66,2024-08-26
2204,198,34,1,3803.21,3803.21,2024-08-26
2358,105,2,2,3810.25,7620.5,2024-08-26
2387,175,22,1,687.05,687.05,2024-08-26
3607,473,29,2,2430.8,4861.6,2024-08-26
4050,285,17,1,1321.33,1321.33,2024-08-26
4125,485,34,1,3803.21,3803.21,2024-08-26
4288,78,6,1,750.58,750.58,2024-08-26
4723,142,28,1,2129.8,2129.8,2024-08-26
5326,370,4,2,2454.84,4909.68,2024-08-26
6001,456,31,1,2489.05,2489.05,2024-08-26
7014,349,7,1,373.62,373.62,2024-08-26
7321,386,32,1,806.52,806.52,2024-08-26
7630,91,6,2,750.58,1501.16,2024-08-26
7844,487,4,2,2454.84,4909.68,2024-08-26
7848,475,32,2,806.52,1613.04,2024-08-26
8180,243,3,1,2968.18,2968.18,2024-08-26
10927,195,26,1,3172.93,3172.93,2024-08-26
73,179,35,1,3867.68,3867.68,2024-08-27
654,450,32,3,806.52,2419.56,2024-08-27
1370,148,25,2,1905.87,3811.74,2024-08-27
1377,324,9,1,2464.29,2464.29,2024-08-27
1989,80,35,1,3867.68,3867.68,2024-08-27
2242,269,11,1,229.25,229.25,2024-08-27
3461,473,10,3,2876.08,8628.24,2024-08-27
4379,298,20,1,1271.23,1271.23,2024-08-27
5138,472,24,1,1560.49,1560.49,2024-08-27
6917,411,25,1,1905.87,1905.87,2024-08-27
7101,440,18,1,2170.31,2170.31,2024-08-27
7205,213,1,1,1591.98,1591.98,2024-08-27
7530,92,26,1,3172.93,3172.93,2024-08-27
7572,119,1,1,1591.98,1591.98,2024-08-27
8121,195,29,1,2430.8,2430.8,2024-08-27
113,500,19,2,1812.99,3625.98,2024-08-28
254,157,20,1,1271.23,1271.23,2024-08-28
3016,418,20,2,1271.23,2542.46,2024-08-28
3781,193,25,1,1905.87,1905.87,2024-08-28
3930,446,29,1,2430.8,2430.8,2024-08-28
4990,499,3,1,2968.18,2968.18,2024-08-28
5455,105,33,1,400.45,400.45,2024-08-28
6104,450,19,1,1812.99,1812.99,2024-08-28
7501,315,16,1,856.11,856.11,2024-08-28
10065,182,7,1,373.62,373.62,2024-08-28
10364,42,7,1,373.62,373.62,2024-08-28
10486,418,19,1,1812.99,1812.99,2024-08-28
10757,83,16,2,856.11,1712.22,2024-08-28
11354,263,30,1,328.83,328.83,2024-08-28
11560,124,6,1,750.58,750.58,2024-08-28
274,465,3,1,2968.18,2968.18,2024-08-29
519,366,12,1,3884.15,3884.15,2024-08-29
699,242,16,1,856.11,856.11,2024-08-29
844,411,11,1,229.25,229.25,2024-08-29
1239,237,29,1,2430.8,2430.8,2024-08-29
2558,406,14,1,967.51,967.51,2024-08-29
3853,373,23,1,1274.76,1274.76,2024-08-29
4096,126,5,3,750.67,2252.01,2024-08-29
4447,212,18,1,2170.31,2170.31,2024-08-29
4935,487,26,1,3172.93,3172.93,2024-08-29
5413,224,27,1,918.74,918.74,2024-08-29
6237,317,8,1,3484.78,3484.78,2024-08-29
6254,104,13,2,3354.9,6709.8,2024-08-29
6400,418,24,1,1560.49,1560.49,2024-08-29
7905,122,18,1,2170.31,2170.31,2024-08-29
10250,496,35,1,3867.68,3867.68,2024-08-29
10945,217,33,1,400.45,400.45,2024-08-29
11318,463,4,1,2454.84,2454.84,2024-08-29
164,99,34,1,3803.21,3803.21,2024-08-30
901,494,29,2,2430.8,4861.6,2024-08-30
1381,45,20,1,1271.23,1271.23,2024-08-30
1892,165,33,1,400.45,400.45,2024-08-30
2234,443,20,1,1271.23,1271.23,2024-08-30
2370,373,19,1,1812.99,1812.99,2024-08-30
3833,406,31,1,2489.05,2489.05,2024-08-30
5036,143,16,1,856.11,856.11,2024-08-30
7086,213,14,1,967.51,967.51,2024-08-30
7291,177,4,1,2454.84,2454.84,2024-08-30
8382,443,35,1,3867.68,3867.68,2024-08-30
9647,222,3,1,2968.18,2968.18,2024-08-30
10146,57,28,2,2129.8,4259.6,2024-08-30
10492,497,21,1,2505.63,2505.63,2024-08-30
314,10,30,1,328.83,328.83,2024-08-31
727,465,11,1,229.25,229.25,2024-08-31
2210,424,14,1,967.51,967.51,2024-08-31
2443,254,11,1,229.25,229.25,2024-08-31
3163,497,31,1,2489.05,2489.05,2024-08-31
4647,496,33,1,400.45,400.45,2024-08-31
4795,346,16,1,856.11,856.11,2024-08-31
5123,225,28,1,2129.8,2129.8,2024-08-31
5676,78,19,1,1812.99,1812.99,2024-08-31
6248,236,25,1,1905.87,1905.87,2024-08-31
7372,441,27,1,918.74,918.74,2024-08-31
7867,174,8,1,3484.78,3484.78,2024-08-31
8719,158,31,1,2489.05,2489.05,2024-08-31
8803,461,20,1,1271.23,1271.23,2024-08-31
10300,197,17,1,1321.33,1321.33,2024-08-31
10420,466,33,1,400.45,400.45,2024-08-31
656,442,22,1,687.05,687.05,2024-09-01
1814,119,4,2,2454.84,4909.68,2024-09-01
2105,194,14,1,967.51,967.51,2024-09-01
4168,227,35,2,3867.68,7735.36,2024-09-01
4922,291,11,1,229.25,229.25,2024-09-01
5306,325,27,1,918.74,918.74,2024-09-01
5402,122,30,1,328.83,328.83,2024-09-01
5547,273,31,1,2489.05,2489.05,2024-09-01
6203,58,26,1,3172.93,3172.93,2024-09-01
7288,350,7,1,373.62,373.62,2024-09-01
7399,14,3,1,2968.18,2968.18,2024-09-01
7780,432,10,1,2876.08,2876.08,2024-09-01
9178,473,1,2,1591.98,3183.96,2024-09-01
9814,104,11,2,229.25,458.5,2024-09-01
26,158,6,1,750.58,750.58,2024-09-02
1166,107,32,1,806.52,806.52,2024-09-02
1444,489,18,1,2170.31,2170.31,2024-09-02
2056,389,15,1,850.03,850.03,2024-09-02
4018,496,8,1,3484.78,3484.78,2024-09-02
6544,361,33,1,400.45,400.45,2024-09-02
7083,471,7,1,373.62,373.62,2024-09-02
7696,279,32,2,806.52,1613.04,2024-09-02
8092,245,13,1,3354.9,3354.9,2024-09-02
8504,368,2,2,3810.25,7620.5,2024-09-02
9476,245,10,1,2876.08,2876.08,2024-09-02
11642,352,31,1,2489.05,2489.05,2024-09-02
1023,373,33,1,400.45,400.45,2024-09-03
1356,100,36,1,3262.33,3262.33,2024-09-03
1401,229,15,1,850.03,850.03,2024-09-03
1525,221,29,1,2430.8,2430.8,2024-09-03
2060,409,26,1,3172.93,3172.93,2024-09-03
2736,472,33,1,400.45,400.45,2024-09-03
3240,57,17,1,1321.33,1321.33,2024-09-03
5538,238,8,1,3484.78,3484.78,2024-09-03
6186,383,35,2,3867.68,7735.36,2024-09-03
8291,363,15,1,850.03,850.03,2024-09-03
9126,391,21,1,2505.63,2505.63,2024-09-03
9718,239,1,1,1591.98,1591.98,2024-09-03
9770,58,9,1,2464.29,2464.29,2024-09-03
11068,358,5,1,750.67,750.67,2024-09-03
742,195,1,1,1591.98,1591.98,2024-09-04
3782,218,4,2,2454.84,4909.68,2024-09-04
5930,165,25,2,1905.87,3811.74,2024-09-04
6668,271,6,1,750.58,750.58,2024-09-04
6897,363,5,1,750.67,750.67,2024-09-04
9427,471,35,1,3867.68,3867.68,2024-09-04
10226,185,33,1,400.45,400.45,2024-09-04
10610,156,10,1,2876.08,2876.08,2024-09-04
11654,78,18,2,2170.31,4340.62,2024-09-04
1167,217,32,1,806.52,806.52,2024-09-05
1414,417,4,2,2454.84,4909.68,2024-09-05
1440,442,3,1,2968.18,2968.18,2024-09-05
1637,156,36,2,3262.33,6524.66,2024-09-05
1678,497,25,1,1905.87,1905.87,2024-09-05
2192,288,21,2,2505.63,5011.26,2024-09-05
4103,429,25,3,1905.87,5717.61,2024-09-05
4359,322,36,1,3262.33,3262.33,2024-09-05
4385,34,23,1,1274.76,1274.76,2024-09-05
5336,461,14,1,967.51,967.51,2024-09-05
6688,210,17,1,1321.33,1321.33,2024-09-05
7350,103,32,1,806.52,806.52,2024-09-05
7987,413,18,1,2170.31,2170.31,2024-09-05
9026,392,18,1,2170.31,2170.31,2024-09-05
9730,111,17,1,1321.33,1321.33,2024-09-05
11704,431,7,1,373.62,373.62,2024-09-05
11944,99,35,1,3867.68,3867.68,2024-09-05
43,361,11,1,229.25,229.25,2024-09-06
499,213,31,1,2489.05,2489.05,2024-09-06
1536,370,8,1,3484.78,3484.78,2024-09-06
1764,236,32,1,806.52,806.52,2024-09-06
3244,406,9,1,2464.29,2464.29,2024-09-06
3522,352,11,1,229.25,229.25,2024-09-06
3748,245,2,1,3810.25,3810.25,2024-09-06
4924,54,29,1,2430.8,2430.8,2024-09-06
5375,278,17,1,1321.33,1321.33,2024-09-06
7853,136,25,1,1905.87,1905.87,2024-09-06
8150,278,32,1,806.52,806.52,2024-09-06
8916,183,4,1,2454.84,2454.84,2024-09-06
10550,331,3,2,2968.18,5936.36,2024-09-06
11281,221,4,1,2454.84,2454.84,2024-09-06
11490,174,12,1,3884.15,3884.15,2024-09-06
11817,206,12,2,3884.15,7768.3,2024-09-06
132,8,3,1,2968.18,2968.18,2024-09-07
1366,364,20,1,1271.23,1271.23,2024-09-07
2107,409,34,1,3803.21,3803.21,2024-09-07
2157,432,21,1,2505.63,2505.63,2024-09-07
4657,273,3,1,2968.18,2968.18,2024-09-07
4858,368,21,2,2505.63,5011.26,2024-09-07
7457,165,5,1,750.67,750.67,2024-09-07
7911,402,9,1,2464.29,2464.29,2024-09-07
8288,386,10,1,2876.08,2876.08,2024-09-07
9048,223,3,1,2968.18,2968.18,2024-09-07
9226,434,34,2,3803.21,7606.42,2024-09-07
9890,124,32,1,806.52,806.52,2024-09-07
10342,174,29,1,2430.8,2430.8,2024-09-07
10572,205,10,1,2876.08,2876.08,2024-09-07
10890,265,32,2,806.52,1613.04,2024-09-07
11322,302,18,2,2170.31,4340.62,2024-09-07
11652,450,28,2,2129.8,4259.6,2024-09-07
11663,466,1,1,1591.98,1591.98,2024-09-07
11713,440,3,1,2968.18,2968.18,2024-09-07
11798,500,8,1,3484.78,3484.78,2024-09-07
11802,143,12,1,3884.15,3884.15,2024-09-07
1473,440,33,2,400.45,800.9,2024-09-08
2199,17,26,1,3172.93,3172.93,2024-09-08
2321,453,35,1,3867.68,3867.68,2024-09-08
4561,348,10,2,2876.08,5752.16,2024-09-08
5057,92,17,1,1321.33,1321.33,2024-09-08
6208,464,30,1,328.83,328.83,2024-09-08
6817,286,11,3,229.25,687.75,2024-09-08
7046,168,12,1,3884.15,3884.15,2024-09-08
7119,360,28,1,2129.8,2129.8,2024-09-08
7159,175,15,1,850.03,850.03,2024-09-08
7431,54,17,1,1321.33,1321.33,2024-09-08
8878,69,4,1,2454.84,2454.84,2024-09-08
9482,8,16,2,856.11,1712.22,2024-09-08
9607,366,2,1,3810.25,3810.25,2024-09-08
10729,27,8,1,3484.78,3484.78,2024-09-08
11976,161,19,1,1812.99,1812.99,2024-09-08
1136,344,20,2,1271.23,2542.46,2024-09-09
1602,497,3,1,2968.18,2968.18,2024-09-09
1654,450,25,1,1905.87,1905.87,2024-09-09
4358,203,3,1,2968.18,2968.18,2024-09-09
4543,279,36,2,3262.33,6524.66,2024-09-09
5517,18,17,2,1321.33,2642.66,2024-09-09
6507,329,7,1,373.62,373.62,2024-09-09
7668,500,1,2,1591.98,3183.96,2024-09-09
7986,385,14,1,967.51,967.51,2024-09-09
8691,316,31,1,2489.05,2489.05,2024-09-09
11199,115,35,2,3867.68,7735.36,2024-09-09
580,243,34,1,3803.21,3803.21,2024-09-10
1002,45,21,1,2505.63,2505.63,2024-09-10
1268,351,33,1,400.45,400.45,2024-09-10
1349,203,14,1,967.51,967.51,2024-09-10
1883,143,23,1,1274.76,1274.76,2024-09-10
1924,103,7,1,373.62,373.62,2024-09-10
2036,483,10,1,2876.08,2876.08,2024-09-10
2361,453,31,2,2489.05,4978.1,2024-09-10
4077,366,2,1,3810.25,3810.25,2024-09-10
5518,246,1,1,1591.98,1591.98,2024-09-10
6103,278,36,1,3262.33,3262.33,2024-09-10
6921,174,31,1,2489.05,2489.05,2024-09-10
7285,143,28,1,2129.8,2129.8,2024-09-10
8429,366,4,2,2454.84,4909.68,2024-09-10
8640,355,27,1,918.74,918.74,2024-09-10
9853,206,29,1,2430.8,2430.8,2024-09-10
10053,440,3,2,2968.18,5936.36,2024-09-10
11797,147,17,1,1321.33,1321.33,2024-09-10
1010,496,34,3,3803.21,11409.63,2024-09-11
1715,392,24,2,1560.49,3120.98,2024-09-11
2040,218,10,1,2876.08,2876.08,2024-09-11
3766,301,18,2,2170.31,4340.62,2024-09-11
4074,464,21,1,2505.63,2505.63,2024-09-11
4112,488,13,2,3354.9,6709.8,2024-09-11
6403,43,8,1,3484.78,3484.78,2024-09-11
6600,316,4,1,2454.84,2454.84,2024-09-11
7915,270,9,1,2464.29,2464.29,2024-09-11
8109,169,26,1,3172.93,3172.93,2024-09-11
8813,440,20,1,1271.23,1271.23,2024-09-11
8896,232,16,1,856.11,856.11,2024-09-11
10837,3,15,2,850.03,1700.06,2024-09-11
11450,471,27,1,918.74,918.74,2024-09-11
11864,45,19,2,1812.99,3625.98,2024-09-11
864,279,21,1,2505.63,2505.63,2024-09-12
1921,91,31,1,2489.05,2489.05,2024-09-12
2275,141,35,1,3867.68,3867.68,2024-09-12
2337,41,24,1,1560.49,1560.49,2024-09-12
2452,453,31,1,2489.05,2489.05,2024-09-12
2664,477,10,2,2876.08,5752.16,2024-09-12
3787,488,2,1,3810.25,3810.25,2024-09-12
4008,157,33,1,400.45,400.45,2024-09-12
4287,491,16,2,856.11,1712.22,2024-09-12
6332,440,36,1,3262.33,3262.33,2024-09-12
7271,261,6,2,750.58,1501.16,2024-09-12
7686,489,8,1,3484.78,3484.78,2024-09-12
7778,320,8,2,3484.78,6969.56,2024-09-12
8549,440,20,1,1271.23,1271.23,2024-09-12
8645,397,2,2,3810.25,7620.5,2024-09-12
10311,15,18,1,2170.31,2170.31,2024-09-12
10426,355,10,2,2876.08,5752.16,2024-09-12
10919,300,11,1,229.25,229.25,2024-09-12
183,251,4,1,2454.84,2454.84,2024-09-13
307,489,14,1,967.51,967.51,2024-09-13
673,433,28,1,2129.8,2129.8,2024-09-13
942,482,5,1,750.67,750.67,2024-09-13
3743,235,32,2,806.52,1613.04,2024-09-13
4070,453,8,1,3484.78,3484.78,2024-09-13
4134,179,20,1,1271.23,1271.23,2024-09-13
4603,144,5,1,750.67,750.67,2024-09-13
5245,338,27,1,918.74,918.74,2024-09-13
6020,38,9,2,2464.29,4928.58,2024-09-13
7136,266,19,1,1812.99,1812.99,2024-09-13
7552,346,27,1,918.74,918.74,2024-09-13
7731,162,6,1,750.58,750.58,2024-09-13
9565,78,18,1,2170.31,2170.31,2024-09-13
9972,394,2,2,3810.25,7620.5,2024-09-13
10154,139,11,1,229.25,229.25,2024-09-13
10329,416,21,1,2505.63,2505.63,2024-09-13
1653,35,22,1,687.05,687.05,2024-09-14
3173,41,33,2,400.45,800.9,2024-09-14
3287,477,3,2,2968.18,5936.36,2024-09-14
3486,441,36,1,3262.33,3262.33,2024-09-14
5181,4,6,1,750.58,750.58,2024-09-14
5441,163,2,1,3810.25,3810.25,2024-09-14
6158,101,8,1,3484.78,3484.78,2024-09-14
6245,436,19,1,1812.99,1812.99,2024-09-14
7830,238,11,1,229.25,229.25,2024-09-14
9942,194,28,2,2129.8,4259.6,2024-09-14
10218,196,19,1,1812.99,1812.99,2024-09-14
10991,34,20,1,1271.23,1271.23,2024-09-14
11852,413,29,2,2430.8,4861.6,2024-09-14
599,191,12,1,3884.15,3884.15,2024-09-15
1529,310,2,2,3810.25,7620.5,2024-09-15
2703,323,15,2,850.03,1700.06,2024-09-15
2879,367,28,1,2129.8,2129.8,2024-09-15
3353,338,10,2,2876.08,5752.16,2024-09-15
5098,137,16,1,856.11,856.11,2024-09-15
7242,467,12,2,3884.15,7768.3,2024-09-15
7715,397,25,1,1905.87,1905.87,2024-09-15
8015,357,29,1,2430.8,2430.8,2024-09-15
8706,466,24,1,1560.49,1560.49,2024-09-15
9280,69,14,2,967.51,1935.02,2024-09-15
10172,163,12,1,3884.15,3884.15,2024-09-15
10930,60,28,1,2129.8,2129.8,2024-09-15
11282,119,19,2,1812.99,3625.98,2024-09-15
766,440,3,1,2968.18,2968.18,2024-09-16
793,330,22,1,687.05,687.05,2024-09-16
3632,241,2,2,3810.25,7620.5,2024-09-16
3651,226,21,1,2505.63,2505.63,2024-09-16
4091,40,24,1,1560.49,1560.49,2024-09-16
4638,66,15,1,850.03,850.03,2024-09-16
5911,384,16,1,856.11,856.11,2024-09-16
6430,287,25,2,1905.87,3811.74,2024-09-16
6617,418,11,1,229.25,229.25,2024-09-16
9594,289,26,1,3172.93,3172.93,2024-09-16
11109,104,15,1,850.03,850.03,2024-09-16
148,238,7,1,373.62,373.62,2024-09-17
1306,69,14,1,967.51,967.51,2024-09-17
3066,213,19,2,1812.99,3625.98,2024-09-17
3605,434,24,1,1560.49,1560.49,2024-09-17
3875,429,16,2,856.11,1712.22,2024-09-17
4260,182,2,1,3810.25,3810.25,2024-09-17
6264,34,18,3,2170.31,6510.93,2024-09-17
7509,221,2,1,3810.25,3810.25,2024-09-17
8408,411,36,2,3262.33,6524.66,2024-09-17
9534,81,25,1,1905.87,1905.87,2024-09-17
11024,487,14,1,967.51,967.51,2024-09-17
150,261,26,2,3172.93,6345.86,2024-09-18
468,346,33,1,400.45,400.45,2024-09-18
1415,153,17,2,1321.33,2642.66,2024-09-18
2148,184,20,2,1271.23,2542.46,2024-09-18
2867,375,3,3,2968.18,8904.54,2024-09-18
3201,289,24,1,1560.49,1560.49,2024-09-18
4409,176,28,1,2129.8,2129.8,2024-09-18
5162,487,12,1,3884.15,3884.15,2024-09-18
6292,472,9,1,2464.29,2464.29,2024-09-18
6542,436,5,1,750.67,750.67,2024-09-18
7070,480,2,1,3810.25,3810.25,2024-09-18
7977,248,11,1,229.25,229.25,2024-09-18
8400,470,13,1,3354.9,3354.9,2024-09-18
11536,466,22,2,687.05,1374.1,2024-09-18
11991,18,36,1,3262.33,3262.33,2024-09-18
522,81,29,1,2430.8,2430.8,2024-09-19
718,412,12,1,3884.15,3884.15,2024-09-19
2918,315,32,1,806.52,806.52,2024-09-19
3250,53,29,1,2430.8,2430.8,2024-09-19
4289,225,8,1,3484.78,3484.78,2024-09-19
6200,104,21,1,2505.63,2505.63,2024-09-19
6416,378,23,1,1274.76,1274.76,2024-09-19
7345,6,4,2,2454.84,4909.68,2024-09-19
8360,45,7,1,373.62,373.62,2024-09-19
8832,444,16,2,856.11,1712.22,2024-09-19
9205,310,9,1,2464.29,2464.29,2024-09-19
11799,496,9,1,2464.29,2464.29,2024-09-19
209,191,30,1,328.83,328.83,2024-09-20
1219,363,14,1,967.51,967.51,2024-09-20
3613,496,34,1,3803.21,3803.21,2024-09-20
3740,38,20,1,1271.23,1271.23,2024-09-20
3883,18,17,1,1321.33,1321.33,2024-09-20
4452,337,30,1,328.83,328.83,2024-09-20
5103,191,20,2,1271.23,2542.46,2024-09-20
7942,253,28,1,2129.8,2129.8,2024-09-20
8161,450,9,1,2464.29,2464.29,2024-09-20
8840,193,7,1,373.62,373.62,2024-09-20
9870,101,21,1,2505.63,2505.63,2024-09-20
10480,355,5,1,750.67,750.67,2024-09-20
11480,266,27,1,918.74,918.74,2024-09-20
11739,438,16,1,856.11,856.11,2024-09-20
1729,390,33,1,400.45,400.45,2024-09-21
2581,151,8,1,3484.78,3484.78,2024-09-21
2684,394,15,2,850.03,1700.06,2024-09-21
2765,464,5,1,750.67,750.67,2024-09-21
3292,85,26,2,3172.93,6345.86,2024-09-21
3536,384,5,2,750.67,1501.34,2024-09-21
3756,325,14,1,967.51,967.51,2024-09-21
4399,370,27,1,918.74,918.74,2024-09-21
4896,194,36,1,3262.33,3262.33,2024-09-21
5218,310,3,1,2968.18,2968.18,2024-09-21
5812,191,5,1,750.67,750.67,2024-09-21
6220,470,10,1,2876.08,2876.08,2024-09-21
6777,500,10,1,2876.08,2876.08,2024-09-21
6896,355,13,1,3354.9,3354.9,2024-09-21
7078,456,34,2,3803.21,7606.42,2024-09-21
9203,52,16,1,856.11,856.11,2024-09-21
10463,241,11,1,229.25,229.25,2024-09-21
11243,182,33,1,400.45,400.45,2024-09-21
2123,324,16,1,856.11,856.11,2024-09-22
2293,483,15,1,850.03,850.03,2024-09-22
2745,464,35,1,3867.68,3867.68,2024-09-22
3829,329,9,1,2464.29,2464.29,2024-09-22
5239,175,4,1,2454.84,2454.84,2024-09-22
5820,264,11,1,229.25,229.25,2024-09-22
6638,224,36,1,3262.33,3262.33,2024-09-22
6903,281,3,1,2968.18,2968.18,2024-09-22
7234,151,12,1,3884.15,3884.15,2024-09-22
8054,354,10,1,2876.08,2876.08,2024-09-22
8182,453,12,1,3884.15,3884.15,2024-09-22
8476,231,17,1,1321.33,1321.33,2024-09-22
8795,232,25,1,1905.87,1905.87,2024-09-22
9699,296,35,1,3867.68,3867.68,2024-09-22
10465,494,10,1,2876.08,2876.08,2024-09-22
10479,176,23,1,1274.76,1274.76,2024-09-22
10669,313,9,2,2464.29,4928.58,2024-09-22
11215,355,29,3,2430.8,7292.4,2024-09-22
11746,3,14,2,967.51,1935.02,2024-09-22
874,54,17,3,1321.33,3963.99,2024-09-23
3422,101,21,2,2505.63,5011.26,2024-09-23
3988,303,27,1,918.74,918.74,2024-09-23
5080,362,18,1,2170.31,2170.31,2024-09-23
5681,317,11,1,229.25,229.25,2024-09-23
6341,38,32,1,806.52,806.52,2024-09-23
6371,241,22,2,687.05,1374.1,2024-09-23
6440,9,33,2,400.45,800.9,2024-09-23
6450,80,2,1,3810.25,3810.25,2024-09-23
6478,355,22,1,687.05,687.05,2024-09-23
8401,316,10,1,2876.08,2876.08,2024-09-23
9453,208,17,1,1321.33,1321.33,2024-09-23
9484,454,15,2,850.03,1700.06,2024-09-23
10067,409,25,1,1905.87,1905.87,2024-09-23
10416,108,32,2,806.52,1613.04,2024-09-23
10577,317,15,1,850.03,850.03,2024-09-23
10798,500,12,1,3884.15,3884.15,2024-09-23
11674,91,11,1,229.25,229.25,2024-09-23
11714,426,5,1,750.67,750.67,2024-09-23
1237,429,25,2,1905.87,3811.74,2024-09-24
1245,141,16,2,856.11,1712.22,2024-09-24
1464,45,2,1,3810.25,3810.25,2024-09-24
2236,427,31,1,2489.05,2489.05,2024-09-24
2732,444,22,2,687.05,1374.1,2024-09-24
2977,19,32,1,806.52,806.52,2024-09-24
3633,289,29,1,2430.8,2430.8,2024-09-24
3729,225,20,1,1271.23,1271.23,2024-09-24
5112,488,6,2,750.58,1501.16,2024-09-24
6045,438,12,1,3884.15,3884.15,2024-09-24
6764,232,12,1,3884.15,3884.15,2024-09-24
7559,40,17,1,1321.33,1321.33,2024-09-24
7995,198,4,1,2454.84,2454.84,2024-09-24
9963,130,26,1,3172.93,3172.93,2024-09-24
11246,104,27,1,918.74,918.74,2024-09-24
11379,444,20,1,1271.23,1271.23,2024-09-24
11487,81,16,3,856.11,2568.33,2024-09-24
230,459,21,2,2505.63,5011.26,2024-09-25
873,20,29,2,2430.8,4861.6,2024-09-25
1795,368,35,1,3867.68,3867.68,2024-09-25
2078,483,30,1,328.83,328.83,2024-09-25
3946,12,29,1,2430.8,2430.8,2024-09-25
4341,86,11,1,229.25,229.25,2024-09-25
5142,471,21,1,2505.63,2505.63,2024-09-25
5790,454,4,1,2454.84,2454.84,2024-09-25
6364,195,1,1,1591.98,1591.98,2024-09-25
6399,17,7,2,373.62,747.24,2024-09-25
7428,101,13,1,3354.9,3354.9,2024-09-25
7436,175,22,1,687.05,687.05,2024-09-25
9499,92,30,3,328.83,986.49,2024-09-25
10398,469,24,1,1560.49,1560.49,2024-09-25
11697,473,14,2,967.51,1935.02,2024-09-25
1887,175,18,1,2170.31,2170.31,2024-09-26
2134,32,31,2,2489.05,4978.1,2024-09-26
2533,77,29,1,2430.8,2430.8,2024-09-26
2536,210,2,1,3810.25,3810.25,2024-09-26
2899,77,20,1,1271.23,1271.23,2024-09-26
3407,347,6,1,750.58,750.58,2024-09-26
3473,38,5,1,750.67,750.67,2024-09-26
3677,415,30,1,328.83,328.83,2024-09-26
3832,45,35,1,3867.68,3867.68,2024-09-26
4014,355,27,1,918.74,918.74,2024-09-26
4155,221,10,2,2876.08,5752.16,2024-09-26
6083,47,36,1,3262.33,3262.33,2024-09-26
6458,206,1,1,1591.98,1591.98,2024-09-26
8648,79,4,1,2454.84,2454.84,2024-09-26
9224,153,12,1,3884.15,3884.15,2024-09-26
9322,353,3,1,2968.18,2968.18,2024-09-26
10236,343,8,1,3484.78,3484.78,2024-09-26
10595,383,28,1,2129.8,2129.8,2024-09-26
10703,432,12,2,3884.15,7768.3,2024-09-26
11034,483,27,1,918.74,918.74,2024-09-26
11910,415,11,1,229.25,229.25,2024-09-26
224,376,21,1,2505.63,2505.63,2024-09-27
1036,281,18,1,2170.31,2170.31,2024-09-27
2610,409,34,1,3803.21,3803.21,2024-09-27
2923,495,29,3,2430.8,7292.4,2024-09-27
3197,184,24,2,1560.49,3120.98,2024-09-27
3459,235,19,1,1812.99,1812.99,2024-09-27
6460,102,32,1,806.52,806.52,2024-09-27
6946,197,17,1,1321.33,1321.33,2024-09-27
8822,226,21,1,2505.63,2505.63,2024-09-27
9727,119,16,1,856.11,856.11,2024-09-27
10877,392,18,2,2170.31,4340.62,2024-09-27
11707,426,20,1,1271.23,1271.23,2024-09-27
99,99,8,1,3484.78,3484.78,2024-09-28
968,175,9,1,2464.29,2464.29,2024-09-28
1099,104,17,1,1321.33,1321.33,2024-09-28
2450,353,18,1,2170.31,2170.31,2024-09-28
2494,494,23,2,1274.76,2549.52,2024-09-28
3783,497,8,1,3484.78,3484.78,2024-09-28
5219,406,1,1,1591.98,1591.98,2024-09-28
6136,140,12,1,3884.15,3884.15,2024-09-28
6631,73,1,1,1591.98,1591.98,2024-09-28
7531,124,8,2,3484.78,6969.56,2024-09-28
8554,392,3,2,2968.18,5936.36,2024-09-28
8966,477,22,1,687.05,687.05,2024-09-28
9906,411,26,1,3172.93,3172.93,2024-09-28
4063,157,26,1,3172.93,3172.93,2024-09-29
4213,489,18,1,2170.31,2170.31,2024-09-29
4361,352,18,1,2170.31,2170.31,2024-09-29
6821,434,12,1,3884.15,3884.15,2024-09-29
8075,309,3,1,2968.18,2968.18,2024-09-29
8086,246,36,1,3262.33,3262.33,2024-09-29
9813,213,5,2,750.67,1501.34,2024-09-29
11808,179,20,1,1271.23,1271.23,2024-09-29
17,116,28,2,2129.8,4259.6,2024-09-30
57,353,23,1,1274.76,1274.76,2024-09-30
416,237,24,1,1560.49,1560.49,2024-09-30
811,468,16,2,856.11,1712.22,2024-09-30
1000,497,15,1,850.03,850.03,2024-09-30
1241,332,22,1,687.05,687.05,2024-09-30
1913,409,32,1,806.52,806.52,2024-09-30
4505,32,21,1,2505.63,2505.63,2024-09-30
5601,245,1,1,1591.98,1591.98,2024-09-30
6114,141,30,2,328.83,657.66,2024-09-30
6196,463,15,1,850.03,850.03,2024-09-30
6781,497,7,1,373.62,373.62,2024-09-30
8482,53,35,1,3867.68,3867.68,2024-09-30
9774,119,11,1,229.25,229.25,2024-09-30
10344,434,30,1,328.83,328.83,2024-09-30
11168,270,4,2,2454.84,4909.68,2024-09-30
11439,483,21,1,2505.63,2505.63,2024-09-30
1424,385,6,1,750.58,750.58,2024-10-01
1872,20,7,1,373.62,373.62,2024-10-01
1956,487,35,1,3867.68,3867.68,2024-10-01
2941,448,13,2,3354.9,6709.8,2024-10-01
6173,355,4,1,2454.84,2454.84,2024-10-01
6570,112,27,1,918.74,918.74,2024-10-01
6718,320,9,2,2464.29,4928.58,2024-10-01
7490,313,19,1,1812.99,1812.99,2024-10-01
8898,243,15,1,850.03,850.03,2024-10-01
9414,19,36,1,3262.33,3262.33,2024-10-01
9551,129,27,1,918.74,918.74,2024-10-01
10786,278,19,1,1812.99,1812.99,2024-10-01
10800,77,17,2,1321.33,2642.66,2024-10-01
10939,251,24,1,1560.49,1560.49,2024-10-01
1643,212,6,1,750.58,750.58,2024-10-02
1929,285,29,1,2430.8,2430.8,2024-10-02
2127,32,15,1,850.03,850.03,2024-10-02
2538,102,17,1,1321.33,1321.33,2024-10-02
2628,152,25,2,1905.87,3811.74,2024-10-02
3775,464,22,1,687.05,687.05,2024-10-02
3834,454,3,1,2968.18,2968.18,2024-10-02
4025,496,11,1,229.25,229.25,2024-10-02
4046,41,9,1,2464.29,2464.29,2024-10-02
6523,483,18,1,2170.31,2170.31,2024-10-02
7092,168,25,1,1905.87,1905.87,2024-10-02
7103,439,19,1,1812.99,1812.99,2024-10-02
8026,183,32,1,806.52,806.52,2024-10-02
8413,478,22,2,687.05,1374.1,2024-10-02
8593,410,15,2,850.03,1700.06,2024-10-02
9127,40,6,1,750.58,750.58,2024-10-02
10434,147,22,1,687.05,687.05,2024-10-02
11239,389,5,1,750.67,750.67,2024-10-02
11292,17,36,1,3262.33,3262.33,2024-10-02
11908,499,35,2,3867.68,7735.36,2024-10-02
1613,408,24,2,1560.49,3120.98,2024-10-03
3852,446,34,1,3803.21,3803.21,2024-10-03
4531,3,29,2,2430.8,4861.6,2024-10-03
5486,339,20,1,1271.23,1271.23,2024-10-03
5572,474,24,2,1560.49,3120.98,2024-10-03
8431,232,27,1,918.74,918.74,2024-10-03
8810,418,23,1,1274.76,1274.76,2024-10-03
9109,445,14,1,967.51,967.51,2024-10-03
9706,168,14,1,967.51,967.51,2024-10-03
9881,175,13,2,3354.9,6709.8,2024-10-03
10022,360,35,1,3867.68,3867.68,2024-10-03
10371,353,10,1,2876.08,2876.08,2024-10-03
10854,77,9,1,2464.29,2464.29,2024-10-03
1161,48,31,2,2489.05,4978.1,2024-10-04
1561,69,17,1,1321.33,1321.33,2024-10-04
2168,76,16,1,856.11,856.11,2024-10-04
3919,280,28,1,2129.8,2129.8,2024-10-04
4854,238,11,1,229.25,229.25,2024-10-04
5398,274,24,1,1560.49,1560.49,2024-10-04
5846,184,3,1,2968.18,2968.18,2024-10-04
8459,411,22,2,687.05,1374.1,2024-10-04
8963,267,27,2,918.74,1837.48,2024-10-04
10265,213,25,1,1905.87,1905.87,2024-10-04
11788,44,19,1,1812.99,1812.99,2024-10-04
11855,429,12,1,3884.15,3884.15,2024-10-04
2131,409,3,1,2968.18,2968.18,2024-10-05
2241,296,32,1,806.52,806.52,2024-10-05
2947,221,9,1,2464.29,2464.29,2024-10-05
3965,477,24,1,1560.49,1560.49,2024-10-05
4037,193,2,1,3810.25,3810.25,2024-10-05
4791,152,6,2,750.58,1501.16,2024-10-05
7919,376,10,1,2876.08,2876.08,2024-10-05
8783,302,18,2,2170.31,4340.62,2024-10-05
9084,158,15,1,850.03,850.03,2024-10-05
9580,41,3,3,2968.18,8904.54,2024-10-05
207,482,17,1,1321.33,1321.33,2024-10-06
419,279,22,1,687.05,687.05,2024-10-06
450,8,26,2,3172.93,6345.86,2024-10-06
685,231,16,3,856.11,2568.33,2024-10-06
1214,166,25,1,1905.87,1905.87,2024-10-06
5160,280,33,1,400.45,400.45,2024-10-06
5769,23,4,1,2454.84,2454.84,2024-10-06
5828,291,11,3,229.25,687.75,2024-10-06
6007,130,3,1,2968.18,2968.18,2024-10-06
6217,146,23,1,1274.76,1274.76,2024-10-06
6497,487,8,1,3484.78,3484.78,2024-10-06
7134,26,22,1,687.05,687.05,2024-10-06
11113,12,26,1,3172.93,3172.93,2024-10-06
11211,460,26,1,3172.93,3172.93,2024-10-06
1144,228,3,1,2968.18,2968.18,2024-10-07
2806,148,8,2,3484.78,6969.56,2024-10-07
3104,454,13,3,3354.9,10064.7,2024-10-07
3472,128,9,2,2464.29,4928.58,2024-10-07
4496,278,35,1,3867.68,3867.68,2024-10-07
4844,499,19,2,1812.99,3625.98,2024-10-07
6303,488,28,1,2129.8,2129.8,2024-10-07
7238,429,16,1,856.11,856.11,2024-10-07
7252,221,28,1,2129.8,2129.8,2024-10-07
7698,100,17,1,1321.33,1321.33,2024-10-07
8322,95,15,1,850.03,850.03,2024-10-07
8442,438,13,1,3354.9,3354.9,2024-10-07
8667,130,13,1,3354.9,3354.9,2024-10-07
8764,115,11,1,229.25,229.25,2024-10-07
9286,499,31,1,2489.05,2489.05,2024-10-07
9552,57,14,1,967.51,967.51,2024-10-07
9900,162,3,2,2968.18,5936.36,2024-10-07
10432,483,22,1,687.05,687.05,2024-10-07
10663,440,10,1,2876.08,2876.08,2024-10-07
11122,290,7,1,373.62,373.62,2024-10-07
11927,16,17,1,1321.33,1321.33,2024-10-07
11941,360,35,1,3867.68,3867.68,2024-10-07
171,278,23,1,1274.76,1274.76,2024-10-08
348,430,15,1,850.03,850.03,2024-10-08
830,468,26,1,3172.93,3172.93,2024-10-08
946,18,26,1,3172.93,3172.93,2024-10-08
1514,408,4,1,2454.84,2454.84,2024-10-08
1859,386,34,2,3803.21,7606.42,2024-10-08
2313,468,1,1,1591.98,1591.98,2024-10-08
3803,208,4,1,2454.84,2454.84,2024-10-08
4146,343,16,1,856.11,856.11,2024-10-08
5102,191,27,1,918.74,918.74,2024-10-08
6261,443,8,1,3484.78,3484.78,2024-10-08
7044,409,33,1,400.45,400.45,2024-10-08
8303,157,6,1,750.58,750.58,2024-10-08
9639,226,27,1,918.74,918.74,2024-10-08
11018,341,3,2,2968.18,5936.36,2024-10-08
11116,205,20,1,1271.23,1271.23,2024-10-08
11460,193,29,1,2430.8,2430.8,2024-10-08
11497,416,2,3,3810.25,11430.75,2024-10-08
53,391,9,1,2464.29,2464.29,2024-10-09
282,366,1,1,1591.98,1591.98,2024-10-09
1648,460,31,2,2489.05,4978.1,2024-10-09
2617,331,8,2,3484.78,6969.56,2024-10-09
3639,199,26,1,3172.93,3172.93,2024-10-09
3707,20,2,1,3810.25,3810.25,2024-10-09
4449,101,27,1,918.74,918.74,2024-10-09
5630,371,3,1,2968.18,2968.18,2024-10-09
8493,15,22,2,687.05,1374.1,2024-10-09
8721,29,10,2,2876.08,5752.16,2024-10-09
9799,453,9,1,2464.29,2464.29,2024-10-09
9818,411,31,1,2489.05,2489.05,2024-10-09
9910,226,32,1,806.52,806.52,2024-10-09
10464,390,3,2,2968.18,5936.36,2024-10-09
10712,137,14,1,967.51,967.51,2024-10-09
11173,183,30,1,328.83,328.83,2024-10-09
303,119,30,1,328.83,328.83,2024-10-10
1919,119,27,2,918.74,1837.48,2024-10-10
2037,494,22,2,687.05,1374.1,2024-10-10
3389,80,36,2,3262.33,6524.66,2024-10-10
3721,168,6,1,750.58,750.58,2024-10-10
4839,410,34,1,3803.21,3803.21,2024-10-10
5209,32,18,1,2170.31,2170.31,2024-10-10
5213,454,1,2,1591.98,3183.96,2024-10-10
5803,153,16,2,856.11,1712.22,2024-10-10
7542,254,24,1,1560.49,1560.49,2024-10-10
8067,246,5,1,750.67,750.67,2024-10-10
10106,8,16,1,856.11,856.11,2024-10-10
10457,355,31,1,2489.05,2489.05,2024-10-10
11045,471,21,1,2505.63,2505.63,2024-10-10
11499,456,24,1,1560.49,1560.49,2024-10-10
1939,469,8,1,3484.78,3484.78,2024-10-11
2095,464,5,1,750.67,750.67,2024-10-11
4659,378,16,1,856.11,856.11,2024-10-11
5097,185,34,1,3803.21,3803.21,2024-10-11
5720,220,32,1,806.52,806.52,2024-10-11
5925,474,24,1,1560.49,1560.49,2024-10-11
6221,18,31,1,2489.05,2489.05,2024-10-11
7018,213,7,1,373.62,373.62,2024-10-11
7218,285,18,3,2170.31,6510.93,2024-10-11
7261,403,30,2,328.83,657.66,2024-10-11
8394,332,4,1,2454.84,2454.84,2024-10-11
8808,418,27,1,918.74,918.74,2024-10-11
9628,426,17,1,1321.33,1321.33,2024-10-11
9759,19,16,2,856.11,1712.22,2024-10-11
10372,104,5,1,750.67,750.67,2024-10-11
10656,162,7,2,373.62,747.24,2024-10-11
11080,437,24,2,1560.49,3120.98,2024-10-11
11151,217,6,1,750.58,750.58,2024-10-11
11772,496,2,1,3810.25,3810.25,2024-10-11
11810,377,8,1,3484.78,3484.78,2024-10-11
405,235,2,1,3810.25,3810.25,2024-10-12
1137,232,34,1,3803.21,3803.21,2024-10-12
3195,169,7,1,373.62,373.62,2024-10-12
5514,440,17,1,1321.33,1321.33,2024-10-12
6004,245,18,2,2170.31,4340.62,2024-10-12
6015,196,31,1,2489.05,2489.05,2024-10-12
7744,417,30,1,328.83,328.83,2024-10-12
8978,104,29,1,2430.8,2430.8,2024-10-12
9259,446,26,1,3172.93,3172.93,2024-10-12
10122,28,29,2,2430.8,4861.6,2024-10-12
10378,354,14,1,967.51,967.51,2024-10-12
10706,316,1,2,1591.98,3183.96,2024-10-12
10886,99,33,1,400.45,400.45,2024-10-12
11206,438,21,1,2505.63,2505.63,2024-10-12
11582,413,19,2,1812.99,3625.98,2024-10-12
269,66,33,1,400.45,400.45,2024-10-13
1054,378,5,2,750.67,1501.34,2024-10-13
2314,384,10,1,2876.08,2876.08,2024-10-13
2330,387,1,1,1591.98,1591.98,2024-10-13
3807,122,23,2,1274.76,2549.52,2024-10-13
3845,176,16,1,856.11,856.11,2024-10-13
4456,213,11,2,229.25,458.5,2024-10-13
5050,108,4,2,2454.84,4909.68,2024-10-13
6863,489,27,1,918.74,918.74,2024-10-13
7151,151,2,1,3810.25,3810.25,2024-10-13
7466,99,18,1,2170.31,2170.31,2024-10-13
8107,15,5,2,750.67,1501.34,2024-10-13
8701,208,12,1,3884.15,3884.15,2024-10-13
9198,487,14,2,967.51,1935.02,2024-10-13
10352,1,7,1,373.62,373.62,2024-10-13
10638,7,30,2,328.83,657.66,2024-10-13
11032,332,26,1,3172.93,3172.93,2024-10-13
11952,38,34,1,3803.21,3803.21,2024-10-13
2352,429,30,1,328.83,328.83,2024-10-14
3403,463,33,1,400.45,400.45,2024-10-14
3504,157,25,1,1905.87,1905.87,2024-10-14
4777,269,26,2,3172.93,6345.86,2024-10-14
5101,210,8,2,3484.78,6969.56,2024-10-14
5490,450,5,1,750.67,750.67,2024-10-14
6454,482,6,3,750.58,2251.74,2024-10-14
7196,412,13,1,3354.9,3354.9,2024-10-14
7209,406,22,1,687.05,687.05,2024-10-14
8159,241,2,1,3810.25,3810.25,2024-10-14
8646,245,6,1,750.58,750.58,2024-10-14
8689,483,32,1,806.52,806.52,2024-10-14
9569,207,35,2,3867.68,7735.36,2024-10-14
9722,231,5,1,750.67,750.67,2024-10-14
10423,289,33,1,400.45,400.45,2024-10-14
664,296,7,1,373.62,373.62,2024-10-15
3314,438,33,1,400.45,400.45,2024-10-15
4045,237,17,1,1321.33,1321.33,2024-10-15
4988,327,17,1,1321.33,1321.33,2024-10-15
5856,355,13,1,3354.9,3354.9,2024-10-15
5940,143,28,1,2129.8,2129.8,2024-10-15
7142,346,26,1,3172.93,3172.93,2024-10-15
8457,366,36,1,3262.33,3262.33,2024-10-15
8636,322,9,1,2464.29,2464.29,2024-10-15
8869,447,23,1,1274.76,1274.76,2024-10-15
8946,104,27,1,918.74,918.74,2024-10-15
10689,243,22,1,687.05,687.05,2024-10-15
11426,392,24,1,1560.49,1560.49,2024-10-15
59,448,8,1,3484.78,3484.78,2024-10-16
589,500,15,1,850.03,850.03,2024-10-16
2182,147,32,1,806.52,806.52,2024-10-16
2725,406,15,1,850.03,850.03,2024-10-16
2892,87,27,1,918.74,918.74,2024-10-16
3252,163,3,1,2968.18,2968.18,2024-10-16
4178,231,10,1,2876.08,2876.08,2024-10-16
4909,327,14,3,967.51,2902.53,2024-10-16
6393,363,4,2,2454.84,4909.68,2024-10-16
6457,413,35,1,3867.68,3867.68,2024-10-16
6534,495,2,1,3810.25,3810.25,2024-10-16
6749,411,9,2,2464.29,4928.58,2024-10-16
8248,331,21,1,2505.63,2505.63,2024-10-16
8249,200,9,1,2464.29,2464.29,2024-10-16
9498,193,16,1,856.11,856.11,2024-10-16
9934,157,2,2,3810.25,7620.5,2024-10-16
10318,483,11,1,229.25,229.25,2024-10-16
10498,487,29,1,2430.8,2430.8,2024-10-16
10739,377,9,1,2464.29,2464.29,2024-10-16
10848,361,17,2,1321.33,2642.66,2024-10-16
455,69,31,1,2489.05,2489.05,2024-10-17
940,212,15,1,850.03,850.03,2024-10-17
3609,119,12,1,3884.15,3884.15,2024-10-17
4412,119,6,1,750.58,750.58,2024-10-17
5180,432,32,1,806.52,806.52,2024-10-17
5392,98,14,1,967.51,967.51,2024-10-17
5968,16,26,1,3172.93,3172.93,2024-10-17
6884,443,23,1,1274.76,1274.76,2024-10-17
7425,156,22,1,687.05,687.05,2024-10-17
7628,463,31,1,2489.05,2489.05,2024-10-17
8217,375,13,1,3354.9,3354.9,2024-10-17
9373,56,29,1,2430.8,2430.8,2024-10-17
9413,316,35,2,3867.68,7735.36,2024-10-17
9621,494,17,1,1321.33,1321.33,2024-10-17
10093,69,5,1,750.67,750.67,2024-10-17
11557,39,22,1,687.05,687.05,2024-10-17
11861,164,10,1,2876.08,2876.08,2024-10-17
652,254,24,1,1560.49,1560.49,2024-10-18
682,363,7,1,373.62,373.62,2024-10-18
2045,52,14,2,967.51,1935.02,2024-10-18
3372,78,30,1,328.83,328.83,2024-10-18
3717,32,35,1,3867.68,3867.68,2024-10-18
3894,494,34,1,3803.21,3803.21,2024-10-18
4022,188,25,2,1905.87,3811.74,2024-10-18
4267,320,15,1,850.03,850.03,2024-10-18
5438,193,11,1,229.25,229.25,2024-10-18
5742,323,11,1,229.25,229.25,2024-10-18
6089,280,14,1,967.51,967.51,2024-10-18
6511,489,3,1,2968.18,2968.18,2024-10-18
6552,380,29,1,2430.8,2430.8,2024-10-18
8603,495,8,2,3484.78,6969.56,2024-10-18
9369,207,1,1,1591.98,1591.98,2024-10-18
9650,221,13,1,3354.9,3354.9,2024-10-18
9656,38,9,1,2464.29,2464.29,2024-10-18
10888,78,13,2,3354.9,6709.8,2024-10-18
11019,138,12,2,3884.15,7768.3,2024-10-18
11375,139,23,1,1274.76,1274.76,2024-10-18
11962,410,9,1,2464.29,2464.29,2024-10-18
797,6,23,1,1274.76,1274.76,2024-10-19
877,370,8,1,3484.78,3484.78,2024-10-19
2607,453,3,1,2968.18,2968.18,2024-10-19
3137,360,25,1,1905.87,1905.87,2024-10-19
3697,186,7,3,373.62,1120.86,2024-10-19
4576,53,28,1,2129.8,2129.8,2024-10-19
7067,53,29,1,2430.8,2430.8,2024-10-19
8510,86,19,1,1812.99,1812.99,2024-10-19
8699,411,13,1,3354.9,3354.9,2024-10-19
10648,82,29,1,2430.8,2430.8,2024-10-19
178,19,17,1,1321.33,1321.33,2024-10-20
552,296,24,2,1560.49,3120.98,2024-10-20
710,446,32,1,806.52,806.52,2024-10-20
1319,488,9,1,2464.29,2464.29,2024-10-20
1516,278,33,1,400.45,400.45,2024-10-20
2084,210,7,1,373.62,373.62,2024-10-20
3148,331,34,2,3803.21,7606.42,2024-10-20
3902,473,33,1,400.45,400.45,2024-10-20
5091,197,35,2,3867.68,7735.36,2024-10-20
6197,464,25,1,1905.87,1905.87,2024-10-20
8492,254,19,1,1812.99,1812.99,2024-10-20
8961,263,11,1,229.25,229.25,2024-10-20
9214,150,32,1,806.52,806.52,2024-10-20
10578,13,5,1,750.67,750.67,2024-10-20
11596,440,25,1,1905.87,1905.87,2024-10-20
20,496,28,2,2129.8,4259.6,2024-10-21
152,179,29,1,2430.8,2430.8,2024-10-21
393,347,7,2,373.62,747.24,2024-10-21
1145,392,4,3,2454.84,7364.52,2024-10-21
1154,207,1,2,1591.98,3183.96,2024-10-21
1188,237,30,1,328.83,328.83,2024-10-21
3767,485,5,2,750.67,1501.34,2024-10-21
4388,208,29,1,2430.8,2430.8,2024-10-21
6135,139,22,1,687.05,687.05,2024-10-21
6385,17,13,1,3354.9,3354.9,2024-10-21
6730,344,6,2,750.58,1501.16,2024-10-21
7677,496,25,1,1905.87,1905.87,2024-10-21
10222,467,9,1,2464.29,2464.29,2024-10-21
10662,417,19,1,1812.99,1812.99,2024-10-21
10772,350,14,1,967.51,967.51,2024-10-21
11517,289,25,1,1905.87,1905.87,2024-10-21
726,285,12,2,3884.15,7768.3,2024-10-22
1048,111,34,1,3803.21,3803.21,2024-10-22
1140,32,10,1,2876.08,2876.08,2024-10-22
1832,206,21,1,2505.63,2505.63,2024-10-22
1862,179,27,2,918.74,1837.48,2024-10-22
4630,212,22,1,687.05,687.05,2024-10-22
5007,411,28,1,2129.8,2129.8,2024-10-22
5147,471,15,1,850.03,850.03,2024-10-22
5626,221,27,1,918.74,918.74,2024-10-22
5664,267,28,1,2129.8,2129.8,2024-10-22
5751,454,31,3,2489.05,7467.15,2024-10-22
7876,442,17,1,1321.33,1321.33,2024-10-22
9927,478,18,1,2170.31,2170.31,2024-10-22
10668,496,7,2,373.62,747.24,2024-10-22
11601,447,14,1,967.51,967.51,2024-10-22
11723,471,25,1,1905.87,1905.87,2024-10-22
469,459,32,1,806.52,806.52,2024-10-23
489,469,17,1,1321.33,1321.33,2024-10-23
979,262,12,1,3884.15,3884.15,2024-10-23
1203,57,10,2,2876.08,5752.16,2024-10-23
1376,260,19,1,1812.99,1812.99,2024-10-23
1911,496,18,1,2170.31,2170.31,2024-10-23
3311,487,23,1,1274.76,1274.76,2024-10-23
4031,452,11,1,229.25,229.25,2024-10-23
4333,228,29,1,2430.8,2430.8,2024-10-23
5074,442,35,2,3867.68,7735.36,2024-10-23
5286,168,20,1,1271.23,1271.23,2024-10-23
5701,349,28,1,2129.8,2129.8,2024-10-23
5779,463,6,1,750.58,750.58,2024-10-23
6976,296,23,1,1274.76,1274.76,2024-10-23
7128,116,27,1,918.74,918.74,2024-10-23
8635,487,17,2,1321.33,2642.66,2024-10-23
8766,302,11,1,229.25,229.25,2024-10-23
9923,471,24,1,1560.49,1560.49,2024-10-23
10081,157,10,2,2876.08,5752.16,2024-10-23
10082,478,8,1,3484.78,3484.78,2024-10-23
10622,308,2,1,3810.25,3810.25,2024-10-23
11573,254,16,1,856.11,856.11,2024-10-23
891,206,29,2,2430.8,4861.6,2024-10-24
1006,338,32,1,806.52,806.52,2024-10-24
1152,232,5,2,750.67,1501.34,2024-10-24
2929,164,24,1,1560.49,1560.49,2024-10-24
3123,85,13,1,3354.9,3354.9,2024-10-24
3364,438,26,2,3172.93,6345.86,2024-10-24
3432,25,36,1,3262.33,3262.33,2024-10-24
5976,440,30,2,328.83,657.66,2024-10-24
6398,332,24,1,1560.49,1560.49,2024-10-24
6593,429,33,1,400.45,400.45,2024-10-24
6701,144,23,1,1274.76,1274.76,2024-10-24
7415,447,34,1,3803.21,3803.21,2024-10-24
8184,45,15,1,850.03,850.03,2024-10-24
8552,474,31,2,2489.05,4978.1,2024-10-24
9156,270,27,1,918.74,918.74,2024-10-24
9231,487,31,1,2489.05,2489.05,2024-10-24
9954,355,29,2,2430.8,4861.6,2024-10-24
10026,157,22,1,687.05,687.05,2024-10-24
10513,78,14,2,967.51,1935.02,2024-10-24
10832,105,23,2,1274.76,2549.52,2024-10-24
10985,278,14,1,967.51,967.51,2024-10-24
39,434,7,1,373.62,373.62,2024-10-25
744,23,13,1,3354.9,3354.9,2024-10-25
1632,489,6,1,750.58,750.58,2024-10-25
2189,273,9,1,2464.29,2464.29,2024-10-25
2235,390,15,2,850.03,1700.06,2024-10-25
2517,34,31,1,2489.05,2489.05,2024-10-25
3057,195,14,1,967.51,967.51,2024-10-25
3917,57,25,3,1905.87,5717.61,2024-10-25
4572,417,31,1,2489.05,2489.05,2024-10-25
4961,157,32,3,806.52,2419.56,2024-10-25
5645,338,19,1,1812.99,1812.99,2024-10-25
7365,91,17,2,1321.33,2642.66,2024-10-25
7631,481,22,2,687.05,1374.1,2024-10-25
7701,58,33,1,400.45,400.45,2024-10-25
8227,27,31,1,2489.05,2489.05,2024-10-25
8804,146,12,1,3884.15,3884.15,2024-10-25
10880,105,9,3,2464.29,7392.87,2024-10-25
11979,227,10,1,2876.08,2876.08,2024-10-25
1857,402,27,1,918.74,918.74,2024-10-26
1910,450,7,1,373.62,373.62,2024-10-26
3997,79,13,1,3354.9,3354.9,2024-10-26
4423,341,12,1,3884.15,3884.15,2024-10-26
4694,471,10,1,2876.08,2876.08,2024-10-26
5614,121,18,1,2170.31,2170.31,2024-10-26
6803,210,1,1,1591.98,1591.98,2024-10-26
10322,436,23,1,1274.76,1274.76,2024-10-26
10340,40,9,2,2464.29,4928.58,2024-10-26
10762,248,29,2,2430.8,4861.6,2024-10-26
11684,58,6,2,750.58,1501.16,2024-10-26
11737,268,22,1,687.05,687.05,2024-10-26
127,440,16,1,856.11,856.11,2024-10-27
783,216,23,1,1274.76,1274.76,2024-10-27
819,182,11,1,229.25,229.25,2024-10-27
1491,194,11,1,229.25,229.25,2024-10-27
2119,270,16,1,856.11,856.11,2024-10-27
2761,496,16,1,856.11,856.11,2024-10-27
2910,446,7,1,373.62,373.62,2024-10-27
3230,495,1,1,1591.98,1591.98,2024-10-27
5008,487,16,2,856.11,1712.22,2024-10-27
5637,403,33,2,400.45,800.9,2024-10-27
6042,226,21,1,2505.63,2505.63,2024-10-27
6740,328,9,1,2464.29,2464.29,2024-10-27
8063,354,22,1,687.05,687.05,2024-10-27
8132,385,12,1,3884.15,3884.15,2024-10-27
8372,80,27,1,918.74,918.74,2024-10-27
8522,122,31,1,2489.05,2489.05,2024-10-27
9597,469,12,1,3884.15,3884.15,2024-10-27
9919,180,3,1,2968.18,2968.18,2024-10-27
10012,436,14,2,967.51,1935.02,2024-10-27
10549,111,7,1,373.62,373.62,2024-10-27
11416,41,23,3,1274.76,3824.28,2024-10-27
11441,429,26,1,3172.93,3172.93,2024-10-27
11503,280,10,1,2876.08,2876.08,2024-10-27
11745,338,25,1,1905.87,1905.87,2024-10-27
124,453,7,1,373.62,373.62,2024-10-28
236,78,13,1,3354.9,3354.9,2024-10-28
356,411,22,1,687.05,687.05,2024-10-28
837,434,28,1,2129.8,2129.8,2024-10-28
1114,331,28,2,2129.8,4259.6,2024-10-28
2424,119,6,1,750.58,750.58,2024-10-28
2472,496,3,1,2968.18,2968.18,2024-10-28
2508,361,16,3,856.11,2568.33,2024-10-28
2685,461,36,1,3262.33,3262.33,2024-10-28
2774,499,28,2,2129.8,4259.6,2024-10-28
2873,408,2,1,3810.25,3810.25,2024-10-28
3186,376,26,1,3172.93,3172.93,2024-10-28
3737,354,8,1,3484.78,3484.78,2024-10-28
4138,168,22,2,687.05,1374.1,2024-10-28
4580,363,22,3,687.05,2061.15,2024-10-28
4979,463,13,3,3354.9,10064.7,2024-10-28
5073,200,30,1,328.83,328.83,2024-10-28
5691,34,10,1,2876.08,2876.08,2024-10-28
6690,478,34,2,3803.21,7606.42,2024-10-28
6983,448,22,1,687.05,687.05,2024-10-28
7315,473,11,1,229.25,229.25,2024-10-28
7463,415,28,3,2129.8,6389.4,2024-10-28
7527,271,25,1,1905.87,1905.87,2024-10-28
7536,416,27,1,918.74,918.74,2024-10-28
7751,366,1,1,1591.98,1591.98,2024-10-28
8826,245,11,1,229.25,229.25,2024-10-28
9021,376,4,1,2454.84,2454.84,2024-10-28
9558,149,14,1,967.51,967.51,2024-10-28
9794,442,25,1,1905.87,1905.87,2024-10-28
9929,483,14,2,967.51,1935.02,2024-10-28
10507,212,23,1,1274.76,1274.76,2024-10-28
10977,440,33,1,400.45,400.45,2024-10-28
11930,305,14,1,967.51,967.51,2024-10-28
169,410,13,1,3354.9,3354.9,2024-10-29
198,409,23,2,1274.76,2549.52,2024-10-29
211,238,17,1,1321.33,1321.33,2024-10-29
629,436,25,1,1905.87,1905.87,2024-10-29
1469,34,13,1,3354.9,3354.9,2024-10-29
1601,305,1,1,1591.98,1591.98,2024-10-29
1746,89,7,1,373.62,373.62,2024-10-29
2053,124,31,1,2489.05,2489.05,2024-10-29
2215,452,25,3,1905.87,5717.61,2024-10-29
2323,331,33,1,400.45,400.45,2024-10-29
2384,464,4,1,2454.84,2454.84,2024-10-29
2560,210,7,1,373.62,373.62,2024-10-29
2744,109,30,1,328.83,328.83,2024-10-29
2838,193,18,1,2170.31,2170.31,2024-10-29
3324,452,20,1,1271.23,1271.23,2024-10-29
4087,404,5,1,750.67,750.67,2024-10-29
4154,119,4,2,2454.84,4909.68,2024-10-29
4669,119,20,1,1271.23,1271.23,2024-10-29
5316,56,23,1,1274.76,1274.76,2024-10-29
5546,472,22,1,687.05,687.05,2024-10-29
5699,119,25,2,1905.87,3811.74,2024-10-29
5964,475,15,2,850.03,1700.06,2024-10-29
6525,99,27,1,918.74,918.74,2024-10-29
6603,473,28,1,2129.8,2129.8,2024-10-29
6856,104,22,1,687.05,687.05,2024-10-29
6996,366,16,1,856.11,856.11,2024-10-29
7514,279,3,2,2968.18,5936.36,2024-10-29
7517,426,28,1,2129.8,2129.8,2024-10-29
8381,466,25,1,1905.87,1905.87,2024-10-29
10184,172,19,2,1812.99,3625.98,2024-10-29
10428,478,10,1,2876.08,2876.08,2024-10-29
10696,450,25,1,1905.87,1905.87,2024-10-29
10768,301,16,1,856.11,856.11,2024-10-29
11214,280,1,1,1591.98,1591.98,2024-10-29
11444,179,13,2,3354.9,6709.8,2024-10-29
1189,80,15,2,850.03,1700.06,2024-10-30
2922,360,34,1,3803.21,3803.21,2024-10-30
3149,434,16,2,856.11,1712.22,2024-10-30
3165,195,19,1,1812.99,1812.99,2024-10-30
3261,77,27,2,918.74,1837.48,2024-10-30
4040,99,17,1,1321.33,1321.33,2024-10-30
4094,148,15,1,850.03,850.03,2024-10-30
4702,273,18,1,2170.31,2170.31,2024-10-30
5425,269,29,1,2430.8,2430.8,2024-10-30
5570,184,19,2,1812.99,3625.98,2024-10-30
5713,301,14,1,967.51,967.51,2024-10-30
6785,332,8,1,3484.78,3484.78,2024-10-30
7075,98,3,1,2968.18,2968.18,2024-10-30
7314,323,26,1,3172.93,3172.93,2024-10-30
7860,193,11,1,229.25,229.25,2024-10-30
8797,85,20,1,1271.23,1271.23,2024-10-30
8925,142,24,1,1560.49,1560.49,2024-10-30
9225,118,24,1,1560.49,1560.49,2024-10-30
9728,384,16,1,856.11,856.11,2024-10-30
10974,338,26,2,3172.93,6345.86,2024-10-30
11060,221,25,1,1905.87,1905.87,2024-10-30
540,273,29,1,2430.8,2430.8,2024-10-31
1809,392,17,1,1321.33,1321.33,2024-10-31
1884,217,33,1,400.45,400.45,2024-10-31
2005,477,22,1,687.05,687.05,2024-10-31
3284,473,21,2,2505.63,5011.26,2024-10-31
4742,102,25,1,1905.87,1905.87,2024-10-31
5172,454,16,2,856.11,1712.22,2024-10-31
5212,292,36,1,3262.33,3262.33,2024-10-31
6138,496,13,2,3354.9,6709.8,2024-10-31
6294,272,11,1,229.25,229.25,2024-10-31
6311,54,22,3,687.05,2061.15,2024-10-31
9300,57,26,1,3172.93,3172.93,2024-10-31
9479,497,15,2,850.03,1700.06,2024-10-31
9978,253,15,2,850.03,1700.06,2024-10-31
10046,261,21,1,2505.63,2505.63,2024-10-31
10327,237,7,2,373.62,747.24,2024-10-31
10603,493,6,2,750.58,1501.16,2024-10-31
10641,164,10,1,2876.08,2876.08,2024-10-31
11646,500,28,2,2129.8,4259.6,2024-10-31
11980,487,23,2,1274.76,2549.52,2024-10-31
60,195,35,1,3867.68,3867.68,2024-11-01
1206,254,20,2,1271.23,2542.46,2024-11-01
1343,20,15,1,850.03,850.03,2024-11-01
1537,487,21,1,2505.63,2505.63,2024-11-01
2726,10,29,1,2430.8,2430.8,2024-11-01
2789,278,33,2,400.45,800.9,2024-11-01
2839,15,5,1,750.67,750.67,2024-11-01
3327,353,24,1,1560.49,1560.49,2024-11-01
3715,135,7,3,373.62,1120.86,2024-11-01
3931,473,6,1,750.58,750.58,2024-11-01
4513,185,19,1,1812.99,1812.99,2024-11-01
4672,357,13,2,3354.9,6709.8,2024-11-01
6518,350,34,1,3803.21,3803.21,2024-11-01
6557,236,14,1,967.51,967.51,2024-11-01
6618,210,32,1,806.52,806.52,2024-11-01
6908,376,2,2,3810.25,7620.5,2024-11-01
7076,492,20,2,1271.23,2542.46,2024-11-01
8365,406,29,2,2430.8,4861.6,2024-11-01
9289,221,8,1,3484.78,3484.78,2024-11-01
9456,422,14,1,967.51,967.51,2024-11-01
9485,282,23,1,1274.76,1274.76,2024-11-01
9549,478,23,1,1274.76,1274.76,2024-11-01
9675,417,21,1,2505.63,2505.63,2024-11-01
157,83,32,1,806.52,806.52,2024-11-02
596,17,12,1,3884.15,3884.15,2024-11-02
1083,208,10,1,2876.08,2876.08,2024-11-02
1163,61,15,1,850.03,850.03,2024-11-02
1231,105,17,1,1321.33,1321.33,2024-11-02
1650,172,26,1,3172.93,3172.93,2024-11-02
1991,355,29,1,2430.8,2430.8,2024-11-02
2474,129,18,1,2170.31,2170.31,2024-11-02
2888,143,32,1,806.52,806.52,2024-11-02
3114,107,20,2,1271.23,2542.46,2024-11-02
3365,411,28,1,2129.8,2129.8,2024-11-02
3789,30,12,1,3884.15,3884.15,2024-11-02
3851,15,17,1,1321.33,1321.33,2024-11-02
4688,105,12,1,3884.15,3884.15,2024-11-02
4769,126,20,2,1271.23,2542.46,2024-11-02
4969,139,12,2,3884.15,7768.3,2024-11-02
5161,497,31,1,2489.05,2489.05,2024-11-02
6127,495,15,1,850.03,850.03,2024-11-02
7619,206,11,2,229.25,458.5,2024-11-02
8236,432,15,2,850.03,1700.06,2024-11-02
8386,51,8,1,3484.78,3484.78,2024-11-02
8553,238,27,1,918.74,918.74,2024-11-02
8570,69,25,2,1905.87,3811.74,2024-11-02
8590,236,11,1,229.25,229.25,2024-11-02
10673,52,11,1,229.25,229.25,2024-11-02
11149,301,14,1,967.51,967.51,2024-11-02
11335,203,26,1,3172.93,3172.93,2024-11-02
11605,370,31,1,2489.05,2489.05,2024-11-02
11972,354,31,1,2489.05,2489.05,2024-11-02
892,498,35,1,3867.68,3867.68,2024-11-03
999,291,30,1,328.83,328.83,2024-11-03
1248,229,11,1,229.25,229.25,2024-11-03
1398,418,24,1,1560.49,1560.49,2024-11-03
1403,403,14,1,967.51,967.51,2024-11-03
1671,151,14,1,967.51,967.51,2024-11-03
1760,150,30,1,328.83,328.83,2024-11-03
1794,104,36,1,3262.33,3262.33,2024-11-03
1813,221,4,2,2454.84,4909.68,2024-11-03
2637,388,11,1,229.25,229.25,2024-11-03
2758,499,3,2,2968.18,5936.36,2024-11-03
2911,104,28,1,2129.8,2129.8,2024-11-03
3299,481,6,1,750.58,750.58,2024-11-03
3884,175,8,1,3484.78,3484.78,2024-11-03
4095,10,14,2,967.51,1935.02,2024-11-03
5595,230,16,1,856.11,856.11,2024-11-03
5791,17,30,2,328.83,657.66,2024-11-03
5959,442,34,2,3803.21,7606.42,2024-11-03
6155,397,29,1,2430.8,2430.8,2024-11-03
6906,289,17,1,1321.33,1321.33,2024-11-03
7148,329,12,2,3884.15,7768.3,2024-11-03
7439,284,1,1,1591.98,1591.98,2024-11-03
7938,364,15,2,850.03,1700.06,2024-11-03
8798,291,7,2,373.62,747.24,2024-11-03
9063,99,33,2,400.45,800.9,2024-11-03
10063,212,26,1,3172.93,3172.93,2024-11-03
10375,366,7,1,373.62,373.62,2024-11-03
10473,157,30,1,328.83,328.83,2024-11-03
10761,193,23,2,1274.76,2549.52,2024-11-03
11300,244,23,1,1274.76,1274.76,2024-11-03
11840,122,16,1,856.11,856.11,2024-11-03
291,203,24,1,1560.49,1560.49,2024-11-04
466,403,5,2,750.67,1501.34,2024-11-04
1920,236,8,2,3484.78,6969.56,2024-11-04
2012,95,18,1,2170.31,2170.31,2024-11-04
2697,127,2,1,3810.25,3810.25,2024-11-04
2883,347,19,1,1812.99,1812.99,2024-11-04
4181,143,12,1,3884.15,3884.15,2024-11-04
4346,496,9,1,2464.29,2464.29,2024-11-04
5000,191,1,1,1591.98,1591.98,2024-11-04
5136,434,35,1,3867.68,3867.68,2024-11-04
5410,226,35,2,3867.68,7735.36,2024-11-04
5894,221,33,2,400.45,800.9,2024-11-04
5914,254,9,1,2464.29,2464.29,2024-11-04
6452,409,24,1,1560.49,1560.49,2024-11-04
6598,60,20,2,1271.23,2542.46,2024-11-04
6656,257,10,1,2876.08,2876.08,2024-11-04
6674,409,26,2,3172.93,6345.86,2024-11-04
7162,350,2,1,3810.25,3810.25,2024-11-04
7306,420,19,2,1812.99,3625.98,2024-11-04
7310,102,36,1,3262.33,3262.33,2024-11-04
7824,460,28,1,2129.8,2129.8,2024-11-04
8142,348,36,2,3262.33,6524.66,2024-11-04
8163,183,15,1,850.03,850.03,2024-11-04
8259,380,4,1,2454.84,2454.84,2024-11-04
8353,165,36,2,3262.33,6524.66,2024-11-04
9707,379,23,1,1274.76,1274.76,2024-11-04
9977,17,35,2,3867.68,7735.36,2024-11-04
10042,104,5,1,750.67,750.67,2024-11-04
10953,18,1,1,1591.98,1591.98,2024-11-04
11316,87,1,1,1591.98,1591.98,2024-11-04
11734,453,28,2,2129.8,4259.6,2024-11-04
373,187,23,1,1274.76,1274.76,2024-11-05
603,376,15,2,850.03,1700.06,2024-11-05
981,432,32,1,806.52,806.52,2024-11-05
1382,471,14,2,967.51,1935.02,2024-11-05
1644,453,9,1,2464.29,2464.29,2024-11-05
1695,323,35,1,3867.68,3867.68,2024-11-05
2398,468,26,2,3172.93,6345.86,2024-11-05
2712,105,7,3,373.62,1120.86,2024-11-05
4061,440,13,2,3354.9,6709.8,2024-11-05
4776,72,7,1,373.62,373.62,2024-11-05
4842,278,3,1,2968.18,2968.18,2024-11-05
4918,261,26,2,3172.93,6345.86,2024-11-05
5396,197,4,1,2454.84,2454.84,2024-11-05
5632,469,5,2,750.67,1501.34,2024-11-05
5783,153,35,1,3867.68,3867.68,2024-11-05
6154,122,24,2,1560.49,3120.98,2024-11-05
6434,30,23,1,1274.76,1274.76,2024-11-05
6586,472,6,1,750.58,750.58,2024-11-05
7447,278,7,2,373.62,747.24,2024-11-05
7553,377,17,1,1321.33,1321.33,2024-11-05
8294,235,33,1,400.45,400.45,2024-11-05
8970,497,31,1,2489.05,2489.05,2024-11-05
9347,477,33,3,400.45,1201.35,2024-11-05
9921,72,34,1,3803.21,3803.21,2024-11-05
9964,84,36,1,3262.33,3262.33,2024-11-05
10004,121,4,1,2454.84,2454.84,2024-11-05
10035,221,26,2,3172.93,6345.86,2024-11-05
11066,237,11,1,229.25,229.25,2024-11-05
11370,494,13,1,3354.9,3354.9,2024-11-05
11477,315,23,1,1274.76,1274.76,2024-11-05
544,212,12,1,3884.15,3884.15,2024-11-06
949,406,14,3,967.51,2902.53,2024-11-06
1013,131,5,1,750.67,750.67,2024-11-06
2484,162,30,2,328.83,657.66,2024-11-06
2632,115,34,1,3803.21,3803.21,2024-11-06
3061,119,31,1,2489.05,2489.05,2024-11-06
3318,453,10,1,2876.08,2876.08,2024-11-06
3703,463,14,1,967.51,967.51,2024-11-06
3705,145,8,2,3484.78,6969.56,2024-11-06
4494,268,22,1,687.05,687.05,2024-11-06
5667,440,18,1,2170.31,2170.31,2024-11-06
5761,83,31,1,2489.05,2489.05,2024-11-06
5826,464,25,2,1905.87,3811.74,2024-11-06
6035,209,12,1,3884.15,3884.15,2024-11-06
6064,361,8,2,3484.78,6969.56,2024-11-06
6651,40,12,2,3884.15,7768.3,2024-11-06
6819,329,29,1,2430.8,2430.8,2024-11-06
7203,254,28,1,2129.8,2129.8,2024-11-06
7791,218,33,1,400.45,400.45,2024-11-06
8796,454,4,1,2454.84,2454.84,2024-11-06
10274,375,7,1,373.62,373.62,2024-11-06
11400,436,3,2,2968.18,5936.36,2024-11-06
11488,56,19,1,1812.99,1812.99,2024-11-06
11729,418,9,1,2464.29,2464.29,2024-11-06
11897,52,15,1,850.03,850.03,2024-11-06
11912,482,22,1,687.05,687.05,2024-11-06
251,43,4,1,2454.84,2454.84,2024-11-07
2191,148,26,1,3172.93,3172.93,2024-11-07
2269,203,2,1,3810.25,3810.25,2024-11-07
2312,92,26,2,3172.93,6345.86,2024-11-07
3039,489,24,1,1560.49,1560.49,2024-11-07
3125,497,7,1,373.62,373.62,2024-11-07
3189,232,28,2,2129.8,4259.6,2024-11-07
3771,359,23,1,1274.76,1274.76,2024-11-07
4575,377,3,1,2968.18,2968.18,2024-11-07
5078,241,7,2,373.62,747.24,2024-11-07
5113,254,1,1,1591.98,1591.98,2024-11-07
5405,153,27,2,918.74,1837.48,2024-11-07
5659,212,27,2,918.74,1837.48,2024-11-07
5784,397,15,1,850.03,850.03,2024-11-07
6031,71,29,1,2430.8,2430.8,2024-11-07
6394,474,5,1,750.67,750.67,2024-11-07
6860,386,6,1,750.58,750.58,2024-11-07
6898,459,18,1,2170.31,2170.31,2024-11-07
7109,296,10,1,2876.08,2876.08,2024-11-07
7835,355,25,1,1905.87,1905.87,2024-11-07
8871,134,27,1,918.74,918.74,2024-11-07
9201,482,33,2,400.45,800.9,2024-11-07
9358,272,20,1,1271.23,1271.23,2024-11-07
9521,39,36,1,3262.33,3262.33,2024-11-07
9838,290,20,1,1271.23,1271.23,2024-11-07
9867,71,27,1,918.74,918.74,2024-11-07
10624,134,15,1,850.03,850.03,2024-11-07
11141,157,17,2,1321.33,2642.66,2024-11-07
11315,436,33,1,400.45,400.45,2024-11-07
181,62,8,2,3484.78,6969.56,2024-11-08
1351,360,28,2,2129.8,4259.6,2024-11-08
1988,66,29,1,2430.8,2430.8,2024-11-08
2490,379,28,1,2129.8,2129.8,2024-11-08
2705,278,27,2,918.74,1837.48,2024-11-08
3397,163,8,2,3484.78,6969.56,2024-11-08
4317,213,30,1,328.83,328.83,2024-11-08
4392,368,17,1,1321.33,1321.33,2024-11-08
4441,102,15,1,850.03,850.03,2024-11-08
4724,13,34,1,3803.21,3803.21,2024-11-08
6328,39,10,1,2876.08,2876.08,2024-11-08
6982,68,14,1,967.51,967.51,2024-11-08
6989,371,5,2,750.67,1501.34,2024-11-08
7265,150,2,1,3810.25,3810.25,2024-11-08
7340,3,5,2,750.67,1501.34,2024-11-08
7377,292,36,1,3262.33,3262.33,2024-11-08
7441,329,36,1,3262.33,3262.33,2024-11-08
7590,24,24,1,1560.49,1560.49,2024-11-08
7910,358,28,2,2129.8,4259.6,2024-11-08
8497,53,25,1,1905.87,1905.87,2024-11-08
8499,128,17,1,1321.33,1321.33,2024-11-08
8561,68,22,3,687.05,2061.15,2024-11-08
8602,143,14,3,967.51,2902.53,2024-11-08
9123,412,18,1,2170.31,2170.31,2024-11-08
9341,266,18,2,2170.31,4340.62,2024-11-08
9836,287,18,2,2170.31,4340.62,2024-11-08
9950,231,7,1,373.62,373.62,2024-11-08
10175,177,23,1,1274.76,1274.76,2024-11-08
10358,310,22,1,687.05,687.05,2024-11-08
10875,496,29,1,2430.8,2430.8,2024-11-08
11732,71,29,1,2430.8,2430.8,2024-11-08
621,392,35,1,3867.68,3867.68,2024-11-09
1122,342,31,1,2489.05,2489.05,2024-11-09
1497,25,7,1,373.62,373.62,2024-11-09
2097,212,14,1,967.51,967.51,2024-11-09
3227,456,17,1,1321.33,1321.33,2024-11-09
3378,424,1,1,1591.98,1591.98,2024-11-09
3874,496,20,1,1271.23,1271.23,2024-11-09
4217,496,13,2,3354.9,6709.8,2024-11-09
4954,360,21,1,2505.63,2505.63,2024-11-09
5593,110,19,3,1812.99,5438.97,2024-11-09
7504,46,16,2,856.11,1712.22,2024-11-09
7812,222,27,1,918.74,918.74,2024-11-09
7945,81,1,1,1591.98,1591.98,2024-11-09
8230,346,5,1,750.67,750.67,2024-11-09
8410,13,18,1,2170.31,2170.31,2024-11-09
8452,41,25,1,1905.87,1905.87,2024-11-09
8679,343,24,1,1560.49,1560.49,2024-11-09
9081,472,30,2,328.83,657.66,2024-11-09
9574,147,31,1,2489.05,2489.05,2024-11-09
9826,213,27,1,918.74,918.74,2024-11-09
10824,500,16,1,856.11,856.11,2024-11-09
11022,253,4,1,2454.84,2454.84,2024-11-09
11769,306,22,1,687.05,687.05,2024-11-09
11913,216,18,1,2170.31,2170.31,2024-11-09
2423,38,35,1,3867.68,3867.68,2024-11-10
2771,206,21,1,2505.63,2505.63,2024-11-10
3386,289,36,1,3262.33,3262.33,2024-11-10
3652,494,4,2,2454.84,4909.68,2024-11-10
3655,156,21,1,2505.63,2505.63,2024-11-10
4272,466,23,1,1274.76,1274.76,2024-11-10
5342,434,10,1,2876.08,2876.08,2024-11-10
5599,16,23,1,1274.76,1274.76,2024-11-10
5893,34,22,2,687.05,1374.1,2024-11-10
7073,257,15,1,850.03,850.03,2024-11-10
8914,193,7,1,373.62,373.62,2024-11-10
10438,440,14,1,967.51,967.51,2024-11-10
10477,377,30,2,328.83,657.66,2024-11-10
11287,205,24,1,1560.49,1560.49,2024-11-10
11512,278,4,1,2454.84,2454.84,2024-11-10
11816,409,15,1,850.03,850.03,2024-11-10
11889,281,34,1,3803.21,3803.21,2024-11-10
728,56,19,1,1812.99,1812.99,2024-11-11
1018,407,18,1,2170.31,2170.31,2024-11-11
1095,487,13,1,3354.9,3354.9,2024-11-11
1574,497,16,1,856.11,856.11,2024-11-11
1612,482,29,1,2430.8,2430.8,2024-11-11
2258,487,29,1,2430.8,2430.8,2024-11-11
2266,53,17,1,1321.33,1321.33,2024-11-11
2495,246,11,2,229.25,458.5,2024-11-11
2521,15,21,1,2505.63,2505.63,2024-11-11
2832,476,36,1,3262.33,3262.33,2024-11-11
3704,210,14,1,967.51,967.51,2024-11-11
3987,119,36,2,3262.33,6524.66,2024-11-11
4439,422,36,1,3262.33,3262.33,2024-11-11
4464,8,13,1,3354.9,3354.9,2024-11-11
4743,88,25,1,1905.87,1905.87,2024-11-11
4789,37,12,1,3884.15,3884.15,2024-11-11
4947,40,13,1,3354.9,3354.9,2024-11-11
5312,463,16,1,856.11,856.11,2024-11-11
5463,206,26,1,3172.93,3172.93,2024-11-11
6102,201,36,1,3262.33,3262.33,2024-11-11
6287,343,17,1,1321.33,1321.33,2024-11-11
6293,462,11,1,229.25,229.25,2024-11-11
7966,89,8,1,3484.78,3484.78,2024-11-11
7998,183,22,1,687.05,687.05,2024-11-11
8020,443,13,1,3354.9,3354.9,2024-11-11
8069,83,34,2,3803.21,7606.42,2024-11-11
8990,477,8,1,3484.78,3484.78,2024-11-11
9806,99,9,1,2464.29,2464.29,2024-11-11
10805,364,24,1,1560.49,1560.49,2024-11-11
11200,469,18,1,2170.31,2170.31,2024-11-11
192,47,32,1,806.52,806.52,2024-11-12
316,84,24,1,1560.49,1560.49,2024-11-12
657,482,36,1,3262.33,3262.33,2024-11-12
914,410,8,2,3484.78,6969.56,2024-11-12
2115,377,34,1,3803.21,3803.21,2024-11-12
2453,496,24,1,1560.49,1560.49,2024-11-12
4284,442,5,1,750.67,750.67,2024-11-12
4478,469,36,1,3262.33,3262.33,2024-11-12
4628,432,4,1,2454.84,2454.84,2024-11-12
5129,429,32,1,806.52,806.52,2024-11-12
5660,402,11,1,229.25,229.25,2024-11-12
6285,18,31,1,2489.05,2489.05,2024-11-12
7364,242,16,1,856.11,856.11,2024-11-12
8221,162,35,2,3867.68,7735.36,2024-11-12
9190,39,20,1,1271.23,1271.23,2024-11-12
9843,371,15,1,850.03,850.03,2024-11-12
11309,426,35,1,3867.68,3867.68,2024-11-12
11867,355,21,1,2505.63,2505.63,2024-11-12
11929,379,30,1,328.83,328.83,2024-11-12
11990,273,13,1,3354.9,3354.9,2024-11-12
506,466,36,1,3262.33,3262.33,2024-11-13
548,440,3,1,2968.18,2968.18,2024-11-13
610,270,26,1,3172.93,3172.93,2024-11-13
1589,233,10,1,2876.08,2876.08,2024-11-13
1603,121,18,1,2170.31,2170.31,2024-11-13
1786,496,2,1,3810.25,3810.25,2024-11-13
1978,145,32,1,806.52,806.52,2024-11-13
2104,414,29,1,2430.8,2430.8,2024-11-13
3008,98,24,1,1560.49,1560.49,2024-11-13
3146,390,24,1,1560.49,1560.49,2024-11-13
3981,316,14,1,967.51,967.51,2024-11-13
4099,199,28,2,2129.8,4259.6,2024-11-13
4274,434,19,1,1812.99,1812.99,2024-11-13
4814,182,3,1,2968.18,2968.18,2024-11-13
4889,307,22,1,687.05,687.05,2024-11-13
5368,400,19,1,1812.99,1812.99,2024-11-13
6209,191,34,1,3803.21,3803.21,2024-11-13
6273,493,16,2,856.11,1712.22,2024-11-13
6384,355,10,2,2876.08,5752.16,2024-11-13
6559,197,34,1,3803.21,3803.21,2024-11-13
7000,147,18,1,2170.31,2170.31,2024-11-13
7653,473,6,1,750.58,750.58,2024-11-13
7658,172,5,1,750.67,750.67,2024-11-13
8830,70,20,2,1271.23,2542.46,2024-11-13
9786,213,3,1,2968.18,2968.18,2024-11-13
10850,354,16,1,856.11,856.11,2024-11-13
11107,160,16,1,856.11,856.11,2024-11-13
11508,481,1,1,1591.98,1591.98,2024-11-13
11717,340,17,1,1321.33,1321.33,2024-11-13
1026,278,27,1,918.74,918.74,2024-11-14
1252,80,8,1,3484.78,3484.78,2024-11-14
1691,111,15,1,850.03,850.03,2024-11-14
2183,271,32,1,806.52,806.52,2024-11-14
2654,20,29,1,2430.8,2430.8,2024-11-14
3952,21,21,2,2505.63,5011.26,2024-11-14
4826,168,5,2,750.67,1501.34,2024-11-14
4838,385,27,2,918.74,1837.48,2024-11-14
4861,278,6,1,750.58,750.58,2024-11-14
5204,338,4,1,2454.84,2454.84,2024-11-14
5497,409,25,2,1905.87,3811.74,2024-11-14
5832,322,32,2,806.52,1613.04,2024-11-14
6493,104,28,1,2129.8,2129.8,2024-11-14
7359,149,26,1,3172.93,3172.93,2024-11-14
8212,143,8,1,3484.78,3484.78,2024-11-14
9115,8,1,1,1591.98,1591.98,2024-11-14
9195,275,3,1,2968.18,2968.18,2024-11-14
10217,221,19,1,1812.99,1812.99,2024-11-14
10659,206,34,1,3803.21,3803.21,2024-11-14
10785,464,27,1,918.74,918.74,2024-11-14
10910,194,26,1,3172.93,3172.93,2024-11-14
10932,449,3,1,2968.18,2968.18,2024-11-14
11204,128,17,1,1321.33,1321.33,2024-11-14
11376,367,29,1,2430.8,2430.8,2024-11-14
159,494,11,1,229.25,229.25,2024-11-15
395,377,7,1,373.62,373.62,2024-11-15
435,343,19,1,1812.99,1812.99,2024-11-15
1139,403,3,2,2968.18,5936.36,2024-11-15
2046,17,2,1,3810.25,3810.25,2024-11-15
4371,112,30,1,328.83,328.83,2024-11-15
4468,380,14,1,967.51,967.51,2024-11-15
4627,229,31,1,2489.05,2489.05,2024-11-15
4798,18,10,1,2876.08,2876.08,2024-11-15
4836,213,28,2,2129.8,4259.6,2024-11-15
5064,354,30,1,328.83,328.83,2024-11-15
5888,95,8,1,3484.78,3484.78,2024-11-15
5971,330,24,1,1560.49,1560.49,2024-11-15
6069,135,8,1,3484.78,3484.78,2024-11-15
6106,200,6,2,750.58,1501.16,2024-11-15
6107,159,1,1,1591.98,1591.98,2024-11-15
6889,99,33,1,400.45,400.45,2024-11-15
7355,355,27,1,918.74,918.74,2024-11-15
8369,497,24,1,1560.49,1560.49,2024-11-15
9136,374,2,2,3810.25,7620.5,2024-11-15
9745,440,22,2,687.05,1374.1,2024-11-15
10230,443,2,1,3810.25,3810.25,2024-11-15
10871,331,6,1,750.58,750.58,2024-11-15
11006,144,2,1,3810.25,3810.25,2024-11-15
11074,27,11,3,229.25,687.75,2024-11-15
372,69,19,2,1812.99,3625.98,2024-11-16
485,314,8,1,3484.78,3484.78,2024-11-16
820,25,22,2,687.05,1374.1,2024-11-16
938,76,21,1,2505.63,2505.63,2024-11-16
991,162,8,2,3484.78,6969.56,2024-11-16
1459,452,28,1,2129.8,2129.8,2024-11-16
1567,110,14,1,967.51,967.51,2024-11-16
1672,252,25,1,1905.87,1905.87,2024-11-16
1799,214,28,1,2129.8,2129.8,2024-11-16
2011,332,28,2,2129.8,4259.6,2024-11-16
2167,483,21,1,2505.63,2505.63,2024-11-16
2803,400,21,1,2505.63,2505.63,2024-11-16
3624,183,1,1,1591.98,1591.98,2024-11-16
3915,410,4,1,2454.84,2454.84,2024-11-16
4429,389,23,2,1274.76,2549.52,2024-11-16
4549,497,28,1,2129.8,2129.8,2024-11-16
5171,287,30,1,328.83,328.83,2024-11-16
5686,184,1,1,1591.98,1591.98,2024-11-16
6251,206,2,1,3810.25,3810.25,2024-11-16
6462,157,13,2,3354.9,6709.8,2024-11-16
7077,47,36,1,3262.33,3262.33,2024-11-16
7305,194,32,1,806.52,806.52,2024-11-16
7579,257,24,1,1560.49,1560.49,2024-11-16
7870,305,4,1,2454.84,2454.84,2024-11-16
8194,130,14,1,967.51,967.51,2024-11-16
8220,412,13,1,3354.9,3354.9,2024-11-16
8500,453,10,1,2876.08,2876.08,2024-11-16
9100,429,26,1,3172.93,3172.93,2024-11-16
9612,415,27,1,918.74,918.74,2024-11-16
9672,251,7,1,373.62,373.62,2024-11-16
9744,229,12,1,3884.15,3884.15,2024-11-16
9837,406,20,1,1271.23,1271.23,2024-11-16
10520,168,13,2,3354.9,6709.8,2024-11-16
10792,442,34,1,3803.21,3803.21,2024-11-16
10944,38,12,2,3884.15,7768.3,2024-11-16
10978,434,11,1,229.25,229.25,2024-11-16
11546,81,33,1,400.45,400.45,2024-11-16
863,443,22,1,687.05,687.05,2024-11-17
1116,360,32,1,806.52,806.52,2024-11-17
1128,496,32,1,806.52,806.52,2024-11-17
2253,51,9,1,2464.29,2464.29,2024-11-17
3055,63,25,1,1905.87,1905.87,2024-11-17
3116,483,24,3,1560.49,4681.47,2024-11-17
3512,22,18,1,2170.31,2170.31,2024-11-17
3773,442,8,1,3484.78,3484.78,2024-11-17
5577,473,20,1,1271.23,1271.23,2024-11-17
6229,430,32,2,806.52,1613.04,2024-11-17
6509,269,11,1,229.25,229.25,2024-11-17
6861,317,17,1,1321.33,1321.33,2024-11-17
7551,278,21,1,2505.63,2505.63,2024-11-17
8629,77,15,1,850.03,850.03,2024-11-17
8947,416,13,1,3354.9,3354.9,2024-11-17
9221,495,29,1,2430.8,2430.8,2024-11-17
9253,68,23,1,1274.76,1274.76,2024-11-17
9517,134,15,1,850.03,850.03,2024-11-17
9613,210,15,2,850.03,1700.06,2024-11-17
9703,483,9,1,2464.29,2464.29,2024-11-17
10320,270,5,2,750.67,1501.34,2024-11-17
10460,348,30,1,328.83,328.83,2024-11-17
10611,212,4,1,2454.84,2454.84,2024-11-17
10711,112,13,1,3354.9,3354.9,2024-11-17
11757,105,11,1,229.25,229.25,2024-11-17
11982,432,14,1,967.51,967.51,2024-11-17
772,443,7,1,373.62,373.62,2024-11-18
1835,373,15,1,850.03,850.03,2024-11-18
2035,355,15,1,850.03,850.03,2024-11-18
2237,406,22,2,687.05,1374.1,2024-11-18
2769,449,2,1,3810.25,3810.25,2024-11-18
3129,377,32,2,806.52,1613.04,2024-11-18
3343,221,19,1,1812.99,1812.99,2024-11-18
3801,447,4,1,2454.84,2454.84,2024-11-18
4369,140,24,1,1560.49,1560.49,2024-11-18
4790,358,12,1,3884.15,3884.15,2024-11-18
6056,15,13,2,3354.9,6709.8,2024-11-18
7561,246,6,1,750.58,750.58,2024-11-18
9142,377,8,1,3484.78,3484.78,2024-11-18
9668,399,7,1,373.62,373.62,2024-11-18
9939,478,6,3,750.58,2251.74,2024-11-18
10554,366,13,2,3354.9,6709.8,2024-11-18
10707,496,22,1,687.05,687.05,2024-11-18
11180,200,18,1,2170.31,2170.31,2024-11-18
11915,35,5,1,750.67,750.67,2024-11-18
788,415,10,3,2876.08,8628.24,2024-11-19
1815,384,24,1,1560.49,1560.49,2024-11-19
2669,293,8,1,3484.78,3484.78,2024-11-19
2675,205,23,1,1274.76,1274.76,2024-11-19
2797,351,31,1,2489.05,2489.05,2024-11-19
3383,466,13,2,3354.9,6709.8,2024-11-19
3463,238,28,2,2129.8,4259.6,2024-11-19
3762,239,7,1,373.62,373.62,2024-11-19
3824,463,10,1,2876.08,2876.08,2024-11-19
3869,269,36,1,3262.33,3262.33,2024-11-19
3880,119,13,1,3354.9,3354.9,2024-11-19
4420,244,28,1,2129.8,2129.8,2024-11-19
6464,242,19,2,1812.99,3625.98,2024-11-19
6563,412,14,1,967.51,967.51,2024-11-19
6717,332,5,1,750.67,750.67,2024-11-19
8118,434,20,1,1271.23,1271.23,2024-11-19
8424,163,19,1,1812.99,1812.99,2024-11-19
8688,17,35,1,3867.68,3867.68,2024-11-19
9009,169,25,2,1905.87,3811.74,2024-11-19
9218,185,33,1,400.45,400.45,2024-11-19
10551,104,29,1,2430.8,2430.8,2024-11-19
11088,39,31,1,2489.05,2489.05,2024-11-19
11209,441,18,1,2170.31,2170.31,2024-11-19
11631,91,16,1,856.11,856.11,2024-11-19
11960,440,34,1,3803.21,3803.21,2024-11-19
72,400,22,1,687.05,687.05,2024-11-20
107,161,27,1,918.74,918.74,2024-11-20
922,83,30,2,328.83,657.66,2024-11-20
1142,311,28,1,2129.8,2129.8,2024-11-20
1609,38,25,2,1905.87,3811.74,2024-11-20
1816,440,34,1,3803.21,3803.21,2024-11-20
2208,453,29,1,2430.8,2430.8,2024-11-20
2476,286,36,1,3262.33,3262.33,2024-11-20
2835,440,19,1,1812.99,1812.99,2024-11-20
4126,104,13,1,3354.9,3354.9,2024-11-20
4460,443,15,1,850.03,850.03,2024-11-20
4867,445,13,1,3354.9,3354.9,2024-11-20
5293,358,14,1,967.51,967.51,2024-11-20
5679,150,25,2,1905.87,3811.74,2024-11-20
6118,207,28,1,2129.8,2129.8,2024-11-20
6271,496,30,1,328.83,328.83,2024-11-20
6299,104,24,1,1560.49,1560.49,2024-11-20
6413,440,18,1,2170.31,2170.31,2024-11-20
6447,434,21,1,2505.63,2505.63,2024-11-20
6919,323,26,1,3172.93,3172.93,2024-11-20
7061,287,12,1,3884.15,3884.15,2024-11-20
8480,245,14,2,967.51,1935.02,2024-11-20
9737,410,35,1,3867.68,3867.68,2024-11-20
10086,73,9,1,2464.29,2464.29,2024-11-20
10754,495,9,1,2464.29,2464.29,2024-11-20
11075,355,36,1,3262.33,3262.33,2024-11-20
11156,217,35,1,3867.68,3867.68,2024-11-20
11535,382,30,1,328.83,328.83,2024-11-20
1,446,15,1,850.03,850.03,2024-11-21
76,20,34,1,3803.21,3803.21,2024-11-21
170,213,28,2,2129.8,4259.6,2024-11-21
1530,496,19,2,1812.99,3625.98,2024-11-21
1663,440,9,1,2464.29,2464.29,2024-11-21
2372,407,27,1,918.74,918.74,2024-11-21
2434,454,17,1,1321.33,1321.33,2024-11-21
2944,27,14,1,967.51,967.51,2024-11-21
3376,269,35,2,3867.68,7735.36,2024-11-21
3918,168,34,2,3803.21,7606.42,2024-11-21
4290,78,5,2,750.67,1501.34,2024-11-21
4488,226,31,1,2489.05,2489.05,2024-11-21
4994,373,17,2,1321.33,2642.66,2024-11-21
5732,38,36,2,3262.33,6524.66,2024-11-21
5999,243,28,1,2129.8,2129.8,2024-11-21
6157,205,19,3,1812.99,5438.97,2024-11-21
7094,167,16,1,856.11,856.11,2024-11-21
7156,406,17,2,1321.33,2642.66,2024-11-21
8464,227,33,1,400.45,400.45,2024-11-21
8770,148,33,1,400.45,400.45,2024-11-21
9424,17,36,2,3262.33,6524.66,2024-11-21
9442,8,25,1,1905.87,1905.87,2024-11-21
9632,394,23,1,1274.76,1274.76,2024-11-21
11001,393,24,1,1560.49,1560.49,2024-11-21
11190,20,18,1,2170.31,2170.31,2024-11-21
11338,25,33,1,400.45,400.45,2024-11-21
11501,4,35,2,3867.68,7735.36,2024-11-21
11589,238,27,1,918.74,918.74,2024-11-21
705,495,26,1,3172.93,3172.93,2024-11-22
748,361,34,1,3803.21,3803.21,2024-11-22
992,131,27,1,918.74,918.74,2024-11-22
1379,396,17,3,1321.33,3963.99,2024-11-22
1395,115,24,1,1560.49,1560.49,2024-11-22
1692,327,31,1,2489.05,2489.05,2024-11-22
2350,444,21,1,2505.63,2505.63,2024-11-22
2639,148,18,1,2170.31,2170.31,2024-11-22
2694,410,1,1,1591.98,1591.98,2024-11-22
3075,306,15,1,850.03,850.03,2024-11-22
4318,171,10,1,2876.08,2876.08,2024-11-22
4491,440,21,1,2505.63,2505.63,2024-11-22
4841,48,8,1,3484.78,3484.78,2024-11-22
6191,315,5,3,750.67,2252.01,2024-11-22
9321,210,18,1,2170.31,2170.31,2024-11-22
9393,371,26,3,3172.93,9518.79,2024-11-22
9415,172,18,1,2170.31,2170.31,2024-11-22
9416,305,34,1,3803.21,3803.21,2024-11-22
9581,80,3,1,2968.18,2968.18,2024-11-22
9630,90,25,1,1905.87,1905.87,2024-11-22
9712,324,6,1,750.58,750.58,2024-11-22
10345,411,20,1,1271.23,1271.23,2024-11-22
10556,329,8,1,3484.78,3484.78,2024-11-22
10753,270,4,1,2454.84,2454.84,2024-11-22
10779,164,27,3,918.74,2756.22,2024-11-22
11825,239,9,2,2464.29,4928.58,2024-11-22
11872,434,27,2,918.74,1837.48,2024-11-22
889,105,24,1,1560.49,1560.49,2024-11-23
1457,206,20,1,1271.23,1271.23,2024-11-23
1582,99,13,1,3354.9,3354.9,2024-11-23
2582,104,31,1,2489.05,2489.05,2024-11-23
3996,418,15,1,850.03,850.03,2024-11-23
5031,140,9,1,2464.29,2464.29,2024-11-23
5825,323,10,1,2876.08,2876.08,2024-11-23
6110,376,30,1,328.83,328.83,2024-11-23
6339,454,6,1,750.58,750.58,2024-11-23
7594,299,5,1,750.67,750.67,2024-11-23
7852,213,28,1,2129.8,2129.8,2024-11-23
8037,163,8,1,3484.78,3484.78,2024-11-23
8201,352,13,1,3354.9,3354.9,2024-11-23
8575,130,32,1,806.52,806.52,2024-11-23
8649,266,21,1,2505.63,2505.63,2024-11-23
8692,489,33,2,400.45,800.9,2024-11-23
9268,487,8,2,3484.78,6969.56,2024-11-23
10290,323,2,1,3810.25,3810.25,2024-11-23
10298,377,21,1,2505.63,2505.63,2024-11-23
10775,471,27,1,918.74,918.74,2024-11-23
11081,241,15,1,850.03,850.03,2024-11-23
11086,289,16,1,856.11,856.11,2024-11-23
11583,105,9,2,2464.29,4928.58,2024-11-23
11890,351,9,1,2464.29,2464.29,2024-11-23
342,98,3,1,2968.18,2968.18,2024-11-24
445,116,29,1,2430.8,2430.8,2024-11-24
821,349,32,2,806.52,1613.04,2024-11-24
985,500,2,2,3810.25,7620.5,2024-11-24
2469,383,3,1,2968.18,2968.18,2024-11-24
2875,346,32,1,806.52,806.52,2024-11-24
3264,143,5,1,750.67,750.67,2024-11-24
4169,168,13,2,3354.9,6709.8,2024-11-24
5600,101,22,1,687.05,687.05,2024-11-24
5687,207,30,1,328.83,328.83,2024-11-24
7053,496,28,1,2129.8,2129.8,2024-11-24
7741,250,36,1,3262.33,3262.33,2024-11-24
7758,164,26,2,3172.93,6345.86,2024-11-24
7916,59,18,2,2170.31,4340.62,2024-11-24
10164,289,27,1,918.74,918.74,2024-11-24
10439,434,1,2,1591.98,3183.96,2024-11-24
10635,86,3,1,2968.18,2968.18,2024-11-24
11715,384,27,1,918.74,918.74,2024-11-24
11987,53,17,1,1321.33,1321.33,2024-11-24
71,384,26,1,3172.93,3172.93,2024-11-25
151,472,26,1,3172.93,3172.93,2024-11-25
345,343,32,1,806.52,806.52,2024-11-25
568,257,5,2,750.67,1501.34,2024-11-25
1217,385,7,1,373.62,373.62,2024-11-25
1446,499,12,1,3884.15,3884.15,2024-11-25
2302,169,19,1,1812.99,1812.99,2024-11-25
2347,429,21,1,2505.63,2505.63,2024-11-25
2828,207,33,1,400.45,400.45,2024-11-25
3099,119,8,2,3484.78,6969.56,2024-11-25
3283,278,28,1,2129.8,2129.8,2024-11-25
5285,438,16,1,856.11,856.11,2024-11-25
5363,104,15,2,850.03,1700.06,2024-11-25
7390,379,11,1,229.25,229.25,2024-11-25
7485,310,28,1,2129.8,2129.8,2024-11-25
8569,313,2,1,3810.25,3810.25,2024-11-25
9240,60,35,1,3867.68,3867.68,2024-11-25
9318,434,6,1,750.58,750.58,2024-11-25
9617,436,4,1,2454.84,2454.84,2024-11-25
9723,377,5,1,750.67,750.67,2024-11-25
10935,245,18,1,2170.31,2170.31,2024-11-25
10946,285,20,1,1271.23,1271.23,2024-11-25
11008,314,4,1,2454.84,2454.84,2024-11-25
11183,216,29,1,2430.8,2430.8,2024-11-25
11933,42,3,2,2968.18,5936.36,2024-11-25
41,361,24,1,1560.49,1560.49,2024-11-26
538,308,20,1,1271.23,1271.23,2024-11-26
1134,220,21,1,2505.63,2505.63,2024-11-26
1157,330,23,1,1274.76,1274.76,2024-11-26
1957,489,25,2,1905.87,3811.74,2024-11-26
2072,193,21,1,2505.63,2505.63,2024-11-26
3207,360,2,1,3810.25,3810.25,2024-11-26
4179,148,25,2,1905.87,3811.74,2024-11-26
5844,497,1,2,1591.98,3183.96,2024-11-26
6120,381,36,1,3262.33,3262.33,2024-11-26
6535,496,28,1,2129.8,2129.8,2024-11-26
6964,3,30,1,328.83,328.83,2024-11-26
7250,83,12,2,3884.15,7768.3,2024-11-26
7381,201,26,1,3172.93,3172.93,2024-11-26
7951,263,7,1,373.62,373.62,2024-11-26
8587,258,36,1,3262.33,3262.33,2024-11-26
8610,496,22,1,687.05,687.05,2024-11-26
8981,102,17,1,1321.33,1321.33,2024-11-26
9604,343,17,1,1321.33,1321.33,2024-11-26
9689,217,28,1,2129.8,2129.8,2024-11-26
10144,236,10,1,2876.08,2876.08,2024-11-26
10649,448,33,1,400.45,400.45,2024-11-26
10734,157,17,1,1321.33,1321.33,2024-11-26
10781,432,21,2,2505.63,5011.26,2024-11-26
11255,32,1,1,1591.98,1591.98,2024-11-26
11259,379,3,2,2968.18,5936.36,2024-11-26
266,126,12,2,3884.15,7768.3,2024-11-27
470,366,10,1,2876.08,2876.08,2024-11-27
1141,214,36,1,3262.33,3262.33,2024-11-27
1235,263,10,2,2876.08,5752.16,2024-11-27
1477,212,26,2,3172.93,6345.86,2024-11-27
1550,92,2,1,3810.25,3810.25,2024-11-27
1909,452,30,1,328.83,328.83,2024-11-27
3025,41,27,1,918.74,918.74,2024-11-27
4254,53,10,1,2876.08,2876.08,2024-11-27
4363,457,5,1,750.67,750.67,2024-11-27
4596,343,3,1,2968.18,2968.18,2024-11-27
4604,386,18,1,2170.31,2170.31,2024-11-27
4745,15,10,1,2876.08,2876.08,2024-11-27
6411,491,4,2,2454.84,4909.68,2024-11-27
8042,163,10,1,2876.08,2876.08,2024-11-27
8255,16,22,1,687.05,687.05,2024-11-27
9317,406,1,1,1591.98,1591.98,2024-11-27
9733,403,13,1,3354.9,3354.9,2024-11-27
9926,247,2,1,3810.25,3810.25,2024-11-27
10145,326,23,1,1274.76,1274.76,2024-11-27
10212,263,17,1,1321.33,1321.33,2024-11-27
126,404,4,1,2454.84,2454.84,2024-11-28
436,254,1,1,1591.98,1591.98,2024-11-28
1118,195,5,1,750.67,750.67,2024-11-28
1124,323,36,1,3262.33,3262.33,2024-11-28
1250,210,30,2,328.83,657.66,2024-11-28
1452,464,30,3,328.83,986.49,2024-11-28
1630,239,25,1,1905.87,1905.87,2024-11-28
2731,406,2,2,3810.25,7620.5,2024-11-28
3443,392,3,2,2968.18,5936.36,2024-11-28
4250,197,24,1,1560.49,1560.49,2024-11-28
4294,190,33,1,400.45,400.45,2024-11-28
4902,364,9,3,2464.29,7392.87,2024-11-28
6528,486,14,1,967.51,967.51,2024-11-28
7565,486,12,1,3884.15,3884.15,2024-11-28
7833,151,21,2,2505.63,5011.26,2024-11-28
8618,463,13,1,3354.9,3354.9,2024-11-28
8791,205,25,1,1905.87,1905.87,2024-11-28
8827,15,12,1,3884.15,3884.15,2024-11-28
9746,205,32,3,806.52,2419.56,2024-11-28
10077,322,26,1,3172.93,3172.93,2024-11-28
10131,440,7,1,373.62,373.62,2024-11-28
10474,483,9,1,2464.29,2464.29,2024-11-28
10487,461,33,2,400.45,800.9,2024-11-28
11393,54,19,1,1812.99,1812.99,2024-11-28
11626,416,14,1,967.51,967.51,2024-11-28
11967,366,21,1,2505.63,2505.63,2024-11-28
939,153,2,2,3810.25,7620.5,2024-11-29
1679,239,12,1,3884.15,3884.15,2024-11-29
2014,223,11,1,229.25,229.25,2024-11-29
2209,41,13,2,3354.9,6709.8,2024-11-29
2589,197,21,1,2505.63,2505.63,2024-11-29
2735,20,17,1,1321.33,1321.33,2024-11-29
3470,62,16,1,856.11,856.11,2024-11-29
3828,376,8,1,3484.78,3484.78,2024-11-29
3962,34,11,1,229.25,229.25,2024-11-29
3990,231,10,2,2876.08,5752.16,2024-11-29
4180,234,22,1,687.05,687.05,2024-11-29
4916,40,27,2,918.74,1837.48,2024-11-29
4944,453,20,1,1271.23,1271.23,2024-11-29
5049,463,1,2,1591.98,3183.96,2024-11-29
5459,317,9,1,2464.29,2464.29,2024-11-29
6826,16,16,2,856.11,1712.22,2024-11-29
7444,56,4,1,2454.84,2454.84,2024-11-29
7597,278,30,1,328.83,328.83,2024-11-29
7713,406,4,1,2454.84,2454.84,2024-11-29
8120,29,5,1,750.67,750.67,2024-11-29
8135,429,23,1,1274.76,1274.76,2024-11-29
8528,230,25,1,1905.87,1905.87,2024-11-29
9717,311,7,1,373.62,373.62,2024-11-29
10017,184,16,1,856.11,856.11,2024-11-29
10192,206,32,1,806.52,806.52,2024-11-29
10494,446,7,2,373.62,747.24,2024-11-29
10643,119,30,1,328.83,328.83,2024-11-29
11544,296,12,1,3884.15,3884.15,2024-11-29
11903,376,12,1,3884.15,3884.15,2024-11-29
11935,309,3,1,2968.18,2968.18,2024-11-29
11946,192,22,1,687.05,687.05,2024-11-29
11978,355,31,1,2489.05,2489.05,2024-11-29
199,58,36,1,3262.33,3262.33,2024-11-30
890,71,25,1,1905.87,1905.87,2024-11-30
1208,34,15,2,850.03,1700.06,2024-11-30
1336,83,16,2,856.11,1712.22,2024-11-30
1482,217,33,2,400.45,800.9,2024-11-30
2100,135,5,1,750.67,750.67,2024-11-30
2240,497,21,1,2505.63,2505.63,2024-11-30
2362,403,36,1,3262.33,3262.33,2024-11-30
2524,15,23,1,1274.76,1274.76,2024-11-30
3992,278,19,1,1812.99,1812.99,2024-11-30
4320,359,3,1,2968.18,2968.18,2024-11-30
4394,343,6,1,750.58,750.58,2024-11-30
4485,119,24,1,1560.49,1560.49,2024-11-30
4960,309,35,1,3867.68,3867.68,2024-11-30
5654,500,8,1,3484.78,3484.78,2024-11-30
5696,464,32,2,806.52,1613.04,2024-11-30
6109,245,34,1,3803.21,3803.21,2024-11-30
6314,30,2,1,3810.25,3810.25,2024-11-30
6639,362,11,1,229.25,229.25,2024-11-30
6879,472,13,1,3354.9,3354.9,2024-11-30
7240,128,27,1,918.74,918.74,2024-11-30
7639,81,8,1,3484.78,3484.78,2024-11-30
7734,3,14,1,967.51,967.51,2024-11-30
7796,306,12,1,3884.15,3884.15,2024-11-30
8158,349,15,2,850.03,1700.06,2024-11-30
8197,403,4,1,2454.84,2454.84,2024-11-30
8333,311,2,1,3810.25,3810.25,2024-11-30
8919,203,15,2,850.03,1700.06,2024-11-30
9646,150,20,1,1271.23,1271.23,2024-11-30
10410,39,23,1,1274.76,1274.76,2024-11-30
10501,453,15,3,850.03,2550.09,2024-11-30
10815,412,10,1,2876.08,2876.08,2024-11-30
11270,332,35,1,3867.68,3867.68,2024-11-30
11341,437,31,1,2489.05,2489.05,2024-11-30
11468,477,19,1,1812.99,1812.99,2024-11-30
11863,162,17,1,1321.33,1321.33,2024-11-30
27,411,10,2,2876.08,5752.16,2024-12-01
239,134,16,1,856.11,856.11,2024-12-01
362,311,1,3,1591.98,4775.94,2024-12-01
476,367,20,1,1271.23,1271.23,2024-12-01
1012,163,3,1,2968.18,2968.18,2024-12-01
1081,440,8,2,3484.78,6969.56,2024-12-01
1285,126,11,1,229.25,229.25,2024-12-01
1385,6,13,2,3354.9,6709.8,2024-12-01
1944,411,32,1,806.52,806.52,2024-12-01
2417,392,17,2,1321.33,2642.66,2024-12-01
4953,184,27,2,918.74,1837.48,2024-12-01
5519,27,15,2,850.03,1700.06,2024-12-01
5966,464,6,1,750.58,750.58,2024-12-01
6283,7,31,1,2489.05,2489.05,2024-12-01
6344,191,34,1,3803.21,3803.21,2024-12-01
6760,160,20,1,1271.23,1271.23,2024-12-01
6923,440,8,2,3484.78,6969.56,2024-12-01
7106,453,15,1,850.03,850.03,2024-12-01
7169,151,18,1,2170.31,2170.31,2024-12-01
8336,18,25,2,1905.87,3811.74,2024-12-01
8351,222,23,2,1274.76,2549.52,2024-12-01
8711,407,5,2,750.67,1501.34,2024-12-01
8750,69,10,2,2876.08,5752.16,2024-12-01
8821,83,28,1,2129.8,2129.8,2024-12-01
9729,121,5,1,750.67,750.67,2024-12-01
9778,241,23,2,1274.76,2549.52,2024-12-01
10609,429,35,1,3867.68,3867.68,2024-12-01
10722,348,4,1,2454.84,2454.84,2024-12-01
10940,331,20,1,1271.23,1271.23,2024-12-01
11329,168,18,1,2170.31,2170.31,2024-12-01
11865,422,27,2,918.74,1837.48,2024-12-01
11977,488,18,1,2170.31,2170.31,2024-12-01
104,366,31,1,2489.05,2489.05,2024-12-02
300,377,15,1,850.03,850.03,2024-12-02
612,318,9,1,2464.29,2464.29,2024-12-02
1113,278,35,2,3867.68,7735.36,2024-12-02
1472,450,13,1,3354.9,3354.9,2024-12-02
2068,487,33,1,400.45,400.45,2024-12-02
2938,12,5,1,750.67,750.67,2024-12-02
3377,190,22,1,687.05,687.05,2024-12-02
3870,207,25,1,1905.87,1905.87,2024-12-02
4301,122,31,1,2489.05,2489.05,2024-12-02
4337,214,6,1,750.58,750.58,2024-12-02
4711,57,14,1,967.51,967.51,2024-12-02
5488,497,21,1,2505.63,2505.63,2024-12-02
5703,143,26,1,3172.93,3172.93,2024-12-02
6147,131,18,2,2170.31,4340.62,2024-12-02
6918,285,15,1,850.03,850.03,2024-12-02
7266,445,19,2,1812.99,3625.98,2024-12-02
7335,487,9,1,2464.29,2464.29,2024-12-02
7616,402,20,2,1271.23,2542.46,2024-12-02
7670,429,32,2,806.52,1613.04,2024-12-02
7692,143,21,1,2505.63,2505.63,2024-12-02
8222,472,5,2,750.67,1501.34,2024-12-02
10119,16,26,1,3172.93,3172.93,2024-12-02
10548,371,10,1,2876.08,2876.08,2024-12-02
11524,193,21,1,2505.63,2505.63,2024-12-02
11859,305,4,1,2454.84,2454.84,2024-12-02
143,484,30,1,328.83,328.83,2024-12-03
388,122,25,1,1905.87,1905.87,2024-12-03
1242,377,29,1,2430.8,2430.8,2024-12-03
1288,161,31,1,2489.05,2489.05,2024-12-03
1666,58,35,1,3867.68,3867.68,2024-12-03
2420,1,26,1,3172.93,3172.93,2024-12-03
3826,356,18,1,2170.31,2170.31,2024-12-03
4469,59,5,1,750.67,750.67,2024-12-03
4699,36,2,2,3810.25,7620.5,2024-12-03
4930,210,14,1,967.51,967.51,2024-12-03
5763,386,14,1,967.51,967.51,2024-12-03
6090,434,34,1,3803.21,3803.21,2024-12-03
6628,385,15,1,850.03,850.03,2024-12-03
7274,483,5,1,750.67,750.67,2024-12-03
7839,238,27,2,918.74,1837.48,2024-12-03
8437,53,19,1,1812.99,1812.99,2024-12-03
8848,440,2,1,3810.25,3810.25,2024-12-03
9038,429,4,1,2454.84,2454.84,2024-12-03
9741,104,4,1,2454.84,2454.84,2024-12-03
9911,375,35,1,3867.68,3867.68,2024-12-03
10083,157,30,1,328.83,328.83,2024-12-03
10247,165,12,1,3884.15,3884.15,2024-12-03
11028,497,27,2,918.74,1837.48,2024-12-03
11709,443,7,1,373.62,373.62,2024-12-03
11787,18,27,1,918.74,918.74,2024-12-03
1176,474,34,2,3803.21,7606.42,2024-12-04
1417,195,26,1,3172.93,3172.93,2024-12-04
1769,497,18,1,2170.31,2170.31,2024-12-04
3203,238,35,1,3867.68,3867.68,2024-12-04
3369,436,9,1,2464.29,2464.29,2024-12-04
3589,494,28,1,2129.8,2129.8,2024-12-04
4679,273,29,1,2430.8,2430.8,2024-12-04
4710,496,23,1,1274.76,1274.76,2024-12-04
4754,245,19,1,1812.99,1812.99,2024-12-04
4901,15,11,1,229.25,229.25,2024-12-04
6278,206,12,1,3884.15,3884.15,2024-12-04
7161,329,35,1,3867.68,3867.68,2024-12-04
7602,438,27,1,918.74,918.74,2024-12-04
10435,349,22,1,687.05,687.05,2024-12-04
10995,236,6,1,750.58,750.58,2024-12-04
11042,77,4,2,2454.84,4909.68,2024-12-04
11716,195,10,2,2876.08,5752.16,2024-12-04
88,24,28,2,2129.8,4259.6,2024-12-05
493,483,11,1,229.25,229.25,2024-12-05
1082,104,6,1,750.58,750.58,2024-12-05
1092,286,30,2,328.83,657.66,2024-12-05
1553,249,19,1,1812.99,1812.99,2024-12-05
1578,154,12,2,3884.15,7768.3,2024-12-05
1724,370,9,1,2464.29,2464.29,2024-12-05
2394,191,26,1,3172.93,3172.93,2024-12-05
2442,336,5,1,750.67,750.67,2024-12-05
2625,85,8,1,3484.78,3484.78,2024-12-05
2772,366,34,1,3803.21,3803.21,2024-12-05
3047,467,14,1,967.51,967.51,2024-12-05
3442,158,13,1,3354.9,3354.9,2024-12-05
4212,474,30,2,328.83,657.66,2024-12-05
5072,341,14,1,967.51,967.51,2024-12-05
5698,58,34,1,3803.21,3803.21,2024-12-05
5710,410,31,2,2489.05,4978.1,2024-12-05
7011,477,20,1,1271.23,1271.23,2024-12-05
7074,151,21,1,2505.63,2505.63,2024-12-05
7397,273,28,1,2129.8,2129.8,2024-12-05
7401,483,26,2,3172.93,6345.86,2024-12-05
7879,12,12,1,3884.15,3884.15,2024-12-05
8608,316,34,1,3803.21,3803.21,2024-12-05
8713,207,16,1,856.11,856.11,2024-12-05
9145,464,20,1,1271.23,1271.23,2024-12-05
9173,212,28,1,2129.8,2129.8,2024-12-05
9908,213,14,1,967.51,967.51,2024-12-05
10100,124,28,2,2129.8,4259.6,2024-12-05
10835,496,5,1,750.67,750.67,2024-12-05
10987,231,35,1,3867.68,3867.68,2024-12-05
11009,135,5,1,750.67,750.67,2024-12-05
11661,80,22,2,687.05,1374.1,2024-12-05
287,473,23,3,1274.76,3824.28,2024-12-06
527,274,5,2,750.67,1501.34,2024-12-06
769,115,6,3,750.58,2251.74,2024-12-06
1434,348,5,2,750.67,1501.34,2024-12-06
1664,483,27,2,918.74,1837.48,2024-12-06
1675,34,21,1,2505.63,2505.63,2024-12-06
2801,440,30,2,328.83,657.66,2024-12-06
2881,15,13,1,3354.9,3354.9,2024-12-06
4227,257,25,1,1905.87,1905.87,2024-12-06
5217,206,5,1,750.67,750.67,2024-12-06
6308,410,13,3,3354.9,10064.7,2024-12-06
6422,164,3,1,2968.18,2968.18,2024-12-06
6694,226,33,1,400.45,400.45,2024-12-06
7022,163,35,1,3867.68,3867.68,2024-12-06
7465,60,6,1,750.58,750.58,2024-12-06
7765,395,34,2,3803.21,7606.42,2024-12-06
7889,469,13,3,3354.9,10064.7,2024-12-06
8117,72,20,1,1271.23,1271.23,2024-12-06
9839,206,24,1,1560.49,1560.49,2024-12-06
9958,205,26,1,3172.93,3172.93,2024-12-06
10849,331,8,1,3484.78,3484.78,2024-12-06
11155,81,5,2,750.67,1501.34,2024-12-06
11785,376,4,1,2454.84,2454.84,2024-12-06
508,158,15,2,850.03,1700.06,2024-12-07
4736,415,31,1,2489.05,2489.05,2024-12-07
4829,410,3,1,2968.18,2968.18,2024-12-07
5277,406,25,1,1905.87,1905.87,2024-12-07
7290,290,35,1,3867.68,3867.68,2024-12-07
8439,396,22,3,687.05,2061.15,2024-12-07
9876,293,11,2,229.25,458.5,2024-12-07
10025,257,28,1,2129.8,2129.8,2024-12-07
4305,436,16,1,856.11,856.11,2024-12-08
5442,411,10,3,2876.08,8628.24,2024-12-08
6811,332,18,1,2170.31,2170.31,2024-12-08
6880,208,16,2,856.11,1712.22,2024-12-08
7284,487,28,2,2129.8,4259.6,2024-12-08
8709,148,29,1,2430.8,2430.8,2024-12-08
8957,105,27,2,918.74,1837.48,2024-12-08
10242,203,35,1,3867.68,3867.68,2024-12-08
11266,77,4,1,2454.84,2454.84,2024-12-08
11604,366,2,1,3810.25,3810.25,2024-12-08
707,500,18,2,2170.31,4340.62,2024-12-09
2130,213,29,1,2430.8,2430.8,2024-12-09
2449,184,23,1,1274.76,1274.76,2024-12-09
4622,406,15,1,850.03,850.03,2024-12-09
4765,244,29,1,2430.8,2430.8,2024-12-09
5652,103,16,1,856.11,856.11,2024-12-09
7388,361,3,3,2968.18,8904.54,2024-12-09
9868,468,31,1,2489.05,2489.05,2024-12-09
10503,463,16,1,856.11,856.11,2024-12-09
2410,51,9,1,2464.29,2464.29,2024-12-10
2729,10,3,1,2968.18,2968.18,2024-12-10
6124,106,25,1,1905.87,1905.87,2024-12-10
7521,40,35,2,3867.68,7735.36,2024-12-10
8090,119,26,2,3172.93,6345.86,2024-12-10
8682,244,35,1,3867.68,3867.68,2024-12-10
10397,380,34,1,3803.21,3803.21,2024-12-10
10612,20,2,2,3810.25,7620.5,2024-12-10
960,34,15,1,850.03,850.03,2024-12-11
1222,69,27,2,918.74,1837.48,2024-12-11
1958,197,34,1,3803.21,3803.21,2024-12-11
2631,377,3,1,2968.18,2968.18,2024-12-11
2844,354,34,1,3803.21,3803.21,2024-12-11
3908,483,30,1,328.83,328.83,2024-12-11
4244,314,10,1,2876.08,2876.08,2024-12-11
5169,104,27,1,918.74,918.74,2024-12-11
5358,128,10,1,2876.08,2876.08,2024-12-11
6770,386,5,1,750.67,750.67,2024-12-11
7001,16,34,1,3803.21,3803.21,2024-12-11
7787,105,18,1,2170.31,2170.31,2024-12-11
8089,124,36,1,3262.33,3262.33,2024-12-11
8242,378,18,1,2170.31,2170.31,2024-12-11
9061,221,21,2,2505.63,5011.26,2024-12-11
9663,392,36,1,3262.33,3262.33,2024-12-11
10429,312,7,1,373.62,373.62,2024-12-11
11285,301,24,1,1560.49,1560.49,2024-12-11
11417,453,22,1,687.05,687.05,2024-12-11
11436,39,13,1,3354.9,3354.9,2024-12-11
11476,464,34,2,3803.21,7606.42,2024-12-11
100,268,22,1,687.05,687.05,2024-12-12
212,228,12,2,3884.15,7768.3,2024-12-12
592,143,30,1,328.83,328.83,2024-12-12
774,495,6,2,750.58,1501.16,2024-12-12
2481,496,19,2,1812.99,3625.98,2024-12-12
3662,437,20,1,1271.23,1271.23,2024-12-12
4862,397,35,2,3867.68,7735.36,2024-12-12
5705,492,27,1,918.74,918.74,2024-12-12
6843,56,2,1,3810.25,3810.25,2024-12-12
7440,289,15,1,850.03,850.03,2024-12-12
8284,464,4,2,2454.84,4909.68,2024-12-12
8548,361,7,2,373.62,747.24,2024-12-12
8906,30,32,1,806.52,806.52,2024-12-12
10240,147,30,1,328.83,328.83,2024-12-12
368,338,10,1,2876.08,2876.08,2024-12-13
421,61,22,1,687.05,687.05,2024-12-13
807,72,13,1,3354.9,3354.9,2024-12-13
1061,463,22,1,687.05,687.05,2024-12-13
3749,390,26,1,3172.93,3172.93,2024-12-13
4779,212,6,1,750.58,750.58,2024-12-13
6444,288,8,1,3484.78,3484.78,2024-12-13
6911,96,6,1,750.58,750.58,2024-12-13
7016,40,36,1,3262.33,3262.33,2024-12-13
7331,497,3,1,2968.18,2968.18,2024-12-13
7430,475,10,1,2876.08,2876.08,2024-12-13
10120,483,17,1,1321.33,1321.33,2024-12-13
10803,320,23,1,1274.76,1274.76,2024-12-13
11371,317,33,2,400.45,800.9,2024-12-13
55,406,17,1,1321.33,1321.33,2024-12-14
990,191,25,3,1905.87,5717.61,2024-12-14
1585,454,19,1,1812.99,1812.99,2024-12-14
2397,219,12,1,3884.15,3884.15,2024-12-14
3738,496,26,1,3172.93,3172.93,2024-12-14
4812,200,9,1,2464.29,2464.29,2024-12-14
5860,238,26,1,3172.93,3172.93,2024-12-14
6778,175,3,1,2968.18,2968.18,2024-12-14
7057,286,4,1,2454.84,2454.84,2024-12-14
7289,205,33,1,400.45,400.45,2024-12-14
7578,231,31,1,2489.05,2489.05,2024-12-14
8188,69,30,1,328.83,328.83,2024-12-14
11357,150,22,1,687.05,687.05,2024-12-14
622,478,1,1,1591.98,1591.98,2024-12-15
3043,500,4,2,2454.84,4909.68,2024-12-15
4459,10,15,2,850.03,1700.06,2024-12-15
6098,285,1,1,1591.98,1591.98,2024-12-15
6585,332,31,2,2489.05,4978.1,2024-12-15
6632,358,14,1,967.51,967.51,2024-12-15
9171,266,5,2,750.67,1501.34,2024-12-15
10402,213,36,1,3262.33,3262.33,2024-12-15
10579,231,10,1,2876.08,2876.08,2024-12-15
11182,474,21,1,2505.63,2505.63,2024-12-15
1131,103,36,1,3262.33,3262.33,2024-12-16
2793,17,17,1,1321.33,1321.33,2024-12-16
2846,396,35,1,3867.68,3867.68,2024-12-16
4056,453,17,1,1321.33,1321.33,2024-12-16
4934,85,7,1,373.62,373.62,2024-12-16
7157,181,8,2,3484.78,6969.56,2024-12-16
9299,272,26,1,3172.93,3172.93,2024-12-16
11236,92,33,1,400.45,400.45,2024-12-16
11882,392,23,1,1274.76,1274.76,2024-12-16
574,38,24,2,1560.49,3120.98,2024-12-17
1762,446,30,1,328.83,328.83,2024-12-17
1962,499,12,1,3884.15,3884.15,2024-12-17
2753,465,11,1,229.25,229.25,2024-12-17
3106,496,6,1,750.58,750.58,2024-12-17
3837,489,33,1,400.45,400.45,2024-12-17
4390,213,3,2,2968.18,5936.36,2024-12-17
5065,349,22,1,687.05,687.05,2024-12-17
5116,477,19,2,1812.99,3625.98,2024-12-17
5653,261,29,1,2430.8,2430.8,2024-12-17
6047,206,7,1,373.62,373.62,2024-12-17
7726,22,30,1,328.83,328.83,2024-12-17
8091,496,31,1,2489.05,2489.05,2024-12-17
8174,497,12,2,3884.15,7768.3,2024-12-17
8740,438,9,2,2464.29,4928.58,2024-12-17
9526,273,11,1,229.25,229.25,2024-12-17
11528,18,25,1,1905.87,1905.87,2024-12-17
1313,194,24,1,1560.49,1560.49,2024-12-18
1392,18,23,1,1274.76,1274.76,2024-12-18
2345,225,31,2,2489.05,4978.1,2024-12-18
2609,342,2,2,3810.25,7620.5,2024-12-18
4972,340,13,2,3354.9,6709.8,2024-12-18
6733,488,5,1,750.67,750.67,2024-12-18
8025,280,19,1,1812.99,1812.99,2024-12-18
8628,99,31,1,2489.05,2489.05,2024-12-18
11754,95,30,1,328.83,328.83,2024-12-18
67,309,15,1,850.03,850.03,2024-12-19
156,349,36,2,3262.33,6524.66,2024-12-19
454,143,36,2,3262.33,6524.66,2024-12-19
993,439,33,1,400.45,400.45,2024-12-19
1150,437,8,1,3484.78,3484.78,2024-12-19
1743,406,1,1,1591.98,1591.98,2024-12-19
3492,473,17,1,1321.33,1321.33,2024-12-19
5607,465,17,1,1321.33,1321.33,2024-12-19
5743,344,1,1,1591.98,1591.98,2024-12-19
6100,385,11,1,229.25,229.25,2024-12-19
8467,497,16,1,856.11,856.11,2024-12-19
11016,301,22,1,687.05,687.05,2024-12-19
11461,231,22,2,687.05,1374.1,2024-12-19
1156,92,6,1,750.58,750.58,2024-12-20
2206,373,11,2,229.25,458.5,2024-12-20
2992,18,35,2,3867.68,7735.36,2024-12-20
10257,440,26,1,3172.93,3172.93,2024-12-20
10349,175,16,1,856.11,856.11,2024-12-20
11311,360,35,2,3867.68,7735.36,2024-12-20
11388,495,2,1,3810.25,3810.25,2024-12-20
11529,80,9,1,2464.29,2464.29,2024-12-20
2122,168,20,1,1271.23,1271.23,2024-12-21
2444,346,34,1,3803.21,3803.21,2024-12-21
3819,364,13,1,3354.9,3354.9,2024-12-21
4128,402,25,1,1905.87,1905.87,2024-12-21
4445,278,12,1,3884.15,3884.15,2024-12-21
5642,349,2,1,3810.25,3810.25,2024-12-21
6152,238,24,2,1560.49,3120.98,2024-12-21
6726,453,19,1,1812.99,1812.99,2024-12-21
7680,32,3,1,2968.18,2968.18,2024-12-21
8751,418,3,1,2968.18,2968.18,2024-12-21
8819,229,5,1,750.67,750.67,2024-12-21
9829,10,14,1,967.51,967.51,2024-12-21
10780,8,2,1,3810.25,3810.25,2024-12-21
11348,122,3,1,2968.18,2968.18,2024-12-21
1751,92,17,1,1321.33,1321.33,2024-12-22
1756,331,17,1,1321.33,1321.33,2024-12-22
1804,363,20,1,1271.23,1271.23,2024-12-22
1888,195,29,1,2430.8,2430.8,2024-12-22
3720,55,9,1,2464.29,2464.29,2024-12-22
4144,147,18,2,2170.31,4340.62,2024-12-22
4910,354,3,1,2968.18,2968.18,2024-12-22
5882,71,17,1,1321.33,1321.33,2024-12-22
5927,22,4,1,2454.84,2454.84,2024-12-22
7978,488,2,1,3810.25,3810.25,2024-12-22
8127,455,36,1,3262.33,3262.33,2024-12-22
8244,203,10,1,2876.08,2876.08,2024-12-22
8962,356,36,1,3262.33,3262.33,2024-12-22
9556,478,2,1,3810.25,3810.25,2024-12-22
10136,338,19,1,1812.99,1812.99,2024-12-22
10395,331,2,1,3810.25,3810.25,2024-12-22
516,369,27,1,918.74,918.74,2024-12-23
693,499,22,1,687.05,687.05,2024-12-23
2709,86,19,1,1812.99,1812.99,2024-12-23
6094,169,26,1,3172.93,3172.93,2024-12-23
8456,454,2,1,3810.25,3810.25,2024-12-23
9019,184,18,1,2170.31,2170.31,2024-12-23
9303,411,2,1,3810.25,3810.25,2024-12-23
10113,46,21,1,2505.63,2505.63,2024-12-23
10759,69,5,1,750.67,750.67,2024-12-23
11220,410,18,1,2170.31,2170.31,2024-12-23
402,475,8,1,3484.78,3484.78,2024-12-24
604,497,29,2,2430.8,4861.6,2024-12-24
2683,432,4,1,2454.84,2454.84,2024-12-24
3601,127,4,1,2454.84,2454.84,2024-12-24
4373,169,12,1,3884.15,3884.15,2024-12-24
4853,493,15,2,850.03,1700.06,2024-12-24
8572,226,23,1,1274.76,1274.76,2024-12-24
9944,279,23,2,1274.76,2549.52,2024-12-24
10273,278,25,1,1905.87,1905.87,2024-12-24
11014,454,13,1,3354.9,3354.9,2024-12-24
1905,91,10,1,2876.08,2876.08,2024-12-25
2021,358,31,1,2489.05,2489.05,2024-12-25
2034,105,29,1,2430.8,2430.8,2024-12-25
2464,440,21,1,2505.63,2505.63,2024-12-25
3885,122,34,1,3803.21,3803.21,2024-12-25
4907,249,30,1,328.83,328.83,2024-12-25
7138,73,18,2,2170.31,4340.62,2024-12-25
8690,223,34,1,3803.21,3803.21,2024-12-25
9403,162,19,2,1812.99,3625.98,2024-12-25
9869,229,33,2,400.45,800.9,2024-12-25
547,492,21,1,2505.63,2505.63,2024-12-26
4248,119,25,1,1905.87,1905.87,2024-12-26
5852,8,15,2,850.03,1700.06,2024-12-26
6312,341,17,1,1321.33,1321.33,2024-12-26
8378,3,12,1,3884.15,3884.15,2024-12-26
9354,284,8,1,3484.78,3484.78,2024-12-26
9601,496,3,1,2968.18,2968.18,2024-12-26
9849,217,27,1,918.74,918.74,2024-12-26
10199,34,12,1,3884.15,3884.15,2024-12-26
10559,80,10,1,2876.08,2876.08,2024-12-26
11554,482,32,1,806.52,806.52,2024-12-26
11579,83,24,2,1560.49,3120.98,2024-12-26
828,235,4,1,2454.84,2454.84,2024-12-27
3491,137,16,2,856.11,1712.22,2024-12-27
3709,86,4,1,2454.84,2454.84,2024-12-27
3763,60,2,1,3810.25,3810.25,2024-12-27
7181,27,31,2,2489.05,4978.1,2024-12-27
8541,383,8,1,3484.78,3484.78,2024-12-27
8937,402,21,2,2505.63,5011.26,2024-12-27
8984,95,7,1,373.62,373.62,2024-12-27
9587,284,31,1,2489.05,2489.05,2024-12-27
9875,309,17,2,1321.33,2642.66,2024-12-27
10483,34,18,1,2170.31,2170.31,2024-12-27
10821,126,7,1,373.62,373.62,2024-12-27
390,477,35,1,3867.68,3867.68,2024-12-28
1627,370,1,1,1591.98,1591.98,2024-12-28
4713,8,1,1,1591.98,1591.98,2024-12-28
5156,278,11,1,229.25,229.25,2024-12-28
6424,15,20,2,1271.23,2542.46,2024-12-28
8490,478,26,1,3172.93,3172.93,2024-12-28
8599,119,19,1,1812.99,1812.99,2024-12-28
9780,212,26,1,3172.93,3172.93,2024-12-28
9993,341,12,1,3884.15,3884.15,2024-12-28
11914,221,12,1,3884.15,3884.15,2024-12-28
11924,205,9,1,2464.29,2464.29,2024-12-28
2367,436,24,1,1560.49,1560.49,2024-12-29
3056,244,14,1,967.51,967.51,2024-12-29
3895,38,13,1,3354.9,3354.9,2024-12-29
4446,281,17,2,1321.33,2642.66,2024-12-29
5952,491,25,1,1905.87,1905.87,2024-12-29
7346,464,3,1,2968.18,2968.18,2024-12-29
10103,163,20,1,1271.23,1271.23,2024-12-29
10617,378,2,1,3810.25,3810.25,2024-12-29
11219,124,10,1,2876.08,2876.08,2024-12-29
1593,427,2,1,3810.25,3810.25,2024-12-30
2267,216,18,1,2170.31,2170.31,2024-12-30
4120,18,15,2,850.03,1700.06,2024-12-30
4878,164,15,1,850.03,850.03,2024-12-30
6010,289,18,1,2170.31,2170.31,2024-12-30
8097,245,11,1,229.25,229.25,2024-12-30
8278,291,18,1,2170.31,2170.31,2024-12-30
9143,373,19,1,1812.99,1812.99,2024-12-30
768,20,36,1,3262.33,3262.33,2024-12-31
798,151,28,2,2129.8,4259.6,2024-12-31
6485,453,17,2,1321.33,2642.66,2024-12-31
6765,18,3,1,2968.18,2968.18,2024-12-31
7808,85,6,2,750.58,1501.16,2024-12-31
9138,295,22,1,687.05,687.05,2024-12-31
9889,104,2,1,3810.25,3810.25,2024-12-31
10334,35,25,1,1905.87,1905.87,2024-12-31
10767,360,35,1,3867.68,3867.68,2024-12-31
11442,430,30,2,328.83,657.66,2024-12-31
11447,453,11,1,229.25,229.25,2024-12-31
11777,366,15,1,850.03,850.03,2024-12-31
313,16,24,2,1560.49,3120.98,2025-01-01
2255,51,24,1,1560.49,1560.49,2025-01-01
2356,164,15,1,850.03,850.03,2025-01-01
2902,83,4,1,2454.84,2454.84,2025-01-01
3213,301,13,1,3354.9,3354.9,2025-01-01
3308,422,28,1,2129.8,2129.8,2025-01-01
4235,92,24,2,1560.49,3120.98,2025-01-01
7184,191,23,1,1274.76,1274.76,2025-01-01
7198,471,34,2,3803.21,7606.42,2025-01-01
7358,331,19,1,1812.99,1812.99,2025-01-01
7410,17,6,1,750.58,750.58,2025-01-01
7759,365,17,1,1321.33,1321.33,2025-01-01
9474,224,7,3,373.62,1120.86,2025-01-01
9606,34,3,1,2968.18,2968.18,2025-01-01
10109,321,24,1,1560.49,1560.49,2025-01-01
11269,157,13,1,3354.9,3354.9,2025-01-01
128,483,9,1,2464.29,2464.29,2025-01-02
167,39,3,1,2968.18,2968.18,2025-01-02
279,11,21,1,2505.63,2505.63,2025-01-02
1451,169,23,1,1274.76,1274.76,2025-01-02
1838,440,3,2,2968.18,5936.36,2025-01-02
2848,186,6,2,750.58,1501.16,2025-01-02
2965,27,8,1,3484.78,3484.78,2025-01-02
3154,332,32,2,806.52,1613.04,2025-01-02
3396,487,18,1,2170.31,2170.31,2025-01-02
3453,488,30,1,328.83,328.83,2025-01-02
4986,411,20,2,1271.23,2542.46,2025-01-02
5276,331,32,3,806.52,2419.56,2025-01-02
5485,497,3,2,2968.18,5936.36,2025-01-02
5545,478,29,1,2430.8,2430.8,2025-01-02
6562,278,8,1,3484.78,3484.78,2025-01-02
6763,489,18,1,2170.31,2170.31,2025-01-02
7534,28,24,1,1560.49,1560.49,2025-01-02
8393,497,5,1,750.67,750.67,2025-01-02
8601,226,25,1,1905.87,1905.87,2025-01-02
10448,232,1,1,1591.98,1591.98,2025-01-02
11261,105,35,1,3867.68,3867.68,2025-01-02
1247,411,18,2,2170.31,4340.62,2025-01-03
1708,122,14,1,967.51,967.51,2025-01-03
2141,363,25,1,1905.87,1905.87,2025-01-03
2930,46,21,1,2505.63,2505.63,2025-01-03
3390,393,6,1,750.58,750.58,2025-01-03
4261,162,25,3,1905.87,5717.61,2025-01-03
4685,270,10,1,2876.08,2876.08,2025-01-03
5004,104,28,1,2129.8,2129.8,2025-01-03
6744,450,9,2,2464.29,4928.58,2025-01-03
7420,41,5,2,750.67,1501.34,2025-01-03
7547,57,9,1,2464.29,2464.29,2025-01-03
7922,163,17,1,1321.33,1321.33,2025-01-03
9893,432,8,1,3484.78,3484.78,2025-01-03
10187,238,22,1,687.05,687.05,2025-01-03
10502,386,23,1,1274.76,1274.76,2025-01-03
752,206,22,1,687.05,687.05,2025-01-04
904,226,7,1,373.62,373.62,2025-01-04
1652,321,27,2,918.74,1837.48,2025-01-04
2067,58,32,2,806.52,1613.04,2025-01-04
2504,455,29,1,2430.8,2430.8,2025-01-04
2668,454,2,1,3810.25,3810.25,2025-01-04
3229,3,6,1,750.58,750.58,2025-01-04
4208,157,36,1,3262.33,3262.33,2025-01-04
5829,392,19,2,1812.99,3625.98,2025-01-04
5963,443,22,1,687.05,687.05,2025-01-04
6455,162,14,1,967.51,967.51,2025-01-04
6653,20,1,1,1591.98,1591.98,2025-01-04
6824,126,13,1,3354.9,3354.9,2025-01-04
6925,128,7,1,373.62,373.62,2025-01-04
8093,391,24,1,1560.49,1560.49,2025-01-04
8949,115,26,1,3172.93,3172.93,2025-01-04
11102,257,13,1,3354.9,3354.9,2025-01-04
11983,226,1,3,1591.98,4775.94,2025-01-04
10,81,29,2,2430.8,4861.6,2025-01-05
325,164,33,2,400.45,800.9,2025-01-05
618,119,5,2,750.67,1501.34,2025-01-05
847,213,10,1,2876.08,2876.08,2025-01-05
895,491,27,1,918.74,918.74,2025-01-05
3509,210,9,1,2464.29,2464.29,2025-01-05
3626,38,2,1,3810.25,3810.25,2025-01-05
5419,496,36,1,3262.33,3262.33,2025-01-05
5807,105,29,1,2430.8,2430.8,2025-01-05
6801,105,9,1,2464.29,2464.29,2025-01-05
7256,355,34,1,3803.21,3803.21,2025-01-05
7990,213,23,1,1274.76,1274.76,2025-01-05
8268,271,12,1,3884.15,3884.15,2025-01-05
8714,194,26,1,3172.93,3172.93,2025-01-05
9272,119,6,1,750.58,750.58,2025-01-05
9504,341,17,2,1321.33,2642.66,2025-01-05
10433,124,3,1,2968.18,2968.18,2025-01-05
10557,348,21,1,2505.63,2505.63,2025-01-05
10561,286,24,1,1560.49,1560.49,2025-01-05
10825,463,19,1,1812.99,1812.99,2025-01-05
11356,169,18,1,2170.31,2170.31,2025-01-05
11989,370,2,2,3810.25,7620.5,2025-01-05
275,17,12,1,3884.15,3884.15,2025-01-06
620,127,24,2,1560.49,3120.98,2025-01-06
1046,20,8,1,3484.78,3484.78,2025-01-06
3921,235,10,1,2876.08,2876.08,2025-01-06
4610,207,5,1,750.67,750.67,2025-01-06
5848,130,12,1,3884.15,3884.15,2025-01-06
5883,292,9,1,2464.29,2464.29,2025-01-06
6275,191,23,1,1274.76,1274.76,2025-01-06
7207,220,18,1,2170.31,2170.31,2025-01-06
7407,67,4,2,2454.84,4909.68,2025-01-06
8438,474,9,1,2464.29,2464.29,2025-01-06
9013,38,12,1,3884.15,3884.15,2025-01-06
9113,211,30,1,328.83,328.83,2025-01-06
11728,338,19,1,1812.99,1812.99,2025-01-06
587,494,33,1,400.45,400.45,2025-01-07
835,115,22,1,687.05,687.05,2025-01-07
2160,237,13,1,3354.9,3354.9,2025-01-07
3439,243,13,1,3354.9,3354.9,2025-01-07
4166,73,21,1,2505.63,2505.63,2025-01-07
4897,296,31,2,2489.05,4978.1,2025-01-07
5437,96,28,1,2129.8,2129.8,2025-01-07
5997,453,3,2,2968.18,5936.36,2025-01-07
6232,463,30,1,328.83,328.83,2025-01-07
6810,161,18,1,2170.31,2170.31,2025-01-07
8708,452,15,1,850.03,850.03,2025-01-07
9200,333,20,2,1271.23,2542.46,2025-01-07
9213,497,12,1,3884.15,3884.15,2025-01-07
9345,496,13,1,3354.9,3354.9,2025-01-07
9750,291,15,1,850.03,850.03,2025-01-07
11687,267,23,1,1274.76,1274.76,2025-01-07
11747,214,17,1,1321.33,1321.33,2025-01-07
11784,333,31,1,2489.05,2489.05,2025-01-07
195,10,33,1,400.45,400.45,2025-01-08
648,463,30,1,328.83,328.83,2025-01-08
1681,436,5,1,750.67,750.67,2025-01-08
2403,108,28,2,2129.8,4259.6,2025-01-08
3382,361,31,1,2489.05,2489.05,2025-01-08
3843,496,28,1,2129.8,2129.8,2025-01-08
6183,286,9,1,2464.29,2464.29,2025-01-08
9545,270,23,1,1274.76,1274.76,2025-01-08
9872,165,16,2,856.11,1712.22,2025-01-08
11410,108,35,2,3867.68,7735.36,2025-01-08
204,427,1,2,1591.98,3183.96,2025-01-09
220,223,11,1,229.25,229.25,2025-01-09
1037,485,29,2,2430.8,4861.6,2025-01-09
1039,371,11,1,229.25,229.25,2025-01-09
1062,78,6,2,750.58,1501.16,2025-01-09
1793,436,7,1,373.62,373.62,2025-01-09
2070,107,29,1,2430.8,2430.8,2025-01-09
3428,354,25,1,1905.87,1905.87,2025-01-09
3481,457,29,1,2430.8,2430.8,2025-01-09
3637,34,31,1,2489.05,2489.05,2025-01-09
4368,269,2,1,3810.25,3810.25,2025-01-09
5283,323,15,1,850.03,850.03,2025-01-09
5584,411,16,2,856.11,1712.22,2025-01-09
5588,491,12,1,3884.15,3884.15,2025-01-09
9045,351,12,1,3884.15,3884.15,2025-01-09
846,106,30,1,328.83,328.83,2025-01-10
861,386,19,1,1812.99,1812.99,2025-01-10
1874,50,8,1,3484.78,3484.78,2025-01-10
2862,81,13,1,3354.9,3354.9,2025-01-10
4157,329,33,1,400.45,400.45,2025-01-10
4197,91,3,2,2968.18,5936.36,2025-01-10
4285,179,12,1,3884.15,3884.15,2025-01-10
5041,260,34,2,3803.21,7606.42,2025-01-10
5589,126,22,1,687.05,687.05,2025-01-10
6093,34,20,1,1271.23,1271.23,2025-01-10
8538,388,13,1,3354.9,3354.9,2025-01-10
10338,46,15,1,850.03,850.03,2025-01-10
11159,213,12,1,3884.15,3884.15,2025-01-10
11431,427,18,1,2170.31,2170.31,2025-01-10
11701,402,20,1,1271.23,1271.23,2025-01-10
403,440,4,3,2454.84,7364.52,2025-01-11
660,418,34,1,3803.21,3803.21,2025-01-11
802,46,8,2,3484.78,6969.56,2025-01-11
1253,51,1,1,1591.98,1591.98,2025-01-11
2146,216,12,2,3884.15,7768.3,2025-01-11
3180,194,12,1,3884.15,3884.15,2025-01-11
5617,245,34,1,3803.21,3803.21,2025-01-11
6277,53,5,2,750.67,1501.34,2025-01-11
6348,473,16,1,856.11,856.11,2025-01-11
6374,383,24,2,1560.49,3120.98,2025-01-11
7525,195,14,1,967.51,967.51,2025-01-11
8192,164,25,1,1905.87,1905.87,2025-01-11
8307,39,28,1,2129.8,2129.8,2025-01-11
10085,6,31,1,2489.05,2489.05,2025-01-11
10297,210,21,2,2505.63,5011.26,2025-01-11
228,194,22,1,687.05,687.05,2025-01-12
551,327,27,1,918.74,918.74,2025-01-12
907,193,18,1,2170.31,2170.31,2025-01-12
1091,294,22,1,687.05,687.05,2025-01-12
1941,426,25,1,1905.87,1905.87,2025-01-12
2187,357,14,1,967.51,967.51,2025-01-12
2194,379,6,1,750.58,750.58,2025-01-12
4211,105,36,1,3262.33,3262.33,2025-01-12
6576,226,24,3,1560.49,4681.47,2025-01-12
7366,57,13,1,3354.9,3354.9,2025-01-12
7635,235,3,1,2968.18,2968.18,2025-01-12
7709,86,29,1,2430.8,2430.8,2025-01-12
7819,68,3,1,2968.18,2968.18,2025-01-12
8110,370,5,1,750.67,750.67,2025-01-12
8820,210,10,1,2876.08,2876.08,2025-01-12
8855,327,24,1,1560.49,1560.49,2025-01-12
9695,119,31,2,2489.05,4978.1,2025-01-12
10511,80,9,1,2464.29,2464.29,2025-01-12
11108,127,2,1,3810.25,3810.25,2025-01-12
11355,235,11,1,229.25,229.25,2025-01-12
11641,144,23,1,1274.76,1274.76,2025-01-12
2529,406,18,1,2170.31,2170.31,2025-01-13
3460,8,26,2,3172.93,6345.86,2025-01-13
4981,104,17,1,1321.33,1321.33,2025-01-13
5682,134,18,1,2170.31,2170.31,2025-01-13
5738,83,8,1,3484.78,3484.78,2025-01-13
6404,7,8,1,3484.78,3484.78,2025-01-13
6940,358,31,1,2489.05,2489.05,2025-01-13
6968,477,32,1,806.52,806.52,2025-01-13
6974,104,24,1,1560.49,1560.49,2025-01-13
7442,360,17,1,1321.33,1321.33,2025-01-13
9787,151,18,1,2170.31,2170.31,2025-01-13
10632,392,19,2,1812.99,3625.98,2025-01-13
10687,244,34,1,3803.21,3803.21,2025-01-13
10905,453,36,1,3262.33,3262.33,2025-01-13
11138,270,18,1,2170.31,2170.31,2025-01-13
11545,410,5,1,750.67,750.67,2025-01-13
259,213,30,1,328.83,328.83,2025-01-14
854,122,30,2,328.83,657.66,2025-01-14
995,152,20,1,1271.23,1271.23,2025-01-14
1419,457,16,1,856.11,856.11,2025-01-14
1458,214,12,1,3884.15,3884.15,2025-01-14
2527,444,35,1,3867.68,3867.68,2025-01-14
3595,15,14,1,967.51,967.51,2025-01-14
3647,102,29,1,2430.8,2430.8,2025-01-14
3679,242,30,1,328.83,328.83,2025-01-14
5561,368,30,1,328.83,328.83,2025-01-14
7190,61,17,1,1321.33,1321.33,2025-01-14
8485,204,14,1,967.51,967.51,2025-01-14
9344,316,3,2,2968.18,5936.36,2025-01-14
11726,184,29,1,2430.8,2430.8,2025-01-14
234,172,17,1,1321.33,1321.33,2025-01-15
677,190,8,2,3484.78,6969.56,2025-01-15
855,487,23,1,1274.76,1274.76,2025-01-15
1982,90,7,2,373.62,747.24,2025-01-15
2125,322,4,1,2454.84,2454.84,2025-01-15
3799,409,14,1,967.51,967.51,2025-01-15
4058,411,1,1,1591.98,1591.98,2025-01-15
4110,147,10,1,2876.08,2876.08,2025-01-15
4796,78,28,2,2129.8,4259.6,2025-01-15
5663,89,36,1,3262.33,3262.33,2025-01-15
6981,384,16,3,856.11,2568.33,2025-01-15
8718,194,15,1,850.03,850.03,2025-01-15
9036,372,3,1,2968.18,2968.18,2025-01-15
9105,476,20,1,1271.23,1271.23,2025-01-15
10980,331,21,1,2505.63,2505.63,2025-01-15
10988,53,3,1,2968.18,2968.18,2025-01-15
381,440,4,1,2454.84,2454.84,2025-01-16
588,392,6,1,750.58,750.58,2025-01-16
2171,331,6,3,750.58,2251.74,2025-01-16
2287,41,34,1,3803.21,3803.21,2025-01-16
2629,6,15,1,850.03,850.03,2025-01-16
2943,114,14,2,967.51,1935.02,2025-01-16
5606,443,2,2,3810.25,7620.5,2025-01-16
5740,57,18,2,2170.31,4340.62,2025-01-16
5857,191,28,1,2129.8,2129.8,2025-01-16
6822,477,14,2,967.51,1935.02,2025-01-16
6902,326,14,2,967.51,1935.02,2025-01-16
7443,78,17,1,1321.33,1321.33,2025-01-16
8416,200,16,1,856.11,856.11,2025-01-16
10361,361,13,1,3354.9,3354.9,2025-01-16
10895,162,10,1,2876.08,2876.08,2025-01-16
11406,354,27,1,918.74,918.74,2025-01-16
698,158,17,2,1321.33,2642.66,2025-01-17
765,288,7,1,373.62,373.62,2025-01-17
1060,390,13,1,3354.9,3354.9,2025-01-17
1262,182,30,1,328.83,328.83,2025-01-17
1500,168,19,1,1812.99,1812.99,2025-01-17
1532,316,5,1,750.67,750.67,2025-01-17
2405,455,30,2,328.83,657.66,2025-01-17
2649,432,28,1,2129.8,2129.8,2025-01-17
2826,238,17,1,1321.33,1321.33,2025-01-17
3060,483,17,1,1321.33,1321.33,2025-01-17
3329,40,12,2,3884.15,7768.3,2025-01-17
4002,454,33,2,400.45,800.9,2025-01-17
5480,102,31,1,2489.05,2489.05,2025-01-17
5816,354,3,1,2968.18,2968.18,2025-01-17
6515,322,29,2,2430.8,4861.6,2025-01-17
7116,384,19,1,1812.99,1812.99,2025-01-17
7963,464,18,1,2170.31,2170.31,2025-01-17
8546,390,27,1,918.74,918.74,2025-01-17
9361,206,32,2,806.52,1613.04,2025-01-17
9680,485,20,2,1271.23,2542.46,2025-01-17
10007,477,10,2,2876.08,5752.16,2025-01-17
10834,355,8,2,3484.78,6969.56,2025-01-17
11283,271,34,1,3803.21,3803.21,2025-01-17
11931,496,3,1,2968.18,2968.18,2025-01-17
129,464,19,1,1812.99,1812.99,2025-01-18
702,464,1,1,1591.98,1591.98,2025-01-18
1326,20,20,2,1271.23,2542.46,2025-01-18
1737,50,16,1,856.11,856.11,2025-01-18
2720,191,5,1,750.67,750.67,2025-01-18
3255,147,5,2,750.67,1501.34,2025-01-18
4801,129,23,2,1274.76,2549.52,2025-01-18
6269,72,7,1,373.62,373.62,2025-01-18
7480,83,19,1,1812.99,1812.99,2025-01-18
7508,66,27,1,918.74,918.74,2025-01-18
7586,443,24,2,1560.49,3120.98,2025-01-18
7779,278,3,1,2968.18,2968.18,2025-01-18
7858,164,6,1,750.58,750.58,2025-01-18
7958,500,15,1,850.03,850.03,2025-01-18
8040,87,28,1,2129.8,2129.8,2025-01-18
8589,53,5,1,750.67,750.67,2025-01-18
9410,460,12,1,3884.15,3884.15,2025-01-18
9421,410,28,1,2129.8,2129.8,2025-01-18
10159,169,17,1,1321.33,1321.33,2025-01-18
10505,290,4,1,2454.84,2454.84,2025-01-18
11097,454,26,1,3172.93,3172.93,2025-01-18
11196,400,7,1,373.62,373.62,2025-01-18
11325,218,4,1,2454.84,2454.84,2025-01-18
11492,459,34,1,3803.21,3803.21,2025-01-18
1330,143,17,1,1321.33,1321.33,2025-01-19
1594,476,16,1,856.11,856.11,2025-01-19
1932,164,23,1,1274.76,1274.76,2025-01-19
2865,32,2,1,3810.25,3810.25,2025-01-19
3623,13,12,1,3884.15,3884.15,2025-01-19
4258,135,20,2,1271.23,2542.46,2025-01-19
5198,487,18,2,2170.31,4340.62,2025-01-19
5466,34,33,1,400.45,400.45,2025-01-19
5764,172,34,2,3803.21,7606.42,2025-01-19
7079,20,6,1,750.58,750.58,2025-01-19
7402,498,30,1,328.83,328.83,2025-01-19
7863,488,11,1,229.25,229.25,2025-01-19
7946,235,16,1,856.11,856.11,2025-01-19
8083,81,23,2,1274.76,2549.52,2025-01-19
8297,254,23,1,1274.76,1274.76,2025-01-19
9232,496,3,1,2968.18,2968.18,2025-01-19
9984,229,34,2,3803.21,7606.42,2025-01-19
11561,360,18,1,2170.31,2170.31,2025-01-19
11955,231,4,1,2454.84,2454.84,2025-01-19
432,455,28,1,2129.8,2129.8,2025-01-20
639,99,9,1,2464.29,2464.29,2025-01-20
1127,360,5,2,750.67,1501.34,2025-01-20
2708,411,23,1,1274.76,1274.76,2025-01-20
3478,278,26,1,3172.93,3172.93,2025-01-20
3487,291,9,2,2464.29,4928.58,2025-01-20
4406,360,15,1,850.03,850.03,2025-01-20
5382,226,23,1,1274.76,1274.76,2025-01-20
7182,273,8,1,3484.78,3484.78,2025-01-20
8273,58,18,1,2170.31,2170.31,2025-01-20
10128,27,3,1,2968.18,2968.18,2025-01-20
10206,215,3,1,2968.18,2968.18,2025-01-20
10732,416,1,1,1591.98,1591.98,2025-01-20
10879,261,30,1,328.83,328.83,2025-01-20
69,220,31,1,2489.05,2489.05,2025-01-21
1329,107,15,1,850.03,850.03,2025-01-21
1425,39,9,1,2464.29,2464.29,2025-01-21
1544,487,12,1,3884.15,3884.15,2025-01-21
1697,191,9,2,2464.29,4928.58,2025-01-21
3192,217,21,1,2505.63,2505.63,2025-01-21
3745,229,19,1,1812.99,1812.99,2025-01-21
6086,144,26,1,3172.93,3172.93,2025-01-21
6351,62,24,1,1560.49,1560.49,2025-01-21
7304,176,25,1,1905.87,1905.87,2025-01-21
7505,208,9,1,2464.29,2464.29,2025-01-21
7776,26,11,1,229.25,229.25,2025-01-21
7924,361,33,1,400.45,400.45,2025-01-21
8065,409,29,1,2430.8,2430.8,2025-01-21
8445,323,19,1,1812.99,1812.99,2025-01-21
8888,169,34,2,3803.21,7606.42,2025-01-21
9033,320,25,2,1905.87,3811.74,2025-01-21
9087,482,7,1,373.62,373.62,2025-01-21
9339,323,4,2,2454.84,4909.68,2025-01-21
9897,448,32,1,806.52,806.52,2025-01-21
10165,263,19,1,1812.99,1812.99,2025-01-21
10289,163,32,1,806.52,806.52,2025-01-21
10852,488,21,1,2505.63,2505.63,2025-01-21
11071,488,33,2,400.45,800.9,2025-01-21
11256,56,21,1,2505.63,2505.63,2025-01-21
2422,370,4,1,2454.84,2454.84,2025-01-22
2463,313,32,2,806.52,1613.04,2025-01-22
3014,186,16,1,856.11,856.11,2025-01-22
3480,424,28,1,2129.8,2129.8,2025-01-22
3567,207,35,3,3867.68,11603.04,2025-01-22
4012,376,32,2,806.52,1613.04,2025-01-22
4617,164,1,1,1591.98,1591.98,2025-01-22
7452,350,6,1,750.58,750.58,2025-01-22
8447,357,6,1,750.58,750.58,2025-01-22
9483,375,31,1,2489.05,2489.05,2025-01-22
10525,195,20,1,1271.23,1271.23,2025-01-22
11564,221,3,1,2968.18,2968.18,2025-01-22
11758,129,23,1,1274.76,1274.76,2025-01-22
1347,496,12,1,3884.15,3884.15,2025-01-23
1543,229,1,1,1591.98,1591.98,2025-01-23
2964,157,21,2,2505.63,5011.26,2025-01-23
4162,429,2,1,3810.25,3810.25,2025-01-23
4689,179,18,1,2170.31,2170.31,2025-01-23
4952,327,27,1,918.74,918.74,2025-01-23
5139,315,6,2,750.58,1501.16,2025-01-23
8426,278,20,1,1271.23,1271.23,2025-01-23
8544,286,12,1,3884.15,3884.15,2025-01-23
9705,222,29,1,2430.8,2430.8,2025-01-23
10282,281,8,3,3484.78,10454.34,2025-01-23
10389,346,36,2,3262.33,6524.66,2025-01-23
10634,422,4,1,2454.84,2454.84,2025-01-23
10818,450,27,1,918.74,918.74,2025-01-23
11766,377,21,1,2505.63,2505.63,2025-01-23
106,191,4,1,2454.84,2454.84,2025-01-24
474,56,31,2,2489.05,4978.1,2025-01-24
1111,380,1,1,1591.98,1591.98,2025-01-24
1447,212,15,1,850.03,850.03,2025-01-24
1598,313,26,2,3172.93,6345.86,2025-01-24
1605,183,14,1,967.51,967.51,2025-01-24
1665,455,7,1,373.62,373.62,2025-01-24
2876,370,17,1,1321.33,1321.33,2025-01-24
4427,324,4,1,2454.84,2454.84,2025-01-24
4548,444,34,1,3803.21,3803.21,2025-01-24
4619,40,14,1,967.51,967.51,2025-01-24
7943,473,28,1,2129.8,2129.8,2025-01-24
8676,385,4,1,2454.84,2454.84,2025-01-24
9102,296,10,1,2876.08,2876.08,2025-01-24
9270,16,1,1,1591.98,1591.98,2025-01-24
78,78,27,1,918.74,918.74,2025-01-25
165,354,9,2,2464.29,4928.58,2025-01-25
232,489,27,1,918.74,918.74,2025-01-25
2528,472,19,1,1812.99,1812.99,2025-01-25
3143,367,12,2,3884.15,7768.3,2025-01-25
3166,59,35,1,3867.68,3867.68,2025-01-25
3247,185,19,2,1812.99,3625.98,2025-01-25
3316,86,20,1,1271.23,1271.23,2025-01-25
3600,67,5,2,750.67,1501.34,2025-01-25
3856,320,22,1,687.05,687.05,2025-01-25
3900,50,35,2,3867.68,7735.36,2025-01-25
4071,84,3,1,2968.18,2968.18,2025-01-25
4302,11,22,2,687.05,1374.1,2025-01-25
4996,261,8,2,3484.78,6969.56,2025-01-25
5778,128,23,2,1274.76,2549.52,2025-01-25
6433,24,7,1,373.62,373.62,2025-01-25
6539,487,13,1,3354.9,3354.9,2025-01-25
7316,477,18,1,2170.31,2170.31,2025-01-25
7607,385,5,2,750.67,1501.34,2025-01-25
7725,257,17,2,1321.33,2642.66,2025-01-25
7887,245,29,1,2430.8,2430.8,2025-01-25
7935,450,27,1,918.74,918.74,2025-01-25
8175,260,31,2,2489.05,4978.1,2025-01-25
8402,222,26,1,3172.93,3172.93,2025-01-25
9368,487,25,1,1905.87,1905.87,2025-01-25
9398,191,33,2,400.45,800.9,2025-01-25
10418,34,18,1,2170.31,2170.31,2025-01-25
10529,90,8,1,3484.78,3484.78,2025-01-25
141,296,29,1,2430.8,2430.8,2025-01-26
665,383,19,1,1812.99,1812.99,2025-01-26
1327,115,11,1,229.25,229.25,2025-01-26
2310,311,33,1,400.45,400.45,2025-01-26
2341,347,19,1,1812.99,1812.99,2025-01-26
3758,205,36,1,3262.33,3262.33,2025-01-26
4315,366,19,1,1812.99,1812.99,2025-01-26
5149,183,30,1,328.83,328.83,2025-01-26
5215,30,31,1,2489.05,2489.05,2025-01-26
6032,418,16,2,856.11,1712.22,2025-01-26
6387,237,25,2,1905.87,3811.74,2025-01-26
7841,350,9,1,2464.29,2464.29,2025-01-26
8302,350,16,2,856.11,1712.22,2025-01-26
9152,15,22,1,687.05,687.05,2025-01-26
9468,490,36,1,3262.33,3262.33,2025-01-26
9791,130,14,2,967.51,1935.02,2025-01-26
10383,150,14,2,967.51,1935.02,2025-01-26
10891,278,6,2,750.58,1501.16,2025-01-26
11096,412,2,2,3810.25,7620.5,2025-01-26
11473,471,15,1,850.03,850.03,2025-01-26
11934,497,18,1,2170.31,2170.31,2025-01-26
47,34,22,1,687.05,687.05,2025-01-27
848,373,36,1,3262.33,3262.33,2025-01-27
1238,400,6,1,750.58,750.58,2025-01-27
1821,428,15,2,850.03,1700.06,2025-01-27
2007,68,19,1,1812.99,1812.99,2025-01-27
2161,382,3,1,2968.18,2968.18,2025-01-27
2331,175,19,3,1812.99,5438.97,2025-01-27
2611,384,19,1,1812.99,1812.99,2025-01-27
2821,212,2,1,3810.25,3810.25,2025-01-27
5122,331,35,1,3867.68,3867.68,2025-01-27
5583,440,2,2,3810.25,7620.5,2025-01-27
6054,260,7,1,373.62,373.62,2025-01-27
8991,323,27,1,918.74,918.74,2025-01-27
9583,53,18,1,2170.31,2170.31,2025-01-27
11041,396,26,2,3172.93,6345.86,2025-01-27
11415,181,12,1,3884.15,3884.15,2025-01-27
11606,119,6,1,750.58,750.58,2025-01-27
161,461,22,2,687.05,1374.1,2025-01-28
559,301,16,1,856.11,856.11,2025-01-28
1007,478,32,1,806.52,806.52,2025-01-28
1843,69,17,1,1321.33,1321.33,2025-01-28
2033,302,22,1,687.05,687.05,2025-01-28
3100,161,3,1,2968.18,2968.18,2025-01-28
3683,278,15,1,850.03,850.03,2025-01-28
4928,126,29,1,2430.8,2430.8,2025-01-28
5003,243,26,1,3172.93,3172.93,2025-01-28
5030,285,19,3,1812.99,5438.97,2025-01-28
5270,193,28,2,2129.8,4259.6,2025-01-28
5292,413,25,3,1905.87,5717.61,2025-01-28
6284,497,1,2,1591.98,3183.96,2025-01-28
7325,436,19,1,1812.99,1812.99,2025-01-28
7691,176,21,1,2505.63,2505.63,2025-01-28
7964,17,30,1,328.83,328.83,2025-01-28
8326,279,5,1,750.67,750.67,2025-01-28
8724,78,10,1,2876.08,2876.08,2025-01-28
8778,499,23,1,1274.76,1274.76,2025-01-28
8889,79,10,1,2876.08,2876.08,2025-01-28
9001,478,36,1,3262.33,3262.33,2025-01-28
10149,188,34,1,3803.21,3803.21,2025-01-28
10374,400,8,1,3484.78,3484.78,2025-01-28
10380,440,14,1,967.51,967.51,2025-01-28
10384,358,13,2,3354.9,6709.8,2025-01-28
11394,406,15,2,850.03,1700.06,2025-01-28
11738,141,23,1,1274.76,1274.76,2025-01-28
2948,124,4,1,2454.84,2454.84,2025-01-29
2994,157,8,1,3484.78,3484.78,2025-01-29
3568,236,16,2,856.11,1712.22,2025-01-29
4075,348,11,1,229.25,229.25,2025-01-29
4223,402,12,1,3884.15,3884.15,2025-01-29
5567,443,10,1,2876.08,2876.08,2025-01-29
5967,95,18,2,2170.31,4340.62,2025-01-29
7090,487,15,2,850.03,1700.06,2025-01-29
7972,429,35,2,3867.68,7735.36,2025-01-29
7984,461,22,1,687.05,687.05,2025-01-29
8131,236,11,2,229.25,458.5,2025-01-29
8935,188,2,1,3810.25,3810.25,2025-01-29
8983,6,25,1,1905.87,1905.87,2025-01-29
9620,388,18,1,2170.31,2170.31,2025-01-29
9751,30,15,1,850.03,850.03,2025-01-29
11072,405,12,1,3884.15,3884.15,2025-01-29
11227,153,17,1,1321.33,1321.33,2025-01-29
11671,412,7,1,373.62,373.62,2025-01-29
79,260,1,1,1591.98,1591.98,2025-01-30
700,188,8,1,3484.78,3484.78,2025-01-30
806,362,18,1,2170.31,2170.31,2025-01-30
1050,77,21,2,2505.63,5011.26,2025-01-30
2058,233,29,1,2430.8,2430.8,2025-01-30
2457,43,1,1,1591.98,1591.98,2025-01-30
2686,285,23,1,1274.76,1274.76,2025-01-30
3249,370,7,1,373.62,373.62,2025-01-30
4425,80,29,1,2430.8,2430.8,2025-01-30
5739,327,30,2,328.83,657.66,2025-01-30
7612,156,31,1,2489.05,2489.05,2025-01-30
7627,278,12,1,3884.15,3884.15,2025-01-30
9959,407,33,1,400.45,400.45,2025-01-30
590,176,3,1,2968.18,2968.18,2025-01-31
764,411,23,2,1274.76,2549.52,2025-01-31
870,286,32,1,806.52,806.52,2025-01-31
2525,489,34,1,3803.21,3803.21,2025-01-31
2551,257,26,1,3172.93,3172.93,2025-01-31
3097,198,25,1,1905.87,1905.87,2025-01-31
3167,336,23,1,1274.76,1274.76,2025-01-31
4171,366,32,1,806.52,806.52,2025-01-31
4453,353,4,1,2454.84,2454.84,2025-01-31
4521,370,8,1,3484.78,3484.78,2025-01-31
4567,231,11,1,229.25,229.25,2025-01-31
4822,127,35,1,3867.68,3867.68,2025-01-31
5479,103,35,1,3867.68,3867.68,2025-01-31
7013,416,27,1,918.74,918.74,2025-01-31
7185,440,30,1,328.83,328.83,2025-01-31
9177,314,1,2,1591.98,3183.96,2025-01-31
10288,257,25,1,1905.87,1905.87,2025-01-31
11336,460,35,1,3867.68,3867.68,2025-01-31
257,104,3,1,2968.18,2968.18,2025-02-01
1413,442,28,1,2129.8,2129.8,2025-02-01
1634,229,26,1,3172.93,3172.93,2025-02-01
2366,440,6,2,750.58,1501.16,2025-02-01
2585,478,30,1,328.83,328.83,2025-02-01
2748,89,22,1,687.05,687.05,2025-02-01
3294,478,30,1,328.83,328.83,2025-02-01
3464,470,30,1,328.83,328.83,2025-02-01
4192,32,22,2,687.05,1374.1,2025-02-01
4419,279,24,2,1560.49,3120.98,2025-02-01
5216,27,14,2,967.51,1935.02,2025-02-01
6289,257,1,1,1591.98,1591.98,2025-02-01
6550,244,28,1,2129.8,2129.8,2025-02-01
6568,497,21,1,2505.63,2505.63,2025-02-01
7477,355,16,1,856.11,856.11,2025-02-01
8199,238,14,1,967.51,967.51,2025-02-01
9238,153,25,1,1905.87,1905.87,2025-02-01
10409,222,16,2,856.11,1712.22,2025-02-01
10607,440,14,1,967.51,967.51,2025-02-01
1576,324,23,1,1274.76,1274.76,2025-02-02
1608,143,7,1,373.62,373.62,2025-02-02
1784,99,11,1,229.25,229.25,2025-02-02
3162,222,9,1,2464.29,2464.29,2025-02-02
3667,468,9,1,2464.29,2464.29,2025-02-02
4085,66,24,1,1560.49,1560.49,2025-02-02
4785,205,22,1,687.05,687.05,2025-02-02
5308,245,9,1,2464.29,2464.29,2025-02-02
7649,45,22,1,687.05,687.05,2025-02-02
8465,471,16,1,856.11,856.11,2025-02-02
8621,428,10,1,2876.08,2876.08,2025-02-02
10097,454,21,2,2505.63,5011.26,2025-02-02
11635,497,18,1,2170.31,2170.31,2025-02-02
760,124,4,1,2454.84,2454.84,2025-02-03
3951,370,13,1,3354.9,3354.9,2025-02-03
4011,391,21,2,2505.63,5011.26,2025-02-03
4962,294,23,1,1274.76,1274.76,2025-02-03
6119,467,36,1,3262.33,3262.33,2025-02-03
6253,123,9,1,2464.29,2464.29,2025-02-03
7770,221,35,1,3867.68,3867.68,2025-02-03
8780,290,12,1,3884.15,3884.15,2025-02-03
8971,57,18,1,2170.31,2170.31,2025-02-03
9439,373,12,3,3884.15,11652.45,2025-02-03
10115,483,26,1,3172.93,3172.93,2025-02-03
10219,169,27,2,918.74,1837.48,2025-02-03
1738,245,10,1,2876.08,2876.08,2025-02-04
2429,206,10,1,2876.08,2876.08,2025-02-04
3322,205,15,2,850.03,1700.06,2025-02-04
5257,469,14,1,967.51,967.51,2025-02-04
5624,368,9,2,2464.29,4928.58,2025-02-04
6082,103,26,1,3172.93,3172.93,2025-02-04
7606,157,14,1,967.51,967.51,2025-02-04
7609,497,16,2,856.11,1712.22,2025-02-04
7641,392,6,1,750.58,750.58,2025-02-04
7682,257,7,2,373.62,747.24,2025-02-04
7754,455,11,1,229.25,229.25,2025-02-04
8245,491,13,1,3354.9,3354.9,2025-02-04
9429,289,16,1,856.11,856.11,2025-02-04
9506,313,32,1,806.52,806.52,2025-02-04
10060,143,14,1,967.51,967.51,2025-02-04
10794,101,6,1,750.58,750.58,2025-02-04
10868,353,6,1,750.58,750.58,2025-02-04
606,133,15,1,850.03,850.03,2025-02-05
1801,349,18,2,2170.31,4340.62,2025-02-05
2052,438,18,3,2170.31,6510.93,2025-02-05
3429,150,28,1,2129.8,2129.8,2025-02-05
4064,331,33,1,400.45,400.45,2025-02-05
4871,341,4,3,2454.84,7364.52,2025-02-05
4898,27,28,1,2129.8,2129.8,2025-02-05
6692,316,15,1,850.03,850.03,2025-02-05
8235,436,22,1,687.05,687.05,2025-02-05
8241,32,3,1,2968.18,2968.18,2025-02-05
9094,125,23,1,1274.76,1274.76,2025-02-05
9451,305,11,1,229.25,229.25,2025-02-05
9822,465,31,2,2489.05,4978.1,2025-02-05
10765,34,4,1,2454.84,2454.84,2025-02-05
11591,227,4,1,2454.84,2454.84,2025-02-05
1020,38,29,1,2430.8,2430.8,2025-02-06
1337,366,30,1,328.83,328.83,2025-02-06
1680,27,16,1,856.11,856.11,2025-02-06
2238,161,29,1,2430.8,2430.8,2025-02-06
2498,329,28,1,2129.8,2129.8,2025-02-06
3071,135,13,2,3354.9,6709.8,2025-02-06
4325,454,17,1,1321.33,1321.33,2025-02-06
4442,373,17,1,1321.33,1321.33,2025-02-06
4594,236,21,2,2505.63,5011.26,2025-02-06
5226,172,4,1,2454.84,2454.84,2025-02-06
6291,296,22,1,687.05,687.05,2025-02-06
6350,222,21,1,2505.63,2505.63,2025-02-06
6624,372,29,1,2430.8,2430.8,2025-02-06
6847,273,28,1,2129.8,2129.8,2025-02-06
7171,257,28,1,2129.8,2129.8,2025-02-06
7694,212,5,1,750.67,750.67,2025-02-06
9433,487,13,1,3354.9,3354.9,2025-02-06
9570,43,23,1,1274.76,1274.76,2025-02-06
9674,268,30,2,328.83,657.66,2025-02-06
9823,157,31,1,2489.05,2489.05,2025-02-06
10014,368,16,1,856.11,856.11,2025-02-06
11070,83,12,1,3884.15,3884.15,2025-02-06
11918,223,25,1,1905.87,1905.87,2025-02-06
1059,418,34,1,3803.21,3803.21,2025-02-07
2227,81,12,2,3884.15,7768.3,2025-02-07
3339,494,24,2,1560.49,3120.98,2025-02-07
4334,99,5,1,750.67,750.67,2025-02-07
5533,385,5,1,750.67,750.67,2025-02-07
5729,34,32,2,806.52,1613.04,2025-02-07
6514,191,28,1,2129.8,2129.8,2025-02-07
8252,17,35,2,3867.68,7735.36,2025-02-07
8559,289,13,2,3354.9,6709.8,2025-02-07
8872,35,1,1,1591.98,1591.98,2025-02-07
10124,38,21,2,2505.63,5011.26,2025-02-07
10894,148,22,1,687.05,687.05,2025-02-07
11345,379,23,1,1274.76,1274.76,2025-02-07
222,376,27,1,918.74,918.74,2025-02-08
461,245,13,1,3354.9,3354.9,2025-02-08
1149,348,20,1,1271.23,1271.23,2025-02-08
2307,296,18,1,2170.31,2170.31,2025-02-08
3317,436,34,1,3803.21,3803.21,2025-02-08
4007,270,2,2,3810.25,7620.5,2025-02-08
4351,406,34,1,3803.21,3803.21,2025-02-08
5991,368,26,1,3172.93,3172.93,2025-02-08
6642,221,36,2,3262.33,6524.66,2025-02-08
6945,413,15,1,850.03,850.03,2025-02-08
7015,105,4,2,2454.84,4909.68,2025-02-08
7802,7,28,1,2129.8,2129.8,2025-02-08
7962,20,34,1,3803.21,3803.21,2025-02-08
8208,147,35,2,3867.68,7735.36,2025-02-08
8588,366,11,1,229.25,229.25,2025-02-08
8606,390,32,2,806.52,1613.04,2025-02-08
8850,191,1,3,1591.98,4775.94,2025-02-08
505,102,31,1,2489.05,2489.05,2025-02-09
696,233,15,1,850.03,850.03,2025-02-09
1305,115,20,1,1271.23,1271.23,2025-02-09
1986,287,32,1,806.52,806.52,2025-02-09
2407,232,28,1,2129.8,2129.8,2025-02-09
2624,244,12,1,3884.15,3884.15,2025-02-09
4102,238,21,1,2505.63,2505.63,2025-02-09
4564,193,19,1,1812.99,1812.99,2025-02-09
4748,269,26,1,3172.93,3172.93,2025-02-09
5985,309,7,1,373.62,373.62,2025-02-09
7216,137,7,1,373.62,373.62,2025-02-09
7502,317,36,1,3262.33,3262.33,2025-02-09
9073,143,6,1,750.58,750.58,2025-02-09
9408,371,32,1,806.52,806.52,2025-02-09
10830,440,12,1,3884.15,3884.15,2025-02-09
11449,15,2,2,3810.25,7620.5,2025-02-09
11568,213,15,1,850.03,850.03,2025-02-09
11899,357,8,1,3484.78,3484.78,2025-02-09
11999,343,30,1,328.83,328.83,2025-02-09
218,3,26,1,3172.93,3172.93,2025-02-10
479,294,12,1,3884.15,3884.15,2025-02-10
1200,111,19,1,1812.99,1812.99,2025-02-10
1443,268,26,1,3172.93,3172.93,2025-02-10
1588,46,5,2,750.67,1501.34,2025-02-10
2587,350,3,2,2968.18,5936.36,2025-02-10
2672,311,30,1,328.83,328.83,2025-02-10
2714,464,8,2,3484.78,6969.56,2025-02-10
3438,223,17,1,1321.33,1321.33,2025-02-10
3934,241,10,1,2876.08,2876.08,2025-02-10
3942,467,3,2,2968.18,5936.36,2025-02-10
4264,105,32,1,806.52,806.52,2025-02-10
6235,279,6,1,750.58,750.58,2025-02-10
7728,411,18,1,2170.31,2170.31,2025-02-10
8292,122,27,1,918.74,918.74,2025-02-10
9249,427,15,1,850.03,850.03,2025-02-10
9782,176,23,1,1274.76,1274.76,2025-02-10
10902,168,30,1,328.83,328.83,2025-02-10
101,363,17,2,1321.33,2642.66,2025-02-11
281,278,34,1,3803.21,3803.21,2025-02-11
790,10,19,2,1812.99,3625.98,2025-02-11
862,191,3,1,2968.18,2968.18,2025-02-11
1674,66,11,2,229.25,458.5,2025-02-11
1951,268,3,2,2968.18,5936.36,2025-02-11
2082,418,1,1,1591.98,1591.98,2025-02-11
3105,54,12,1,3884.15,3884.15,2025-02-11
3808,205,31,1,2489.05,2489.05,2025-02-11
3872,348,24,1,1560.49,1560.49,2025-02-11
4574,210,17,1,1321.33,1321.33,2025-02-11
6412,398,5,1,750.67,750.67,2025-02-11
7567,15,27,1,918.74,918.74,2025-02-11
7923,392,5,1,750.67,750.67,2025-02-11
8007,316,12,1,3884.15,3884.15,2025-02-11
8028,473,34,2,3803.21,7606.42,2025-02-11
9139,145,33,1,400.45,400.45,2025-02-11
10325,323,19,1,1812.99,1812.99,2025-02-11
10844,379,28,1,2129.8,2129.8,2025-02-11
11119,309,29,3,2430.8,7292.4,2025-02-11
11361,86,4,2,2454.84,4909.68,2025-02-11
11383,412,25,2,1905.87,3811.74,2025-02-11
11685,396,22,1,687.05,687.05,2025-02-11
369,442,15,1,850.03,850.03,2025-02-12
3769,156,28,2,2129.8,4259.6,2025-02-12
4340,65,32,1,806.52,806.52,2025-02-12
4343,478,22,1,687.05,687.05,2025-02-12
5134,68,16,1,856.11,856.11,2025-02-12
6541,220,24,2,1560.49,3120.98,2025-02-12
6545,312,26,3,3172.93,9518.79,2025-02-12
7666,115,8,1,3484.78,3484.78,2025-02-12
9235,393,14,1,967.51,967.51,2025-02-12
9961,38,18,1,2170.31,2170.31,2025-02-12
10797,184,22,1,687.05,687.05,2025-02-12
10972,428,25,2,1905.87,3811.74,2025-02-12
11279,322,27,1,918.74,918.74,2025-02-12
804,473,10,2,2876.08,5752.16,2025-02-13
2945,91,4,1,2454.84,2454.84,2025-02-13
3708,236,1,1,1591.98,1591.98,2025-02-13
6009,212,21,2,2505.63,5011.26,2025-02-13
6704,193,30,3,328.83,986.49,2025-02-13
7404,36,36,1,3262.33,3262.33,2025-02-13
8124,205,27,1,918.74,918.74,2025-02-13
8405,382,26,1,3172.93,3172.93,2025-02-13
8619,385,34,1,3803.21,3803.21,2025-02-13
9563,58,17,1,1321.33,1321.33,2025-02-13
9669,148,29,1,2430.8,2430.8,2025-02-13
9756,241,19,1,1812.99,1812.99,2025-02-13
11340,193,15,1,850.03,850.03,2025-02-13
11600,440,10,1,2876.08,2876.08,2025-02-13
11688,491,8,1,3484.78,3484.78,2025-02-13
502,209,13,2,3354.9,6709.8,2025-02-14
1041,424,24,1,1560.49,1560.49,2025-02-14
1703,454,30,1,328.83,328.83,2025-02-14
2179,156,1,1,1591.98,1591.98,2025-02-14
2286,418,29,2,2430.8,4861.6,2025-02-14
3661,386,13,1,3354.9,3354.9,2025-02-14
3684,438,29,3,2430.8,7292.4,2025-02-14
3844,112,4,1,2454.84,2454.84,2025-02-14
4919,225,19,2,1812.99,3625.98,2025-02-14
5278,302,31,1,2489.05,2489.05,2025-02-14
5992,496,3,1,2968.18,2968.18,2025-02-14
6325,494,5,1,750.67,750.67,2025-02-14
6367,168,8,2,3484.78,6969.56,2025-02-14
7492,496,8,2,3484.78,6969.56,2025-02-14
8665,17,14,1,967.51,967.51,2025-02-14
8781,41,34,1,3803.21,3803.21,2025-02-14
9090,369,33,1,400.45,400.45,2025-02-14
9215,175,20,1,1271.23,1271.23,2025-02-14
11286,469,8,2,3484.78,6969.56,2025-02-14
11294,191,26,2,3172.93,6345.86,2025-02-14
11576,497,15,1,850.03,850.03,2025-02-14
340,333,15,1,850.03,850.03,2025-02-15
1067,236,23,1,1274.76,1274.76,2025-02-15
1368,353,21,1,2505.63,2505.63,2025-02-15
4242,49,11,1,229.25,229.25,2025-02-15
6140,201,9,1,2464.29,2464.29,2025-02-15
6858,349,32,2,806.52,1613.04,2025-02-15
7317,497,24,2,1560.49,3120.98,2025-02-15
7810,340,31,1,2489.05,2489.05,2025-02-15
8574,20,22,1,687.05,687.05,2025-02-15
9252,201,28,1,2129.8,2129.8,2025-02-15
1038,202,18,1,2170.31,2170.31,2025-02-16
1937,163,8,2,3484.78,6969.56,2025-02-16
2618,446,19,1,1812.99,1812.99,2025-02-16
3015,75,21,1,2505.63,2505.63,2025-02-16
6551,289,17,1,1321.33,1321.33,2025-02-16
8472,365,11,1,229.25,229.25,2025-02-16
8881,134,3,1,2968.18,2968.18,2025-02-16
9441,417,26,1,3172.93,3172.93,2025-02-16
9658,464,13,1,3354.9,3354.9,2025-02-16
9796,410,4,1,2454.84,2454.84,2025-02-16
10016,241,15,3,850.03,2550.09,2025-02-16
10922,338,15,1,850.03,850.03,2025-02-16
11023,99,27,1,918.74,918.74,2025-02-16
11537,157,12,2,3884.15,7768.3,2025-02-16
2655,99,6,1,750.58,750.58,2025-02-17
2739,280,1,1,1591.98,1591.98,2025-02-17
2818,57,9,1,2464.29,2464.29,2025-02-17
2851,373,21,1,2505.63,2505.63,2025-02-17
3029,221,11,1,229.25,229.25,2025-02-17
3225,13,34,1,3803.21,3803.21,2025-02-17
3726,436,4,2,2454.84,4909.68,2025-02-17
4977,111,30,1,328.83,328.83,2025-02-17
5265,30,32,1,806.52,806.52,2025-02-17
7562,332,7,1,373.62,373.62,2025-02-17
8287,329,18,1,2170.31,2170.31,2025-02-17
10137,436,10,1,2876.08,2876.08,2025-02-17
11593,464,32,1,806.52,806.52,2025-02-17
11921,316,10,1,2876.08,2876.08,2025-02-17
487,152,33,1,400.45,400.45,2025-02-18
491,494,35,1,3867.68,3867.68,2025-02-18
1772,9,35,1,3867.68,3867.68,2025-02-18
2271,440,12,1,3884.15,3884.15,2025-02-18
2747,296,30,1,328.83,328.83,2025-02-18
3297,360,29,1,2430.8,2430.8,2025-02-18
3417,191,26,2,3172.93,6345.86,2025-02-18
3911,226,13,2,3354.9,6709.8,2025-02-18
4545,496,18,2,2170.31,4340.62,2025-02-18
5692,66,16,1,856.11,856.11,2025-02-18
6012,497,30,2,328.83,657.66,2025-02-18
6877,370,35,1,3867.68,3867.68,2025-02-18
7960,386,22,2,687.05,1374.1,2025-02-18
9101,343,23,1,1274.76,1274.76,2025-02-18
9287,315,19,2,1812.99,3625.98,2025-02-18
1228,161,25,1,1905.87,1905.87,2025-02-19
1533,184,8,1,3484.78,3484.78,2025-02-19
1542,13,19,1,1812.99,1812.99,2025-02-19
3490,28,8,1,3484.78,3484.78,2025-02-19
3539,103,29,1,2430.8,2430.8,2025-02-19
3710,477,14,1,967.51,967.51,2025-02-19
4914,374,2,1,3810.25,3810.25,2025-02-19
4995,500,31,1,2489.05,2489.05,2025-02-19
5317,111,19,1,1812.99,1812.99,2025-02-19
6202,206,19,2,1812.99,3625.98,2025-02-19
7563,487,11,1,229.25,229.25,2025-02-19
8335,212,14,1,967.51,967.51,2025-02-19
11750,453,31,2,2489.05,4978.1,2025-02-19
1182,358,11,1,229.25,229.25,2025-02-20
2646,272,25,1,1905.87,1905.87,2025-02-20
3731,30,22,1,687.05,687.05,2025-02-20
6231,366,36,2,3262.33,6524.66,2025-02-20
6301,495,23,1,1274.76,1274.76,2025-02-20
7095,71,11,1,229.25,229.25,2025-02-20
7251,350,30,1,328.83,328.83,2025-02-20
10884,363,6,1,750.58,750.58,2025-02-20
10937,112,28,1,2129.8,2129.8,2025-02-20
11504,183,18,2,2170.31,4340.62,2025-02-20
11853,427,31,1,2489.05,2489.05,2025-02-20
30,287,24,2,1560.49,3120.98,2025-02-21
268,490,33,1,400.45,400.45,2025-02-21
1623,292,4,1,2454.84,2454.84,2025-02-21
3293,281,4,1,2454.84,2454.84,2025-02-21
5957,183,3,1,2968.18,2968.18,2025-02-21
5975,443,23,1,1274.76,1274.76,2025-02-21
7099,58,30,1,328.83,328.83,2025-02-21
8677,473,10,3,2876.08,8628.24,2025-02-21
10188,57,10,1,2876.08,2876.08,2025-02-21
10573,16,1,1,1591.98,1591.98,2025-02-21
246,119,18,2,2170.31,4340.62,2025-02-22
591,141,14,1,967.51,967.51,2025-02-22
1320,301,36,1,3262.33,3262.33,2025-02-22
1396,163,15,2,850.03,1700.06,2025-02-22
1848,60,5,1,750.67,750.67,2025-02-22
3612,115,5,1,750.67,750.67,2025-02-22
3625,83,32,1,806.52,806.52,2025-02-22
4529,205,1,1,1591.98,1591.98,2025-02-22
6263,115,35,1,3867.68,3867.68,2025-02-22
6395,427,36,1,3262.33,3262.33,2025-02-22
6971,214,26,2,3172.93,6345.86,2025-02-22
7524,118,29,1,2430.8,2430.8,2025-02-22
7969,492,15,1,850.03,850.03,2025-02-22
8055,86,12,1,3884.15,3884.15,2025-02-22
8824,10,11,1,229.25,229.25,2025-02-22
9216,206,22,1,687.05,687.05,2025-02-22
10453,341,30,1,328.83,328.83,2025-02-22
10581,323,10,1,2876.08,2876.08,2025-02-22
10618,455,23,1,1274.76,1274.76,2025-02-22
10789,256,14,1,967.51,967.51,2025-02-22
11578,430,36,1,3262.33,3262.33,2025-02-22
11624,316,12,1,3884.15,3884.15,2025-02-22
11923,335,33,1,400.45,400.45,2025-02-22
95,395,20,2,1271.23,2542.46,2025-02-23
918,483,5,2,750.67,1501.34,2025-02-23
2202,494,12,1,3884.15,3884.15,2025-02-23
2491,119,12,3,3884.15,11652.45,2025-02-23
3064,51,7,1,373.62,373.62,2025-02-23
4651,137,15,1,850.03,850.03,2025-02-23
5767,314,30,1,328.83,328.83,2025-02-23
6832,8,16,2,856.11,1712.22,2025-02-23
9596,491,12,2,3884.15,7768.3,2025-02-23
74,17,12,1,3884.15,3884.15,2025-02-24
389,307,32,1,806.52,806.52,2025-02-24
647,40,13,2,3354.9,6709.8,2025-02-24
917,426,29,1,2430.8,2430.8,2025-02-24
3520,28,18,1,2170.31,2170.31,2025-02-24
3553,46,20,1,1271.23,1271.23,2025-02-24
5038,343,10,2,2876.08,5752.16,2025-02-24
6190,245,32,1,806.52,806.52,2025-02-24
7320,238,15,1,850.03,850.03,2025-02-24
7640,239,8,1,3484.78,3484.78,2025-02-24
7823,466,13,2,3354.9,6709.8,2025-02-24
8582,137,33,1,400.45,400.45,2025-02-24
9353,203,14,2,967.51,1935.02,2025-02-24
9886,496,32,1,806.52,806.52,2025-02-24
9995,376,18,1,2170.31,2170.31,2025-02-24
11611,95,8,1,3484.78,3484.78,2025-02-24
11997,366,7,1,373.62,373.62,2025-02-24
134,193,21,1,2505.63,2505.63,2025-02-25
1510,89,4,1,2454.84,2454.84,2025-02-25
1917,449,29,2,2430.8,4861.6,2025-02-25
2024,213,31,2,2489.05,4978.1,2025-02-25
2325,34,22,1,687.05,687.05,2025-02-25
2973,12,18,2,2170.31,4340.62,2025-02-25
4004,148,23,2,1274.76,2549.52,2025-02-25
4493,191,4,1,2454.84,2454.84,2025-02-25
5174,406,25,1,1905.87,1905.87,2025-02-25
5401,289,29,1,2430.8,2430.8,2025-02-25
5507,270,5,1,750.67,750.67,2025-02-25
5859,356,5,2,750.67,1501.34,2025-02-25
6101,246,18,1,2170.31,2170.31,2025-02-25
6930,316,17,2,1321.33,2642.66,2025-02-25
7706,226,7,1,373.62,373.62,2025-02-25
9060,122,3,1,2968.18,2968.18,2025-02-25
9382,397,14,1,967.51,967.51,2025-02-25
10784,257,34,1,3803.21,3803.21,2025-02-25
10793,206,19,1,1812.99,1812.99,2025-02-25
10931,188,11,1,229.25,229.25,2025-02-25
1117,71,36,3,3262.33,9786.99,2025-02-26
1408,483,15,1,850.03,850.03,2025-02-26
1492,346,34,3,3803.21,11409.63,2025-02-26
2218,429,16,1,856.11,856.11,2025-02-26
3030,385,31,1,2489.05,2489.05,2025-02-26
3110,370,13,2,3354.9,6709.8,2025-02-26
3345,81,23,1,1274.76,1274.76,2025-02-26
4026,410,26,1,3172.93,3172.93,2025-02-26
4251,487,6,1,750.58,750.58,2025-02-26
4532,477,29,1,2430.8,2430.8,2025-02-26
5121,489,34,1,3803.21,3803.21,2025-02-26
5464,102,35,1,3867.68,3867.68,2025-02-26
6195,30,32,1,806.52,806.52,2025-02-26
6307,238,25,1,1905.87,1905.87,2025-02-26
6613,235,1,1,1591.98,1591.98,2025-02-26
9405,60,5,1,750.67,750.67,2025-02-26
10306,35,7,1,373.62,373.62,2025-02-26
11702,230,4,2,2454.84,4909.68,2025-02-26
6,86,32,2,806.52,1613.04,2025-02-27
367,316,3,3,2968.18,8904.54,2025-02-27
1175,498,34,1,3803.21,3803.21,2025-02-27
1384,496,2,2,3810.25,7620.5,2025-02-27
1633,355,24,3,1560.49,4681.47,2025-02-27
2461,210,5,1,750.67,750.67,2025-02-27
2546,34,28,1,2129.8,2129.8,2025-02-27
3642,449,24,2,1560.49,3120.98,2025-02-27
3925,478,4,1,2454.84,2454.84,2025-02-27
4492,406,10,1,2876.08,2876.08,2025-02-27
4595,363,16,2,856.11,1712.22,2025-02-27
4734,17,12,1,3884.15,3884.15,2025-02-27
4766,177,19,1,1812.99,1812.99,2025-02-27
4792,367,36,1,3262.33,3262.33,2025-02-27
4921,35,18,1,2170.31,2170.31,2025-02-27
6831,145,9,1,2464.29,2464.29,2025-02-27
8116,82,5,2,750.67,1501.34,2025-02-27
9352,130,31,1,2489.05,2489.05,2025-02-27
9510,496,16,1,856.11,856.11,2025-02-27
9714,361,25,2,1905.87,3811.74,2025-02-27
11968,13,35,2,3867.68,7735.36,2025-02-27
54,91,29,1,2430.8,2430.8,2025-02-28
265,168,14,1,967.51,967.51,2025-02-28
449,334,26,1,3172.93,3172.93,2025-02-28
694,446,31,1,2489.05,2489.05,2025-02-28
1931,491,30,2,328.83,657.66,2025-02-28
2597,355,6,2,750.58,1501.16,2025-02-28
4733,377,30,2,328.83,657.66,2025-02-28
5754,296,31,2,2489.05,4978.1,2025-02-28
5770,497,35,1,3867.68,3867.68,2025-02-28
6347,265,20,1,1271.23,1271.23,2025-02-28
6823,487,30,1,328.83,328.83,2025-02-28
7058,406,25,1,1905.87,1905.87,2025-02-28
7874,377,5,1,750.67,750.67,2025-02-28
11507,465,34,1,3803.21,3803.21,2025-02-28
370,434,30,2,328.83,657.66,2025-03-01
986,497,19,2,1812.99,3625.98,2025-03-01
1263,196,4,1,2454.84,2454.84,2025-03-01
1297,78,23,1,1274.76,1274.76,2025-03-01
1747,266,27,1,918.74,918.74,2025-03-01
2087,277,34,1,3803.21,3803.21,2025-03-01
3222,39,30,1,328.83,328.83,2025-03-01
4210,41,17,1,1321.33,1321.33,2025-03-01
4231,244,7,1,373.62,373.62,2025-03-01
5019,342,17,1,1321.33,1321.33,2025-03-01
5370,391,2,1,3810.25,3810.25,2025-03-01
5749,161,34,1,3803.21,3803.21,2025-03-01
6696,348,12,1,3884.15,3884.15,2025-03-01
6758,86,11,1,229.25,229.25,2025-03-01
6815,203,36,1,3262.33,3262.33,2025-03-01
7685,368,35,1,3867.68,3867.68,2025-03-01
7793,497,6,1,750.58,750.58,2025-03-01
7961,20,6,1,750.58,750.58,2025-03-01
8928,453,2,1,3810.25,3810.25,2025-03-01
9667,39,4,1,2454.84,2454.84,2025-03-01
10860,131,23,1,1274.76,1274.76,2025-03-01
11555,182,11,2,229.25,458.5,2025-03-01
972,122,8,2,3484.78,6969.56,2025-03-02
1093,329,29,1,2430.8,2430.8,2025-03-02
1409,454,36,1,3262.33,3262.33,2025-03-02
2958,139,11,1,229.25,229.25,2025-03-02
3168,454,6,2,750.58,1501.16,2025-03-02
4307,329,12,2,3884.15,7768.3,2025-03-02
4676,483,7,2,373.62,747.24,2025-03-02
5393,448,27,1,918.74,918.74,2025-03-02
5638,434,28,1,2129.8,2129.8,2025-03-02
6505,53,30,1,328.83,328.83,2025-03-02
6627,427,28,1,2129.8,2129.8,2025-03-02
6742,385,23,1,1274.76,1274.76,2025-03-02
6954,143,2,1,3810.25,3810.25,2025-03-02
8036,352,11,2,229.25,458.5,2025-03-02
9052,385,20,1,1271.23,1271.23,2025-03-02
9974,156,15,1,850.03,850.03,2025-03-02
10089,106,6,1,750.58,750.58,2025-03-02
10258,232,20,2,1271.23,2542.46,2025-03-02
11907,407,15,1,850.03,850.03,2025-03-02
1197,99,1,1,1591.98,1591.98,2025-03-03
1468,436,36,1,3262.33,3262.33,2025-03-03
5005,126,23,1,1274.76,1274.76,2025-03-03
5525,92,26,1,3172.93,3172.93,2025-03-03
5797,413,2,1,3810.25,3810.25,2025-03-03
5875,332,4,1,2454.84,2454.84,2025-03-03
6720,238,4,2,2454.84,4909.68,2025-03-03
6997,453,29,3,2430.8,7292.4,2025-03-03
9909,66,35,1,3867.68,3867.68,2025-03-03
11673,143,26,1,3172.93,3172.93,2025-03-03
11919,463,36,1,3262.33,3262.33,2025-03-03
668,69,10,1,2876.08,2876.08,2025-03-04
1009,279,29,1,2430.8,2430.8,2025-03-04
1817,27,9,3,2464.29,7392.87,2025-03-04
2553,16,13,1,3354.9,3354.9,2025-03-04
2746,148,16,1,856.11,856.11,2025-03-04
3101,221,33,2,400.45,800.9,2025-03-04
5495,195,6,1,750.58,750.58,2025-03-04
7389,468,6,1,750.58,750.58,2025-03-04
7646,135,16,1,856.11,856.11,2025-03-04
8748,143,6,2,750.58,1501.16,2025-03-04
8992,57,33,1,400.45,400.45,2025-03-04
10539,15,24,1,1560.49,1560.49,2025-03-04
10567,29,24,1,1560.49,1560.49,2025-03-04
10594,90,26,1,3172.93,3172.93,2025-03-04
10971,57,4,1,2454.84,2454.84,2025-03-04
11580,54,8,1,3484.78,3484.78,2025-03-04
11609,496,9,1,2464.29,2464.29,2025-03-04
11610,483,15,1,850.03,850.03,2025-03-04
262,355,12,1,3884.15,3884.15,2025-03-05
433,193,12,1,3884.15,3884.15,2025-03-05
729,86,20,2,1271.23,2542.46,2025-03-05
2211,331,25,2,1905.87,3811.74,2025-03-05
2333,338,25,1,1905.87,1905.87,2025-03-05
2459,496,23,1,1274.76,1274.76,2025-03-05
2595,377,4,1,2454.84,2454.84,2025-03-05
3841,490,25,3,1905.87,5717.61,2025-03-05
5830,157,35,1,3867.68,3867.68,2025-03-05
6857,114,19,1,1812.99,1812.99,2025-03-05
8422,266,1,2,1591.98,3183.96,2025-03-05
8758,397,34,2,3803.21,7606.42,2025-03-05
9291,21,17,1,1321.33,1321.33,2025-03-05
10773,391,20,1,1271.23,1271.23,2025-03-05
11144,296,17,1,1321.33,1321.33,2025-03-05
1325,239,28,1,2129.8,2129.8,2025-03-06
2069,105,35,1,3867.68,3867.68,2025-03-06
3594,432,4,2,2454.84,4909.68,2025-03-06
7262,212,6,2,750.58,1501.16,2025-03-06
9335,66,21,1,2505.63,2505.63,2025-03-06
9994,496,7,1,373.62,373.62,2025-03-06
10150,195,28,2,2129.8,4259.6,2025-03-06
11521,27,7,2,373.62,747.24,2025-03-06
319,486,1,2,1591.98,3183.96,2025-03-07
1649,360,25,1,1905.87,1905.87,2025-03-07
2950,383,19,3,1812.99,5438.97,2025-03-07
3863,56,4,1,2454.84,2454.84,2025-03-07
6113,56,6,1,750.58,750.58,2025-03-07
6827,353,20,2,1271.23,2542.46,2025-03-07
6987,205,19,1,1812.99,1812.99,2025-03-07
7784,403,19,1,1812.99,1812.99,2025-03-07
8607,499,1,1,1591.98,1591.98,2025-03-07
8613,149,20,1,1271.23,1271.23,2025-03-07
9004,338,10,2,2876.08,5752.16,2025-03-07
9025,386,10,1,2876.08,2876.08,2025-03-07
9640,366,19,1,1812.99,1812.99,2025-03-07
10000,46,26,1,3172.93,3172.93,2025-03-07
10582,130,18,1,2170.31,2170.31,2025-03-07
11264,236,32,1,806.52,806.52,2025-03-07
11290,446,35,1,3867.68,3867.68,2025-03-07
11380,147,17,1,1321.33,1321.33,2025-03-07
2004,193,3,1,2968.18,2968.18,2025-03-08
3138,147,27,1,918.74,918.74,2025-03-08
4016,115,28,1,2129.8,2129.8,2025-03-08
4579,497,19,1,1812.99,1812.99,2025-03-08
6212,489,4,1,2454.84,2454.84,2025-03-08
6575,411,34,1,3803.21,3803.21,2025-03-08
6677,206,22,1,687.05,687.05,2025-03-08
6715,210,8,1,3484.78,3484.78,2025-03-08
7376,266,23,1,1274.76,1274.76,2025-03-08
7928,244,7,1,373.62,373.62,2025-03-08
8397,162,29,1,2430.8,2430.8,2025-03-08
8542,257,32,1,806.52,806.52,2025-03-08
9792,473,36,1,3262.33,3262.33,2025-03-08
9960,241,15,2,850.03,1700.06,2025-03-08
10608,213,22,2,687.05,1374.1,2025-03-08
391,406,31,2,2489.05,4978.1,2025-03-09
724,491,11,3,229.25,687.75,2025-03-09
1312,163,13,1,3354.9,3354.9,2025-03-09
1696,474,35,2,3867.68,7735.36,2025-03-09
1822,472,27,2,918.74,1837.48,2025-03-09
2088,205,18,1,2170.31,2170.31,2025-03-09
2575,30,19,2,1812.99,3625.98,2025-03-09
2707,66,3,1,2968.18,2968.18,2025-03-09
3635,463,19,1,1812.99,1812.99,2025-03-09
3814,370,27,1,918.74,918.74,2025-03-09
6255,302,17,2,1321.33,2642.66,2025-03-09
6573,463,19,1,1812.99,1812.99,2025-03-09
6950,406,2,1,3810.25,3810.25,2025-03-09
7121,496,13,1,3354.9,3354.9,2025-03-09
8012,15,25,1,1905.87,1905.87,2025-03-09
8200,431,29,1,2430.8,2430.8,2025-03-09
8368,191,7,1,373.62,373.62,2025-03-09
9074,69,14,1,967.51,967.51,2025-03-09
9082,459,5,1,750.67,750.67,2025-03-09
9578,213,12,2,3884.15,7768.3,2025-03-09
9760,367,33,1,400.45,400.45,2025-03-09
158,32,25,1,1905.87,1905.87,2025-03-10
813,251,16,1,856.11,856.11,2025-03-10
1345,61,9,1,2464.29,2464.29,2025-03-10
3839,270,3,1,2968.18,2968.18,2025-03-10
5027,127,25,1,1905.87,1905.87,2025-03-10
5753,62,29,1,2430.8,2430.8,2025-03-10
5953,179,35,1,3867.68,3867.68,2025-03-10
6002,386,23,1,1274.76,1274.76,2025-03-10
7912,34,1,1,1591.98,1591.98,2025-03-10
7985,439,21,1,2505.63,2505.63,2025-03-10
8514,185,29,1,2430.8,2430.8,2025-03-10
8985,157,11,1,229.25,229.25,2025-03-10
9107,53,22,2,687.05,1374.1,2025-03-10
10412,496,17,2,1321.33,2642.66,2025-03-10
10963,148,19,1,1812.99,1812.99,2025-03-10
11091,341,26,2,3172.93,6345.86,2025-03-10
11343,483,29,1,2430.8,2430.8,2025-03-10
11413,341,28,1,2129.8,2129.8,2025-03-10
1880,207,2,3,3810.25,11430.75,2025-03-11
3603,212,15,1,850.03,850.03,2025-03-11
5022,432,11,1,229.25,229.25,2025-03-11
5531,83,22,1,687.05,687.05,2025-03-11
5896,165,28,1,2129.8,2129.8,2025-03-11
6612,80,34,1,3803.21,3803.21,2025-03-11
6934,75,18,1,2170.31,2170.31,2025-03-11
8526,45,12,1,3884.15,3884.15,2025-03-11
10090,403,8,2,3484.78,6969.56,2025-03-11
10796,445,31,1,2489.05,2489.05,2025-03-11
10872,303,32,1,806.52,806.52,2025-03-11
10952,390,33,1,400.45,400.45,2025-03-11
11064,310,13,1,3354.9,3354.9,2025-03-11
11373,244,35,1,3867.68,3867.68,2025-03-11
11435,52,17,2,1321.33,2642.66,2025-03-11
11916,402,35,2,3867.68,7735.36,2025-03-11
341,34,20,1,1271.23,1271.23,2025-03-12
823,119,11,1,229.25,229.25,2025-03-12
3629,27,18,1,2170.31,2170.31,2025-03-12
4467,69,27,2,918.74,1837.48,2025-03-12
4870,444,5,1,750.67,750.67,2025-03-12
5357,291,33,1,400.45,400.45,2025-03-12
5571,279,16,2,856.11,1712.22,2025-03-12
6581,376,2,2,3810.25,7620.5,2025-03-12
7908,13,16,2,856.11,1712.22,2025-03-12
8670,488,19,2,1812.99,3625.98,2025-03-12
8877,497,7,1,373.62,373.62,2025-03-12
9356,26,33,1,400.45,400.45,2025-03-12
10497,376,36,2,3262.33,6524.66,2025-03-12
10647,385,9,1,2464.29,2464.29,2025-03-12
10691,206,25,1,1905.87,1905.87,2025-03-12
11020,494,2,1,3810.25,3810.25,2025-03-12
11291,222,11,1,229.25,229.25,2025-03-12
1229,453,32,1,806.52,806.52,2025-03-13
2506,238,16,1,856.11,856.11,2025-03-13
4544,446,7,2,373.62,747.24,2025-03-13
4691,28,11,1,229.25,229.25,2025-03-13
5210,488,23,1,1274.76,1274.76,2025-03-13
5737,56,12,1,3884.15,3884.15,2025-03-13
6150,111,25,1,1905.87,1905.87,2025-03-13
6602,195,16,1,856.11,856.11,2025-03-13
7246,279,23,2,1274.76,2549.52,2025-03-13
7936,57,14,1,967.51,967.51,2025-03-13
8014,98,26,2,3172.93,6345.86,2025-03-13
8274,163,7,1,373.62,373.62,2025-03-13
8685,249,20,1,1271.23,1271.23,2025-03-13
8934,468,29,2,2430.8,4861.6,2025-03-13
8977,8,19,1,1812.99,1812.99,2025-03-13
10204,492,21,1,2505.63,2505.63,2025-03-13
10405,286,8,2,3484.78,6969.56,2025-03-13
11998,343,22,1,687.05,687.05,2025-03-13
1897,237,1,1,1591.98,1591.98,2025-03-14
1974,80,5,1,750.67,750.67,2025-03-14
3194,473,10,1,2876.08,2876.08,2025-03-14
5516,455,24,1,1560.49,1560.49,2025-03-14
5977,130,4,1,2454.84,2454.84,2025-03-14
6099,221,28,1,2129.8,2129.8,2025-03-14
7327,456,29,2,2430.8,4861.6,2025-03-14
7803,482,18,1,2170.31,2170.31,2025-03-14
8494,46,18,1,2170.31,2170.31,2025-03-14
8955,496,29,2,2430.8,4861.6,2025-03-14
9298,443,28,1,2129.8,2129.8,2025-03-14
9360,373,11,1,229.25,229.25,2025-03-14
11693,434,4,1,2454.84,2454.84,2025-03-14
408,10,33,1,400.45,400.45,2025-03-15
745,443,22,1,687.05,687.05,2025-03-15
1783,341,31,1,2489.05,2489.05,2025-03-15
1953,406,4,1,2454.84,2454.84,2025-03-15
1990,375,5,1,750.67,750.67,2025-03-15
2817,102,10,1,2876.08,2876.08,2025-03-15
2819,151,22,1,687.05,687.05,2025-03-15
6369,92,10,1,2876.08,2876.08,2025-03-15
6830,175,9,1,2464.29,2464.29,2025-03-15
7455,433,32,1,806.52,806.52,2025-03-15
7580,350,8,1,3484.78,3484.78,2025-03-15
8630,15,25,1,1905.87,1905.87,2025-03-15
8639,324,35,1,3867.68,3867.68,2025-03-15
9436,450,14,1,967.51,967.51,2025-03-15
9584,357,19,1,1812.99,1812.99,2025-03-15
10881,83,15,1,850.03,850.03,2025-03-15
360,392,7,1,373.62,373.62,2025-03-16
364,370,1,2,1591.98,3183.96,2025-03-16
471,410,31,2,2489.05,4978.1,2025-03-16
815,270,17,1,1321.33,1321.33,2025-03-16
1667,450,27,1,918.74,918.74,2025-03-16
1725,332,6,1,750.58,750.58,2025-03-16
4253,251,2,1,3810.25,3810.25,2025-03-16
4362,288,11,1,229.25,229.25,2025-03-16
4481,148,2,1,3810.25,3810.25,2025-03-16
6052,231,27,1,918.74,918.74,2025-03-16
6456,150,25,1,1905.87,1905.87,2025-03-16
9273,416,5,2,750.67,1501.34,2025-03-16
9426,212,7,2,373.62,747.24,2025-03-16
10654,211,20,2,1271.23,2542.46,2025-03-16
11842,455,20,1,1271.23,1271.23,2025-03-16
130,183,8,1,3484.78,3484.78,2025-03-17
1034,176,33,1,400.45,400.45,2025-03-17
1618,306,4,1,2454.84,2454.84,2025-03-17
4931,361,19,2,1812.99,3625.98,2025-03-17
5233,84,20,3,1271.23,3813.69,2025-03-17
5902,373,32,2,806.52,1613.04,2025-03-17
6067,169,11,1,229.25,229.25,2025-03-17
6389,254,36,1,3262.33,3262.33,2025-03-17
8704,438,13,1,3354.9,3354.9,2025-03-17
9174,38,11,2,229.25,458.5,2025-03-17
9784,446,21,2,2505.63,5011.26,2025-03-17
10601,373,31,1,2489.05,2489.05,2025-03-17
11459,151,3,1,2968.18,2968.18,2025-03-17
379,215,14,1,967.51,967.51,2025-03-18
1595,370,8,1,3484.78,3484.78,2025-03-18
3855,268,20,1,1271.23,1271.23,2025-03-18
4332,496,34,1,3803.21,3803.21,2025-03-18
4991,35,18,1,2170.31,2170.31,2025-03-18
5157,483,30,1,328.83,328.83,2025-03-18
6558,464,36,1,3262.33,3262.33,2025-03-18
7152,278,7,1,373.62,373.62,2025-03-18
7280,183,10,2,2876.08,5752.16,2025-03-18
7311,289,27,1,918.74,918.74,2025-03-18
7523,463,32,1,806.52,806.52,2025-03-18
7689,418,25,1,1905.87,1905.87,2025-03-18
9951,487,20,1,1271.23,1271.23,2025-03-18
10071,217,34,1,3803.21,3803.21,2025-03-18
10701,238,1,1,1591.98,1591.98,2025-03-18
11879,151,3,1,2968.18,2968.18,2025-03-18
932,210,20,1,1271.23,1271.23,2025-03-19
2306,15,5,1,750.67,750.67,2025-03-19
2989,432,22,1,687.05,687.05,2025-03-19
3089,30,3,2,2968.18,5936.36,2025-03-19
3298,415,20,1,1271.23,1271.23,2025-03-19
6448,400,34,1,3803.21,3803.21,2025-03-19
7931,475,12,2,3884.15,7768.3,2025-03-19
9250,81,34,1,3803.21,3803.21,2025-03-19
9576,322,25,1,1905.87,1905.87,2025-03-19
9804,226,29,1,2430.8,2430.8,2025-03-19
9916,463,10,1,2876.08,2876.08,2025-03-19
10719,41,8,1,3484.78,3484.78,2025-03-19
11483,95,28,1,2129.8,2129.8,2025-03-19
118,238,9,1,2464.29,2464.29,2025-03-20
1551,410,2,1,3810.25,3810.25,2025-03-20
2109,15,32,1,806.52,806.52,2025-03-20
2486,134,11,2,229.25,458.5,2025-03-20
2815,157,21,3,2505.63,7516.89,2025-03-20
4098,27,32,1,806.52,806.52,2025-03-20
4306,268,18,1,2170.31,2170.31,2025-03-20
4345,361,31,1,2489.05,2489.05,2025-03-20
6177,314,22,1,687.05,687.05,2025-03-20
6579,77,28,1,2129.8,2129.8,2025-03-20
6845,392,29,1,2430.8,2430.8,2025-03-20
7446,314,2,1,3810.25,3810.25,2025-03-20
8425,261,28,2,2129.8,4259.6,2025-03-20
8633,139,25,1,1905.87,1905.87,2025-03-20
8854,231,26,1,3172.93,3172.93,2025-03-20
10177,85,8,1,3484.78,3484.78,2025-03-20
10404,418,13,2,3354.9,6709.8,2025-03-20
10747,3,9,1,2464.29,2464.29,2025-03-20
829,226,36,2,3262.33,6524.66,2025-03-21
1647,361,34,1,3803.21,3803.21,2025-03-21
2232,196,7,2,373.62,747.24,2025-03-21
3280,422,13,1,3354.9,3354.9,2025-03-21
3674,331,33,1,400.45,400.45,2025-03-21
3976,497,10,1,2876.08,2876.08,2025-03-21
4932,77,15,1,850.03,850.03,2025-03-21
4971,494,11,1,229.25,229.25,2025-03-21
4997,366,11,1,229.25,229.25,2025-03-21
5145,344,22,2,687.05,1374.1,2025-03-21
5440,35,1,1,1591.98,1591.98,2025-03-21
6189,148,6,1,750.58,750.58,2025-03-21
6380,360,29,1,2430.8,2430.8,2025-03-21
8155,80,5,2,750.67,1501.34,2025-03-21
10976,119,12,2,3884.15,7768.3,2025-03-21
11423,354,22,3,687.05,2061.15,2025-03-21
481,152,1,2,1591.98,3183.96,2025-03-22
500,81,15,1,850.03,850.03,2025-03-22
3388,103,2,2,3810.25,7620.5,2025-03-22
5264,28,31,1,2489.05,2489.05,2025-03-22
5473,355,34,1,3803.21,3803.21,2025-03-22
5811,384,14,1,967.51,967.51,2025-03-22
6128,454,16,2,856.11,1712.22,2025-03-22
6211,464,19,1,1812.99,1812.99,2025-03-22
6669,362,33,2,400.45,800.9,2025-03-22
6727,410,22,3,687.05,2061.15,2025-03-22
7976,280,15,1,850.03,850.03,2025-03-22
8755,191,32,1,806.52,806.52,2025-03-22
9367,354,17,1,1321.33,1321.33,2025-03-22
9561,15,30,1,328.83,328.83,2025-03-22
9690,346,35,2,3867.68,7735.36,2025-03-22
9967,213,32,1,806.52,806.52,2025-03-22
10621,378,24,1,1560.49,1560.49,2025-03-22
497,426,15,1,850.03,850.03,2025-03-23
689,487,12,3,3884.15,11652.45,2025-03-23
803,305,25,1,1905.87,1905.87,2025-03-23
2413,71,1,1,1591.98,1591.98,2025-03-23
4006,105,9,2,2464.29,4928.58,2025-03-23
6595,290,25,2,1905.87,3811.74,2025-03-23
8179,388,30,2,328.83,657.66,2025-03-23
9371,326,36,1,3262.33,3262.33,2025-03-23
9443,424,8,1,3484.78,3484.78,2025-03-23
9458,453,27,1,918.74,918.74,2025-03-23
9985,177,2,1,3810.25,3810.25,2025-03-23
11320,184,36,2,3262.33,6524.66,2025-03-23
11496,157,14,1,967.51,967.51,2025-03-23
21,337,31,1,2489.05,2489.05,2025-03-24
645,388,9,1,2464.29,2464.29,2025-03-24
1757,152,7,1,373.62,373.62,2025-03-24
2458,331,27,1,918.74,918.74,2025-03-24
2939,475,1,1,1591.98,1591.98,2025-03-24
3315,497,36,1,3262.33,3262.33,2025-03-24
4048,263,34,1,3803.21,3803.21,2025-03-24
5299,219,26,1,3172.93,3172.93,2025-03-24
5986,453,21,1,2505.63,2505.63,2025-03-24
6786,73,10,1,2876.08,2876.08,2025-03-24
8776,491,29,1,2430.8,2430.8,2025-03-24
10174,125,29,1,2430.8,2430.8,2025-03-24
10294,440,31,1,2489.05,2489.05,2025-03-24
10960,32,31,1,2489.05,2489.05,2025-03-24
11961,203,35,1,3867.68,3867.68,2025-03-24
11975,452,13,2,3354.9,6709.8,2025-03-24
582,436,29,2,2430.8,4861.6,2025-03-25
1369,191,19,1,1812.99,1812.99,2025-03-25
1890,384,19,1,1812.99,1812.99,2025-03-25
3692,497,19,1,1812.99,1812.99,2025-03-25
4129,111,12,1,3884.15,3884.15,2025-03-25
4538,323,33,3,400.45,1201.35,2025-03-25
5374,408,7,3,373.62,1120.86,2025-03-25
6297,459,19,1,1812.99,1812.99,2025-03-25
6814,292,3,1,2968.18,2968.18,2025-03-25
7295,477,31,1,2489.05,2489.05,2025-03-25
7582,443,22,1,687.05,687.05,2025-03-25
8489,478,23,2,1274.76,2549.52,2025-03-25
8595,37,4,1,2454.84,2454.84,2025-03-25
10203,207,25,1,1905.87,1905.87,2025-03-25
10316,366,34,1,3803.21,3803.21,2025-03-25
10665,105,14,2,967.51,1935.02,2025-03-25
11273,366,27,2,918.74,1837.48,2025-03-25
11681,385,1,1,1591.98,1591.98,2025-03-25
89,392,22,1,687.05,687.05,2025-03-26
805,141,22,1,687.05,687.05,2025-03-26
2020,38,15,1,850.03,850.03,2025-03-26
2534,360,17,1,1321.33,1321.33,2025-03-26
3498,410,5,1,750.67,750.67,2025-03-26
4573,257,27,1,918.74,918.74,2025-03-26
5949,477,36,1,3262.33,3262.33,2025-03-26
6262,341,8,1,3484.78,3484.78,2025-03-26
6469,291,2,1,3810.25,3810.25,2025-03-26
6951,210,13,2,3354.9,6709.8,2025-03-26
7416,218,23,1,1274.76,1274.76,2025-03-26
10444,236,13,2,3354.9,6709.8,2025-03-26
10475,188,23,1,1274.76,1274.76,2025-03-26
11063,137,11,2,229.25,458.5,2025-03-26
11692,165,13,1,3354.9,3354.9,2025-03-26
11733,426,28,1,2129.8,2129.8,2025-03-26
11940,349,34,1,3803.21,3803.21,2025-03-26
662,167,36,2,3262.33,6524.66,2025-03-27
1115,100,12,2,3884.15,7768.3,2025-03-27
1877,105,31,1,2489.05,2489.05,2025-03-27
1971,18,13,1,3354.9,3354.9,2025-03-27
2974,127,33,2,400.45,800.9,2025-03-27
4377,88,20,1,1271.23,1271.23,2025-03-27
5221,320,34,3,3803.21,11409.63,2025-03-27
5680,69,13,1,3354.9,3354.9,2025-03-27
7927,179,24,2,1560.49,3120.98,2025-03-27
8056,211,20,1,1271.23,1271.23,2025-03-27
10461,269,20,2,1271.23,2542.46,2025-03-27
10547,109,14,1,967.51,967.51,2025-03-27
14,57,25,1,1905.87,1905.87,2025-03-28
155,80,15,1,850.03,850.03,2025-03-28
448,410,12,1,3884.15,3884.15,2025-03-28
542,278,30,1,328.83,328.83,2025-03-28
1286,27,31,1,2489.05,2489.05,2025-03-28
2644,122,29,1,2430.8,2430.8,2025-03-28
3986,21,13,2,3354.9,6709.8,2025-03-28
4374,220,18,2,2170.31,4340.62,2025-03-28
4652,215,24,1,1560.49,1560.49,2025-03-28
5238,151,26,1,3172.93,3172.93,2025-03-28
5704,500,34,1,3803.21,3803.21,2025-03-28
5885,445,1,2,1591.98,3183.96,2025-03-28
6484,371,15,1,850.03,850.03,2025-03-28
6874,230,16,2,856.11,1712.22,2025-03-28
7308,208,34,1,3803.21,3803.21,2025-03-28
7529,455,28,1,2129.8,2129.8,2025-03-28
7764,247,18,1,2170.31,2170.31,2025-03-28
8260,235,11,1,229.25,229.25,2025-03-28
8846,324,22,2,687.05,1374.1,2025-03-28
9206,20,23,2,1274.76,2549.52,2025-03-28
9989,92,21,2,2505.63,5011.26,2025-03-28
10158,439,22,1,687.05,687.05,2025-03-28
10795,497,15,1,850.03,850.03,2025-03-28
11083,440,2,2,3810.25,7620.5,2025-03-28
11101,427,34,1,3803.21,3803.21,2025-03-28
11830,433,17,1,1321.33,1321.33,2025-03-28
2638,286,20,1,1271.23,1271.23,2025-03-29
3176,227,8,1,3484.78,3484.78,2025-03-29
3953,18,7,1,373.62,373.62,2025-03-29
4076,348,28,2,2129.8,4259.6,2025-03-29
4247,366,26,1,3172.93,3172.93,2025-03-29
5750,500,11,1,229.25,229.25,2025-03-29
6057,165,24,1,1560.49,1560.49,2025-03-29
6288,150,10,1,2876.08,2876.08,2025-03-29
6837,85,15,1,850.03,850.03,2025-03-29
11844,341,10,1,2876.08,2876.08,2025-03-29
11881,104,25,1,1905.87,1905.87,2025-03-29
122,158,16,1,856.11,856.11,2025-03-30
272,438,25,1,1905.87,1905.87,2025-03-30
650,253,25,2,1905.87,3811.74,2025-03-30
856,183,2,1,3810.25,3810.25,2025-03-30
2299,45,32,1,806.52,806.52,2025-03-30
3019,179,9,1,2464.29,2464.29,2025-03-30
4805,80,33,2,400.45,800.9,2025-03-30
5748,80,3,2,2968.18,5936.36,2025-03-30
5972,214,30,1,328.83,328.83,2025-03-30
6321,255,1,2,1591.98,3183.96,2025-03-30
7049,278,2,1,3810.25,3810.25,2025-03-30
7869,51,30,1,328.83,328.83,2025-03-30
8912,287,6,1,750.58,750.58,2025-03-30
9389,386,11,2,229.25,458.5,2025-03-30
10059,395,11,1,229.25,229.25,2025-03-30
10336,324,30,1,328.83,328.83,2025-03-30
10385,104,33,1,400.45,400.45,2025-03-30
10441,487,21,1,2505.63,2505.63,2025-03-30
10488,257,35,1,3867.68,3867.68,2025-03-30
11147,402,26,1,3172.93,3172.93,2025-03-30
11171,364,23,1,1274.76,1274.76,2025-03-30
273,237,21,1,2505.63,2505.63,2025-03-31
3920,6,3,1,2968.18,2968.18,2025-03-31
3967,471,36,1,3262.33,3262.33,2025-03-31
4945,279,10,1,2876.08,2876.08,2025-03-31
5456,40,26,2,3172.93,6345.86,2025-03-31
5657,384,13,2,3354.9,6709.8,2025-03-31
7192,103,2,2,3810.25,7620.5,2025-03-31
7348,61,9,1,2464.29,2464.29,2025-03-31
7515,25,1,2,1591.98,3183.96,2025-03-31
8306,21,18,1,2170.31,2170.31,2025-03-31
10101,500,12,1,3884.15,3884.15,2025-03-31
10692,366,3,1,2968.18,2968.18,2025-03-31
10700,289,10,1,2876.08,2876.08,2025-03-31
1292,77,17,1,1321.33,1321.33,2025-04-01
1736,356,10,2,2876.08,5752.16,2025-04-01
2315,183,15,1,850.03,850.03,2025-04-01
2531,459,2,2,3810.25,7620.5,2025-04-01
2678,10,30,1,328.83,328.83,2025-04-01
3258,65,5,2,750.67,1501.34,2025-04-01
3395,392,15,1,850.03,850.03,2025-04-01
3445,153,13,1,3354.9,3354.9,2025-04-01
4326,226,29,1,2430.8,2430.8,2025-04-01
4629,353,6,1,750.58,750.58,2025-04-01
5246,250,5,1,750.67,750.67,2025-04-01
5712,360,26,2,3172.93,6345.86,2025-04-01
5725,203,3,1,2968.18,2968.18,2025-04-01
5744,311,4,1,2454.84,2454.84,2025-04-01
6567,72,25,1,1905.87,1905.87,2025-04-01
6938,436,6,1,750.58,750.58,2025-04-01
7110,427,11,1,229.25,229.25,2025-04-01
7664,446,36,1,3262.33,3262.33,2025-04-01
8146,278,25,1,1905.87,1905.87,2025-04-01
8852,225,33,1,400.45,400.45,2025-04-01
9577,440,25,1,1905.87,1905.87,2025-04-01
11984,104,22,1,687.05,687.05,2025-04-01
64,496,8,3,3484.78,10454.34,2025-04-02
826,485,8,1,3484.78,3484.78,2025-04-02
1240,463,24,1,1560.49,1560.49,2025-04-02
1272,464,31,2,2489.05,4978.1,2025-04-02
1362,396,36,1,3262.33,3262.33,2025-04-02
3024,497,21,1,2505.63,2505.63,2025-04-02
3656,77,31,1,2489.05,2489.05,2025-04-02
3898,316,27,2,918.74,1837.48,2025-04-02
4965,392,23,1,1274.76,1274.76,2025-04-02
7298,381,20,1,1271.23,1271.23,2025-04-02
8352,244,25,1,1905.87,1905.87,2025-04-02
8972,162,5,1,750.67,750.67,2025-04-02
9716,425,11,2,229.25,458.5,2025-04-02
10774,394,25,1,1905.87,1905.87,2025-04-02
10904,496,5,1,750.67,750.67,2025-04-02
11443,40,13,2,3354.9,6709.8,2025-04-02
11794,147,24,2,1560.49,3120.98,2025-04-02
3021,396,25,1,1905.87,1905.87,2025-04-03
4263,168,8,2,3484.78,6969.56,2025-04-03
324,226,24,1,1560.49,1560.49,2025-04-04
532,168,31,1,2489.05,2489.05,2025-04-04
653,213,24,1,1560.49,1560.49,2025-04-04
1328,409,17,1,1321.33,1321.33,2025-04-04
1619,91,2,1,3810.25,3810.25,2025-04-04
1699,499,28,1,2129.8,2129.8,2025-04-04
2568,398,15,1,850.03,850.03,2025-04-04
3187,151,18,1,2170.31,2170.31,2025-04-04
3547,415,22,1,687.05,687.05,2025-04-04
5148,360,16,1,856.11,856.11,2025-04-04
6907,274,34,2,3803.21,7606.42,2025-04-04
7264,331,25,2,1905.87,3811.74,2025-04-04
7840,373,21,1,2505.63,2505.63,2025-04-04
8531,278,14,1,967.51,967.51,2025-04-04
8752,252,20,2,1271.23,2542.46,2025-04-04
10566,252,33,2,400.45,800.9,2025-04-04
564,163,21,2,2505.63,5011.26,2025-04-05
686,440,24,1,1560.49,1560.49,2025-04-05
923,443,9,2,2464.29,4928.58,2025-04-05
1001,410,30,1,328.83,328.83,2025-04-05
1418,446,19,1,1812.99,1812.99,2025-04-05
1781,411,16,3,856.11,2568.33,2025-04-05
1886,483,26,2,3172.93,6345.86,2025-04-05
2251,363,15,1,850.03,850.03,2025-04-05
3879,412,36,1,3262.33,3262.33,2025-04-05
4153,354,35,1,3867.68,3867.68,2025-04-05
5029,409,29,1,2430.8,2430.8,2025-04-05
5313,478,8,2,3484.78,6969.56,2025-04-05
6055,221,30,1,328.83,328.83,2025-04-05
6686,341,9,1,2464.29,2464.29,2025-04-05
7009,164,34,1,3803.21,3803.21,2025-04-05
7583,145,19,2,1812.99,3625.98,2025-04-05
9223,426,29,1,2430.8,2430.8,2025-04-05
9328,85,11,1,229.25,229.25,2025-04-05
9590,86,2,1,3810.25,3810.25,2025-04-05
9903,132,22,1,687.05,687.05,2025-04-05
10620,263,32,1,806.52,806.52,2025-04-05
11222,217,22,1,687.05,687.05,2025-04-05
11597,494,34,1,3803.21,3803.21,2025-04-05
572,119,26,2,3172.93,6345.86,2025-04-06
692,496,9,1,2464.29,2464.29,2025-04-06
1052,205,6,1,750.58,750.58,2025-04-06
1590,198,24,1,1560.49,1560.49,2025-04-06
3079,361,29,1,2430.8,2430.8,2025-04-06
3295,159,29,2,2430.8,4861.6,2025-04-06
3846,384,34,1,3803.21,3803.21,2025-04-06
3924,348,19,1,1812.99,1812.99,2025-04-06
5400,147,14,2,967.51,1935.02,2025-04-06
6402,20,35,2,3867.68,7735.36,2025-04-06
8046,99,35,1,3867.68,3867.68,2025-04-06
9325,483,16,2,856.11,1712.22,2025-04-06
9518,443,18,1,2170.31,2170.31,2025-04-06
11404,275,16,1,856.11,856.11,2025-04-06
329,69,32,2,806.52,1613.04,2025-04-07
365,324,9,2,2464.29,4928.58,2025-04-07
884,373,20,2,1271.23,2542.46,2025-04-07
1933,279,13,1,3354.9,3354.9,2025-04-07
2257,464,22,2,687.05,1374.1,2025-04-07
2805,214,15,1,850.03,850.03,2025-04-07
4558,494,8,1,3484.78,3484.78,2025-04-07
4587,164,20,1,1271.23,1271.23,2025-04-07
4797,115,12,1,3884.15,3884.15,2025-04-07
5615,463,36,2,3262.33,6524.66,2025-04-07
7123,188,32,1,806.52,806.52,2025-04-07
7500,51,30,2,328.83,657.66,2025-04-07
7617,17,32,1,806.52,806.52,2025-04-07
8111,270,28,1,2129.8,2129.8,2025-04-07
9290,310,8,1,3484.78,3484.78,2025-04-07
11547,150,26,1,3172.93,3172.93,2025-04-07
2272,8,29,1,2430.8,2430.8,2025-04-08
3052,210,36,1,3262.33,3262.33,2025-04-08
3107,235,2,1,3810.25,3810.25,2025-04-08
3155,323,2,2,3810.25,7620.5,2025-04-08
4036,266,1,1,1591.98,1591.98,2025-04-08
4262,254,12,1,3884.15,3884.15,2025-04-08
5536,148,9,1,2464.29,2464.29,2025-04-08
6527,235,36,1,3262.33,3262.33,2025-04-08
9643,143,8,2,3484.78,6969.56,2025-04-08
9752,345,24,2,1560.49,3120.98,2025-04-08
10898,56,27,1,918.74,918.74,2025-04-08
258,304,20,1,1271.23,1271.23,2025-04-09
357,359,14,1,967.51,967.51,2025-04-09
434,17,10,1,2876.08,2876.08,2025-04-09
983,495,6,1,750.58,750.58,2025-04-09
1294,194,6,2,750.58,1501.16,2025-04-09
2111,221,15,1,850.03,850.03,2025-04-09
3562,17,36,2,3262.33,6524.66,2025-04-09
4158,486,34,2,3803.21,7606.42,2025-04-09
4598,57,3,2,2968.18,5936.36,2025-04-09
5068,128,29,2,2430.8,4861.6,2025-04-09
5208,434,11,1,229.25,229.25,2025-04-09
5443,169,25,1,1905.87,1905.87,2025-04-09
6161,118,17,1,1321.33,1321.33,2025-04-09
6381,429,35,1,3867.68,3867.68,2025-04-09
6521,429,7,1,373.62,373.62,2025-04-09
6910,379,21,1,2505.63,2505.63,2025-04-09
7244,195,12,1,3884.15,3884.15,2025-04-09
7324,165,34,1,3803.21,3803.21,2025-04-09
7333,464,8,1,3484.78,3484.78,2025-04-09
9471,56,34,1,3803.21,3803.21,2025-04-09
9931,377,33,2,400.45,800.9,2025-04-09
10366,422,7,1,373.62,373.62,2025-04-09
10590,6,5,3,750.67,2252.01,2025-04-09
10695,368,35,1,3867.68,3867.68,2025-04-09
10713,78,28,3,2129.8,6389.4,2025-04-09
227,262,21,1,2505.63,2505.63,2025-04-10
285,101,25,2,1905.87,3811.74,2025-04-10
1260,161,15,1,850.03,850.03,2025-04-10
1942,376,10,1,2876.08,2876.08,2025-04-10
3046,114,20,1,1271.23,1271.23,2025-04-10
3466,483,8,1,3484.78,3484.78,2025-04-10
3725,496,2,2,3810.25,7620.5,2025-04-10
4601,434,10,1,2876.08,2876.08,2025-04-10
5025,66,12,2,3884.15,7768.3,2025-04-10
5477,485,28,1,2129.8,2129.8,2025-04-10
5557,115,27,1,918.74,918.74,2025-04-10
6017,324,6,1,750.58,750.58,2025-04-10
6629,360,4,1,2454.84,2454.84,2025-04-10
6926,158,2,1,3810.25,3810.25,2025-04-10
7633,123,28,1,2129.8,2129.8,2025-04-10
8879,436,14,1,967.51,967.51,2025-04-10
9076,111,29,3,2430.8,7292.4,2025-04-10
9194,343,29,1,2430.8,2430.8,2025-04-10
9260,54,29,2,2430.8,4861.6,2025-04-10
9396,350,15,1,850.03,850.03,2025-04-10
9676,364,11,1,229.25,229.25,2025-04-10
9917,323,7,1,373.62,373.62,2025-04-10
11130,500,10,1,2876.08,2876.08,2025-04-10
11422,396,5,1,750.67,750.67,2025-04-10
70,121,32,1,806.52,806.52,2025-04-11
1499,104,4,1,2454.84,2454.84,2025-04-11
1752,160,11,1,229.25,229.25,2025-04-11
2139,197,35,1,3867.68,3867.68,2025-04-11
2840,400,14,1,967.51,967.51,2025-04-11
4034,25,25,1,1905.87,1905.87,2025-04-11
4683,39,14,2,967.51,1935.02,2025-04-11
4888,85,19,1,1812.99,1812.99,2025-04-11
5020,377,33,2,400.45,800.9,2025-04-11
7997,64,13,1,3354.9,3354.9,2025-04-11
8792,349,9,3,2464.29,7392.87,2025-04-11
9351,471,5,1,750.67,750.67,2025-04-11
10553,485,19,1,1812.99,1812.99,2025-04-11
44,147,24,2,1560.49,3120.98,2025-04-12
92,163,22,1,687.05,687.05,2025-04-12
1076,313,8,1,3484.78,3484.78,2025-04-12
1298,205,23,1,1274.76,1274.76,2025-04-12
1972,222,32,2,806.52,1613.04,2025-04-12
2185,79,13,2,3354.9,6709.8,2025-04-12
2666,244,26,2,3172.93,6345.86,2025-04-12
2921,402,24,1,1560.49,1560.49,2025-04-12
2946,212,3,1,2968.18,2968.18,2025-04-12
3972,302,22,3,687.05,2061.15,2025-04-12
4559,243,25,2,1905.87,3811.74,2025-04-12
5344,461,1,1,1591.98,1591.98,2025-04-12
5969,473,23,1,1274.76,1274.76,2025-04-12
7679,97,32,1,806.52,806.52,2025-04-12
8100,115,35,1,3867.68,3867.68,2025-04-12
8406,78,3,2,2968.18,5936.36,2025-04-12
11275,436,19,1,1812.99,1812.99,2025-04-12
11850,35,32,1,806.52,806.52,2025-04-12
11926,306,10,1,2876.08,2876.08,2025-04-12
732,412,13,1,3354.9,3354.9,2025-04-13
781,409,14,1,967.51,967.51,2025-04-13
1022,406,13,2,3354.9,6709.8,2025-04-13
1660,488,19,1,1812.99,1812.99,2025-04-13
1805,32,4,1,2454.84,2454.84,2025-04-13
1864,454,13,2,3354.9,6709.8,2025-04-13
2795,8,19,2,1812.99,3625.98,2025-04-13
3073,263,14,2,967.51,1935.02,2025-04-13
3080,343,13,1,3354.9,3354.9,2025-04-13
3821,83,33,1,400.45,400.45,2025-04-13
4437,429,10,1,2876.08,2876.08,2025-04-13
4542,497,15,1,850.03,850.03,2025-04-13
5482,217,1,1,1591.98,1591.98,2025-04-13
5621,147,9,1,2464.29,2464.29,2025-04-13
5658,384,28,2,2129.8,4259.6,2025-04-13
6488,416,33,2,400.45,800.9,2025-04-13
6787,416,4,1,2454.84,2454.84,2025-04-13
7690,418,34,1,3803.21,3803.21,2025-04-13
10094,356,1,1,1591.98,1591.98,2025-04-13
11640,183,28,3,2129.8,6389.4,2025-04-13
335,237,13,1,3354.9,3354.9,2025-04-14
1946,323,28,2,2129.8,4259.6,2025-04-14
2220,169,8,1,3484.78,3484.78,2025-04-14
2591,357,16,1,856.11,856.11,2025-04-14
3750,498,6,1,750.58,750.58,2025-04-14
4640,464,10,1,2876.08,2876.08,2025-04-14
5494,34,26,1,3172.93,3172.93,2025-04-14
5695,141,29,2,2430.8,4861.6,2025-04-14
6833,142,10,2,2876.08,5752.16,2025-04-14
7813,16,11,1,229.25,229.25,2025-04-14
9359,8,26,1,3172.93,3172.93,2025-04-14
9873,482,18,1,2170.31,2170.31,2025-04-14
10105,340,35,1,3867.68,3867.68,2025-04-14
11465,255,22,2,687.05,1374.1,2025-04-14
11711,157,10,2,2876.08,5752.16,2025-04-14
149,56,1,1,1591.98,1591.98,2025-04-15
483,307,10,1,2876.08,2876.08,2025-04-15
1129,496,5,1,750.67,750.67,2025-04-15
1534,399,5,2,750.67,1501.34,2025-04-15
1967,57,19,2,1812.99,3625.98,2025-04-15
3018,363,4,2,2454.84,4909.68,2025-04-15
4821,156,10,1,2876.08,2876.08,2025-04-15
6058,91,16,1,856.11,856.11,2025-04-15
8861,108,9,1,2464.29,2464.29,2025-04-15
9493,197,35,1,3867.68,3867.68,2025-04-15
11651,212,29,1,2430.8,2430.8,2025-04-15
494,193,28,1,2129.8,2129.8,2025-04-16
1350,229,36,1,3262.33,3262.33,2025-04-16
1480,162,20,2,1271.23,2542.46,2025-04-16
4080,53,23,1,1274.76,1274.76,2025-04-16
4283,335,16,1,856.11,856.11,2025-04-16
4763,81,4,2,2454.84,4909.68,2025-04-16
5876,68,21,2,2505.63,5011.26,2025-04-16
6519,45,1,2,1591.98,3183.96,2025-04-16
7008,370,4,1,2454.84,2454.84,2025-04-16
7672,278,22,1,687.05,687.05,2025-04-16
8211,75,21,1,2505.63,2505.63,2025-04-16
9022,475,8,1,3484.78,3484.78,2025-04-16
9709,17,11,1,229.25,229.25,2025-04-16
9772,265,11,2,229.25,458.5,2025-04-16
10018,354,12,1,3884.15,3884.15,2025-04-16
11197,483,14,1,967.51,967.51,2025-04-16
11313,479,24,2,1560.49,3120.98,2025-04-16
11430,143,10,1,2876.08,2876.08,2025-04-16
11519,323,2,1,3810.25,3810.25,2025-04-16
11988,483,33,1,400.45,400.45,2025-04-16
34,450,2,1,3810.25,3810.25,2025-04-17
146,440,32,1,806.52,806.52,2025-04-17
663,10,10,1,2876.08,2876.08,2025-04-17
1690,464,3,1,2968.18,2968.18,2025-04-17
3360,288,35,1,3867.68,3867.68,2025-04-17
4577,463,6,1,750.58,750.58,2025-04-17
5164,429,36,1,3262.33,3262.33,2025-04-17
7577,301,35,1,3867.68,3867.68,2025-04-17
7724,34,9,2,2464.29,4928.58,2025-04-17
7737,141,20,1,1271.23,1271.23,2025-04-17
9655,488,32,2,806.52,1613.04,2025-04-17
9767,126,13,1,3354.9,3354.9,2025-04-17
9981,410,16,1,856.11,856.11,2025-04-17
9996,116,24,2,1560.49,3120.98,2025-04-17
11650,20,29,1,2430.8,2430.8,2025-04-17
11656,257,24,1,1560.49,1560.49,2025-04-17
5,119,36,1,3262.33,3262.33,2025-04-18
560,245,35,1,3867.68,3867.68,2025-04-18
1302,238,34,1,3803.21,3803.21,2025-04-18
1770,368,20,1,1271.23,1271.23,2025-04-18
2277,150,2,2,3810.25,7620.5,2025-04-18
3394,448,9,1,2464.29,2464.29,2025-04-18
5513,261,15,1,850.03,850.03,2025-04-18
5773,254,10,1,2876.08,2876.08,2025-04-18
6184,119,35,1,3867.68,3867.68,2025-04-18
6362,497,10,2,2876.08,5752.16,2025-04-18
7189,329,2,1,3810.25,3810.25,2025-04-18
7673,276,5,2,750.67,1501.34,2025-04-18
7719,483,35,1,3867.68,3867.68,2025-04-18
9239,18,16,2,856.11,1712.22,2025-04-18
10442,323,3,1,2968.18,2968.18,2025-04-18
10993,252,33,2,400.45,800.9,2025-04-18
11509,392,12,2,3884.15,7768.3,2025-04-18
11531,434,15,1,850.03,850.03,2025-04-18
11664,15,7,1,373.62,373.62,2025-04-18
1405,249,16,1,856.11,856.11,2025-04-19
1739,483,4,1,2454.84,2454.84,2025-04-19
2775,488,19,1,1812.99,1812.99,2025-04-19
3903,86,24,1,1560.49,1560.49,2025-04-19
4059,301,19,1,1812.99,1812.99,2025-04-19
4585,268,25,1,1905.87,1905.87,2025-04-19
4943,343,25,1,1905.87,1905.87,2025-04-19
5558,301,28,2,2129.8,4259.6,2025-04-19
5785,317,26,1,3172.93,3172.93,2025-04-19
7944,179,18,2,2170.31,4340.62,2025-04-19
8300,254,13,1,3354.9,3354.9,2025-04-19
8565,20,13,1,3354.9,3354.9,2025-04-19
10411,472,33,2,400.45,800.9,2025-04-19
11334,229,28,2,2129.8,4259.6,2025-04-19
244,112,15,1,850.03,850.03,2025-04-20
529,230,24,1,1560.49,1560.49,2025-04-20
988,8,6,1,750.58,750.58,2025-04-20
2193,5,17,1,1321.33,1321.33,2025-04-20
2670,162,5,1,750.67,750.67,2025-04-20
2924,487,32,3,806.52,2419.56,2025-04-20
3434,436,7,1,373.62,373.62,2025-04-20
5133,368,22,1,687.05,687.05,2025-04-20
5423,298,12,1,3884.15,3884.15,2025-04-20
5563,99,33,2,400.45,800.9,2025-04-20
6615,289,26,1,3172.93,3172.93,2025-04-20
7126,280,17,1,1321.33,1321.33,2025-04-20
7326,278,20,1,1271.23,1271.23,2025-04-20
7483,439,21,2,2505.63,5011.26,2025-04-20
7735,99,31,1,2489.05,2489.05,2025-04-20
9404,148,28,1,2129.8,2129.8,2025-04-20
10088,47,36,1,3262.33,3262.33,2025-04-20
10778,438,5,1,750.67,750.67,2025-04-20
11425,184,5,1,750.67,750.67,2025-04-20
11595,258,13,1,3354.9,3354.9,2025-04-20
11821,382,20,1,1271.23,1271.23,2025-04-20
1249,147,2,1,3810.25,3810.25,2025-04-21
2181,193,14,1,967.51,967.51,2025-04-21
2535,134,14,2,967.51,1935.02,2025-04-21
4416,496,2,1,3810.25,3810.25,2025-04-21
4728,207,10,1,2876.08,2876.08,2025-04-21
4883,289,19,1,1812.99,1812.99,2025-04-21
5051,35,23,1,1274.76,1274.76,2025-04-21
5493,198,25,2,1905.87,3811.74,2025-04-21
5585,51,35,1,3867.68,3867.68,2025-04-21
7518,418,3,1,2968.18,2968.18,2025-04-21
9244,354,5,1,750.67,750.67,2025-04-21
9615,46,8,1,3484.78,3484.78,2025-04-21
11386,410,10,3,2876.08,8628.24,2025-04-21
924,234,1,1,1591.98,1591.98,2025-04-22
1448,147,11,1,229.25,229.25,2025-04-22
1454,53,30,1,328.83,328.83,2025-04-22
2252,491,8,1,3484.78,3484.78,2025-04-22
2711,370,24,1,1560.49,1560.49,2025-04-22
6040,496,15,1,850.03,850.03,2025-04-22
10446,308,12,2,3884.15,7768.3,2025-04-22
11089,285,10,1,2876.08,2876.08,2025-04-22
908,15,1,1,1591.98,1591.98,2025-04-23
1016,376,12,1,3884.15,3884.15,2025-04-23
3963,285,19,2,1812.99,3625.98,2025-04-23
5205,32,13,2,3354.9,6709.8,2025-04-23
6172,494,20,1,1271.23,1271.23,2025-04-23
7383,464,28,2,2129.8,4259.6,2025-04-23
7522,195,14,1,967.51,967.51,2025-04-23
7909,153,24,3,1560.49,4681.47,2025-04-23
8144,483,36,1,3262.33,3262.33,2025-04-23
9559,108,5,1,750.67,750.67,2025-04-23
10419,205,17,2,1321.33,2642.66,2025-04-23
11245,412,10,1,2876.08,2876.08,2025-04-23
11253,475,15,2,850.03,1700.06,2025-04-23
213,259,23,1,1274.76,1274.76,2025-04-24
1213,230,33,1,400.45,400.45,2025-04-24
4145,158,7,2,373.62,747.24,2025-04-24
4205,434,30,1,328.83,328.83,2025-04-24
6594,99,16,1,856.11,856.11,2025-04-24
7576,448,16,1,856.11,856.11,2025-04-24
9241,376,5,1,750.67,750.67,2025-04-24
9992,468,36,2,3262.33,6524.66,2025-04-24
10104,237,35,1,3867.68,3867.68,2025-04-24
11010,450,5,1,750.67,750.67,2025-04-24
98,331,31,1,2489.05,2489.05,2025-04-25
541,105,36,1,3262.33,3262.33,2025-04-25
658,431,27,1,918.74,918.74,2025-04-25
1456,6,1,1,1591.98,1591.98,2025-04-25
3003,497,34,1,3803.21,3803.21,2025-04-25
3465,99,8,2,3484.78,6969.56,2025-04-25
4518,289,24,1,1560.49,1560.49,2025-04-25
5067,57,27,1,918.74,918.74,2025-04-25
5070,270,32,2,806.52,1613.04,2025-04-25
5909,484,19,1,1812.99,1812.99,2025-04-25
6409,158,15,1,850.03,850.03,2025-04-25
6732,474,26,1,3172.93,3172.93,2025-04-25
7363,376,19,1,1812.99,1812.99,2025-04-25
9401,252,25,1,1905.87,1905.87,2025-04-25
761,210,28,2,2129.8,4259.6,2025-04-26
2777,83,34,1,3803.21,3803.21,2025-04-26
4067,263,15,1,850.03,850.03,2025-04-26
4891,20,8,1,3484.78,3484.78,2025-04-26
5528,153,8,1,3484.78,3484.78,2025-04-26
5611,122,6,1,750.58,750.58,2025-04-26
6076,351,28,1,2129.8,2129.8,2025-04-26
6477,78,15,1,850.03,850.03,2025-04-26
7473,221,21,2,2505.63,5011.26,2025-04-26
9055,377,17,1,1321.33,1321.33,2025-04-26
9059,496,23,1,1274.76,1274.76,2025-04-26
9264,406,13,1,3354.9,3354.9,2025-04-26
9665,438,31,1,2489.05,2489.05,2025-04-26
10506,310,11,1,229.25,229.25,2025-04-26
11003,45,21,1,2505.63,2505.63,2025-04-26
11670,310,32,1,806.52,806.52,2025-04-26
11874,355,22,2,687.05,1374.1,2025-04-26
11948,252,27,2,918.74,1837.48,2025-04-26
1120,27,4,1,2454.84,2454.84,2025-04-27
1265,418,16,1,856.11,856.11,2025-04-27
2522,410,11,1,229.25,229.25,2025-04-27
2763,483,27,1,918.74,918.74,2025-04-27
3549,357,16,1,856.11,856.11,2025-04-27
3672,487,31,1,2489.05,2489.05,2025-04-27
3835,325,22,1,687.05,687.05,2025-04-27
4695,226,10,2,2876.08,5752.16,2025-04-27
4866,496,24,1,1560.49,1560.49,2025-04-27
5333,402,25,1,1905.87,1905.87,2025-04-27
5469,147,10,1,2876.08,2876.08,2025-04-27
6306,316,35,1,3867.68,3867.68,2025-04-27
6423,418,7,1,373.62,373.62,2025-04-27
6684,115,21,1,2505.63,2505.63,2025-04-27
7743,59,21,1,2505.63,2505.63,2025-04-27
7926,221,1,2,1591.98,3183.96,2025-04-27
10235,91,7,1,373.62,373.62,2025-04-27
11127,377,30,1,328.83,328.83,2025-04-27
42,387,16,1,856.11,856.11,2025-04-28
711,92,12,1,3884.15,3884.15,2025-04-28
1317,212,18,1,2170.31,2170.31,2025-04-28
2159,342,30,2,328.83,657.66,2025-04-28
2354,406,26,1,3172.93,3172.93,2025-04-28
2784,119,7,1,373.62,373.62,2025-04-28
3425,481,35,1,3867.68,3867.68,2025-04-28
5058,99,5,2,750.67,1501.34,2025-04-28
5793,286,6,1,750.58,750.58,2025-04-28
6745,19,18,1,2170.31,2170.31,2025-04-28
8700,95,30,1,328.83,328.83,2025-04-28
9854,210,26,2,3172.93,6345.86,2025-04-28
10129,207,20,1,1271.23,1271.23,2025-04-28
10545,476,32,1,806.52,806.52,2025-04-28
10992,326,3,1,2968.18,2968.18,2025-04-28
11332,186,36,1,3262.33,3262.33,2025-04-28
11630,184,27,1,918.74,918.74,2025-04-28
11644,60,15,3,850.03,2550.09,2025-04-28
11891,440,6,1,750.58,750.58,2025-04-28
11911,301,11,1,229.25,229.25,2025-04-28
11964,450,17,1,1321.33,1321.33,2025-04-28
792,429,24,1,1560.49,1560.49,2025-04-29
1400,320,34,1,3803.21,3803.21,2025-04-29
2519,454,13,1,3354.9,3354.9,2025-04-29
2614,438,33,1,400.45,400.45,2025-04-29
3050,331,17,1,1321.33,1321.33,2025-04-29
3860,56,20,1,1271.23,1271.23,2025-04-29
3938,302,32,1,806.52,806.52,2025-04-29
4084,226,34,1,3803.21,3803.21,2025-04-29
5083,222,15,1,850.03,850.03,2025-04-29
5512,469,11,3,229.25,687.75,2025-04-29
6721,440,8,1,3484.78,3484.78,2025-04-29
7287,111,27,1,918.74,918.74,2025-04-29
8088,376,11,2,229.25,458.5,2025-04-29
8243,200,14,1,967.51,967.51,2025-04-29
9204,280,17,1,1321.33,1321.33,2025-04-29
9274,355,21,1,2505.63,2505.63,2025-04-29
9957,402,4,1,2454.84,2454.84,2025-04-29
10924,69,11,1,229.25,229.25,2025-04-29
11133,499,13,1,3354.9,3354.9,2025-04-29
11280,197,1,1,1591.98,1591.98,2025-04-29
11407,461,36,2,3262.33,6524.66,2025-04-29
11494,329,7,2,373.62,747.24,2025-04-29
1074,49,24,2,1560.49,3120.98,2025-04-30
1098,236,21,1,2505.63,2505.63,2025-04-30
2680,100,14,1,967.51,967.51,2025-04-30
2880,52,22,2,687.05,1374.1,2025-04-30
4523,35,35,2,3867.68,7735.36,2025-04-30
4756,156,17,2,1321.33,2642.66,2025-04-30
5141,268,32,1,806.52,806.52,2025-04-30
5430,349,32,1,806.52,806.52,2025-04-30
5641,175,17,1,1321.33,1321.33,2025-04-30
5700,353,11,2,229.25,458.5,2025-04-30
6676,104,28,1,2129.8,2129.8,2025-04-30
6818,221,29,1,2430.8,2430.8,2025-04-30
7489,191,13,1,3354.9,3354.9,2025-04-30
7571,115,36,1,3262.33,3262.33,2025-04-30
8651,447,22,2,687.05,1374.1,2025-04-30
8741,454,2,1,3810.25,3810.25,2025-04-30
9015,140,14,1,967.51,967.51,2025-04-30
10056,329,4,1,2454.84,2454.84,2025-04-30
10197,38,15,2,850.03,1700.06,2025-04-30
10999,77,34,2,3803.21,7606.42,2025-04-30
11904,86,20,1,1271.23,1271.23,2025-04-30
1089,213,33,1,400.45,400.45,2025-05-01
1560,341,33,1,400.45,400.45,2025-05-01
2556,455,17,1,1321.33,1321.33,2025-05-01
2627,457,33,1,400.45,400.45,2025-05-01
3234,412,30,1,328.83,328.83,2025-05-01
4905,222,33,2,400.45,800.9,2025-05-01
6149,118,6,1,750.58,750.58,2025-05-01
6272,57,10,1,2876.08,2876.08,2025-05-01
6276,222,2,1,3810.25,3810.25,2025-05-01
7002,464,9,2,2464.29,4928.58,2025-05-01
7614,493,26,1,3172.93,3172.93,2025-05-01
8114,122,3,1,2968.18,2968.18,2025-05-01
9305,32,26,1,3172.93,3172.93,2025-05-01
11058,376,7,1,373.62,373.62,2025-05-01
11251,238,31,1,2489.05,2489.05,2025-05-01
11265,29,18,1,2170.31,2170.31,2025-05-01
323,434,30,1,328.83,328.83,2025-05-02
1184,465,1,1,1591.98,1591.98,2025-05-02
1546,289,7,1,373.62,373.62,2025-05-02
2559,232,31,2,2489.05,4978.1,2025-05-02
2756,414,30,2,328.83,657.66,2025-05-02
3580,383,8,2,3484.78,6969.56,2025-05-02
3772,20,13,1,3354.9,3354.9,2025-05-02
3876,56,12,1,3884.15,3884.15,2025-05-02
5135,499,31,1,2489.05,2489.05,2025-05-02
5395,99,31,1,2489.05,2489.05,2025-05-02
5980,495,35,1,3867.68,3867.68,2025-05-02
6077,27,1,1,1591.98,1591.98,2025-05-02
6569,92,23,1,1274.76,1274.76,2025-05-02
6936,160,16,1,856.11,856.11,2025-05-02
7037,207,16,1,856.11,856.11,2025-05-02
7166,153,33,2,400.45,800.9,2025-05-02
8128,18,11,1,229.25,229.25,2025-05-02
9776,326,12,2,3884.15,7768.3,2025-05-02
10079,222,2,1,3810.25,3810.25,2025-05-02
11525,188,33,1,400.45,400.45,2025-05-02
11832,115,28,1,2129.8,2129.8,2025-05-02
1185,468,35,1,3867.68,3867.68,2025-05-03
1234,483,32,1,806.52,806.52,2025-05-03
1994,53,20,1,1271.23,1271.23,2025-05-03
2820,363,7,2,373.62,747.24,2025-05-03
3606,494,25,2,1905.87,3811.74,2025-05-03
3995,378,3,1,2968.18,2968.18,2025-05-03
8473,368,36,2,3262.33,6524.66,2025-05-03
9040,279,21,3,2505.63,7516.89,2025-05-03
9153,473,6,1,750.58,750.58,2025-05-03
10623,237,20,1,1271.23,1271.23,2025-05-03
10906,144,36,1,3262.33,3262.33,2025-05-03
11327,143,5,1,750.67,750.67,2025-05-03
11751,189,15,1,850.03,850.03,2025-05-03
11820,445,25,1,1905.87,1905.87,2025-05-03
1125,335,34,2,3803.21,7606.42,2025-05-04
1258,495,31,1,2489.05,2489.05,2025-05-04
2392,434,32,2,806.52,1613.04,2025-05-04
3815,489,24,1,1560.49,1560.49,2025-05-04
5263,495,19,1,1812.99,1812.99,2025-05-04
5597,198,19,1,1812.99,1812.99,2025-05-04
6597,130,32,1,806.52,806.52,2025-05-04
7647,97,9,2,2464.29,4928.58,2025-05-04
7988,218,10,2,2876.08,5752.16,2025-05-04
8070,93,20,2,1271.23,2542.46,2025-05-04
8223,308,31,1,2489.05,2489.05,2025-05-04
8973,238,19,1,1812.99,1812.99,2025-05-04
9720,237,12,2,3884.15,7768.3,2025-05-04
11828,264,2,1,3810.25,3810.25,2025-05-04
339,322,9,1,2464.29,2464.29,2025-05-05
915,436,8,1,3484.78,3484.78,2025-05-05
1432,78,27,1,918.74,918.74,2025-05-05
1439,210,7,1,373.62,373.62,2025-05-05
1701,258,35,2,3867.68,7735.36,2025-05-05
2327,184,25,3,1905.87,5717.61,2025-05-05
2466,488,36,1,3262.33,3262.33,2025-05-05
5534,439,16,1,856.11,856.11,2025-05-05
5706,329,25,2,1905.87,3811.74,2025-05-05
8857,51,4,1,2454.84,2454.84,2025-05-05
10263,10,17,3,1321.33,3963.99,2025-05-05
10326,465,4,1,2454.84,2454.84,2025-05-05
11118,206,7,1,373.62,373.62,2025-05-05
1106,9,29,1,2430.8,2430.8,2025-05-06
2510,410,19,2,1812.99,3625.98,2025-05-06
3131,238,24,2,1560.49,3120.98,2025-05-06
3393,386,15,1,850.03,850.03,2025-05-06
5551,418,9,1,2464.29,2464.29,2025-05-06
5881,124,26,1,3172.93,3172.93,2025-05-06
7279,343,16,1,856.11,856.11,2025-05-06
8321,488,13,1,3354.9,3354.9,2025-05-06
8517,212,31,1,2489.05,2489.05,2025-05-06
8634,135,13,1,3354.9,3354.9,2025-05-06
8910,317,22,1,687.05,687.05,2025-05-06
10080,231,3,2,2968.18,5936.36,2025-05-06
10449,278,33,2,400.45,800.9,2025-05-06
676,27,23,1,1274.76,1274.76,2025-05-07
4092,269,3,1,2968.18,2968.18,2025-05-07
4347,205,14,1,967.51,967.51,2025-05-07
5809,67,34,1,3803.21,3803.21,2025-05-07
6664,347,31,1,2489.05,2489.05,2025-05-07
6998,302,12,1,3884.15,3884.15,2025-05-07
7400,200,36,1,3262.33,3262.33,2025-05-07
7920,72,31,2,2489.05,4978.1,2025-05-07
7949,329,24,1,1560.49,1560.49,2025-05-07
8986,110,6,2,750.58,1501.16,2025-05-07
11377,3,25,1,1905.87,1905.87,2025-05-07
11682,453,14,1,967.51,967.51,2025-05-07
210,488,8,1,3484.78,3484.78,2025-05-08
2727,17,28,1,2129.8,2129.8,2025-05-08
2991,10,2,1,3810.25,3810.25,2025-05-08
3493,341,12,1,3884.15,3884.15,2025-05-08
3514,212,20,1,1271.23,1271.23,2025-05-08
3550,4,15,1,850.03,850.03,2025-05-08
3588,331,32,1,806.52,806.52,2025-05-08
3599,463,26,1,3172.93,3172.93,2025-05-08
3754,168,32,1,806.52,806.52,2025-05-08
3798,500,31,1,2489.05,2489.05,2025-05-08
3982,38,9,1,2464.29,2464.29,2025-05-08
4760,242,17,2,1321.33,2642.66,2025-05-08
4927,282,17,2,1321.33,2642.66,2025-05-08
5048,83,36,3,3262.33,9786.99,2025-05-08
5272,37,34,1,3803.21,3803.21,2025-05-08
7133,4,9,1,2464.29,2464.29,2025-05-08
7933,221,19,1,1812.99,1812.99,2025-05-08
8148,478,33,1,400.45,400.45,2025-05-08
9304,18,22,1,687.05,687.05,2025-05-08
9553,471,34,1,3803.21,3803.21,2025-05-08
10028,360,2,1,3810.25,3810.25,2025-05-08
10286,456,36,1,3262.33,3262.33,2025-05-08
11763,406,35,1,3867.68,3867.68,2025-05-08
162,8,29,1,2430.8,2430.8,2025-05-09
1505,126,18,2,2170.31,4340.62,2025-05-09
1744,288,36,1,3262.33,3262.33,2025-05-09
1755,316,34,1,3803.21,3803.21,2025-05-09
2483,296,22,1,687.05,687.05,2025-05-09
2960,252,14,2,967.51,1935.02,2025-05-09
2970,366,29,1,2430.8,2430.8,2025-05-09
3091,370,2,1,3810.25,3810.25,2025-05-09
3645,261,25,1,1905.87,1905.87,2025-05-09
4401,233,2,2,3810.25,7620.5,2025-05-09
4808,18,21,1,2505.63,2505.63,2025-05-09
5045,38,19,1,1812.99,1812.99,2025-05-09
8757,463,35,1,3867.68,3867.68,2025-05-09
9724,487,27,1,918.74,918.74,2025-05-09
10887,487,4,2,2454.84,4909.68,2025-05-09
10947,231,28,1,2129.8,2129.8,2025-05-09
11705,343,6,1,750.58,750.58,2025-05-09
66,472,25,1,1905.87,1905.87,2025-05-10
987,377,32,2,806.52,1613.04,2025-05-10
3452,453,24,1,1560.49,1560.49,2025-05-10
3650,361,18,2,2170.31,4340.62,2025-05-10
3747,52,16,1,856.11,856.11,2025-05-10
4708,474,11,1,229.25,229.25,2025-05-10
5662,221,13,1,3354.9,3354.9,2025-05-10
5901,332,32,1,806.52,806.52,2025-05-10
7097,241,23,1,1274.76,1274.76,2025-05-10
8327,119,25,2,1905.87,3811.74,2025-05-10
9133,410,24,1,1560.49,1560.49,2025-05-10
9527,46,8,1,3484.78,3484.78,2025-05-10
9879,482,7,1,373.62,373.62,2025-05-10
10127,485,13,1,3354.9,3354.9,2025-05-10
10563,163,2,1,3810.25,3810.25,2025-05-10
11765,226,34,2,3803.21,7606.42,2025-05-10
1840,214,8,2,3484.78,6969.56,2025-05-11
1961,434,13,1,3354.9,3354.9,2025-05-11
2344,179,35,1,3867.68,3867.68,2025-05-11
2647,361,4,1,2454.84,2454.84,2025-05-11
4136,373,1,1,1591.98,1591.98,2025-05-11
4430,162,34,1,3803.21,3803.21,2025-05-11
5092,396,10,1,2876.08,2876.08,2025-05-11
5451,385,18,1,2170.31,2170.31,2025-05-11
5471,34,17,1,1321.33,1321.33,2025-05-11
5858,221,17,1,1321.33,1321.33,2025-05-11
6013,101,15,1,850.03,850.03,2025-05-11
6487,270,36,1,3262.33,3262.33,2025-05-11
6683,229,34,2,3803.21,7606.42,2025-05-11
6959,418,32,1,806.52,806.52,2025-05-11
7736,81,22,1,687.05,687.05,2025-05-11
8071,445,26,1,3172.93,3172.93,2025-05-11
8123,332,22,2,687.05,1374.1,2025-05-11
10044,443,8,1,3484.78,3484.78,2025-05-11
10736,260,11,1,229.25,229.25,2025-05-11
10845,85,26,1,3172.93,3172.93,2025-05-11
11759,341,35,1,3867.68,3867.68,2025-05-11
623,279,3,1,2968.18,2968.18,2025-05-12
4186,18,23,1,1274.76,1274.76,2025-05-12
6225,495,15,1,850.03,850.03,2025-05-12
6705,273,29,1,2430.8,2430.8,2025-05-12
8087,443,34,1,3803.21,3803.21,2025-05-12
8637,416,7,1,373.62,373.62,2025-05-12
9255,200,35,3,3867.68,11603.04,2025-05-12
10351,255,29,1,2430.8,2430.8,2025-05-12
10801,20,14,1,967.51,967.51,2025-05-12
11396,500,24,1,1560.49,1560.49,2025-05-12
457,86,32,1,806.52,806.52,2025-05-13
1824,25,30,1,328.83,328.83,2025-05-13
2415,151,14,2,967.51,1935.02,2025-05-13
3259,468,14,1,967.51,967.51,2025-05-13
3368,32,34,1,3803.21,3803.21,2025-05-13
4939,177,30,1,328.83,328.83,2025-05-13
5013,487,8,1,3484.78,3484.78,2025-05-13
5385,221,21,1,2505.63,2505.63,2025-05-13
6650,329,10,2,2876.08,5752.16,2025-05-13
6776,278,2,1,3810.25,3810.25,2025-05-13
9512,382,33,1,400.45,400.45,2025-05-13
10664,104,21,1,2505.63,2505.63,2025-05-13
10968,438,33,2,400.45,800.9,2025-05-13
11542,217,22,2,687.05,1374.1,2025-05-13
11839,483,24,1,1560.49,1560.49,2025-05-13
12000,459,32,1,806.52,806.52,2025-05-13
108,485,13,1,3354.9,3354.9,2025-05-14
1943,377,35,2,3867.68,7735.36,2025-05-14
2800,473,29,1,2430.8,2430.8,2025-05-14
2971,270,31,1,2489.05,2489.05,2025-05-14
3456,487,10,1,2876.08,2876.08,2025-05-14
3897,411,4,1,2454.84,2454.84,2025-05-14
4124,157,21,1,2505.63,2505.63,2025-05-14
4296,264,10,2,2876.08,5752.16,2025-05-14
4350,176,9,1,2464.29,2464.29,2025-05-14
6070,455,8,1,3484.78,3484.78,2025-05-14
6703,245,23,1,1274.76,1274.76,2025-05-14
6710,34,24,2,1560.49,3120.98,2025-05-14
8234,463,33,1,400.45,400.45,2025-05-14
8567,463,13,1,3354.9,3354.9,2025-05-14
8584,180,20,1,1271.23,1271.23,2025-05-14
9211,338,15,1,850.03,850.03,2025-05-14
9575,34,12,1,3884.15,3884.15,2025-05-14
9739,500,5,2,750.67,1501.34,2025-05-14
11870,453,36,1,3262.33,3262.33,2025-05-14
1289,3,12,1,3884.15,3884.15,2025-05-15
1483,358,19,1,1812.99,1812.99,2025-05-15
1851,105,27,1,918.74,918.74,2025-05-15
2523,39,33,3,400.45,1201.35,2025-05-15
2676,496,24,1,1560.49,1560.49,2025-05-15
5307,413,17,2,1321.33,2642.66,2025-05-15
5330,28,35,1,3867.68,3867.68,2025-05-15
5509,443,22,1,687.05,687.05,2025-05-15
6121,52,27,1,918.74,918.74,2025-05-15
6992,225,2,1,3810.25,3810.25,2025-05-15
7470,45,25,1,1905.87,1905.87,2025-05-15
7979,329,7,2,373.62,747.24,2025-05-15
8293,415,26,2,3172.93,6345.86,2025-05-15
8313,59,21,2,2505.63,5011.26,2025-05-15
8339,133,34,2,3803.21,7606.42,2025-05-15
8614,268,8,2,3484.78,6969.56,2025-05-15
9852,191,32,1,806.52,806.52,2025-05-15
9938,184,22,2,687.05,1374.1,2025-05-15
10685,219,10,1,2876.08,2876.08,2025-05-15
10782,329,22,1,687.05,687.05,2025-05-15
10941,263,3,2,2968.18,5936.36,2025-05-15
1087,456,24,1,1560.49,1560.49,2025-05-16
1831,39,26,1,3172.93,3172.93,2025-05-16
2811,361,32,1,806.52,806.52,2025-05-16
2847,239,9,1,2464.29,2464.29,2025-05-16
4540,33,34,1,3803.21,3803.21,2025-05-16
6021,396,20,2,1271.23,2542.46,2025-05-16
6566,45,12,2,3884.15,7768.3,2025-05-16
6953,72,31,1,2489.05,2489.05,2025-05-16
7965,332,8,2,3484.78,6969.56,2025-05-16
8453,391,21,2,2505.63,5011.26,2025-05-16
10917,429,5,1,750.67,750.67,2025-05-16
11084,454,11,1,229.25,229.25,2025-05-16
11218,99,25,1,1905.87,1905.87,2025-05-16
11429,85,21,2,2505.63,5011.26,2025-05-16
879,15,9,1,2464.29,2464.29,2025-05-17
1479,53,7,3,373.62,1120.86,2025-05-17
1591,304,24,1,1560.49,1560.49,2025-05-17
1676,393,11,1,229.25,229.25,2025-05-17
2501,102,36,2,3262.33,6524.66,2025-05-17
3804,477,3,2,2968.18,5936.36,2025-05-17
5262,303,4,1,2454.84,2454.84,2025-05-17
5731,377,3,1,2968.18,2968.18,2025-05-17
5781,354,9,1,2464.29,2464.29,2025-05-17
6267,450,27,1,918.74,918.74,2025-05-17
7671,154,28,1,2129.8,2129.8,2025-05-17
8376,410,24,1,1560.49,1560.49,2025-05-17
8866,379,26,1,3172.93,3172.93,2025-05-17
9508,91,5,1,750.67,750.67,2025-05-17
10173,140,1,1,1591.98,1591.98,2025-05-17
10749,58,24,1,1560.49,1560.49,2025-05-17
11131,329,8,1,3484.78,3484.78,2025-05-17
11559,483,33,1,400.45,400.45,2025-05-17
2212,292,18,1,2170.31,2170.31,2025-05-18
2633,121,33,1,400.45,400.45,2025-05-18
3007,271,2,1,3810.25,3810.25,2025-05-18
4522,370,13,1,3354.9,3354.9,2025-05-18
5223,211,13,1,3354.9,3354.9,2025-05-18
5229,287,3,1,2968.18,2968.18,2025-05-18
5799,363,3,1,2968.18,2968.18,2025-05-18
6066,289,9,2,2464.29,4928.58,2025-05-18
6305,464,9,1,2464.29,2464.29,2025-05-18
6465,411,1,1,1591.98,1591.98,2025-05-18
6756,34,31,2,2489.05,4978.1,2025-05-18
7055,157,6,1,750.58,750.58,2025-05-18
7892,422,27,2,918.74,1837.48,2025-05-18
7959,198,23,1,1274.76,1274.76,2025-05-18
8031,18,23,2,1274.76,2549.52,2025-05-18
8166,360,5,1,750.67,750.67,2025-05-18
8576,77,35,1,3867.68,3867.68,2025-05-18
8707,41,30,2,328.83,657.66,2025-05-18
8941,390,1,1,1591.98,1591.98,2025-05-18
2382,149,23,2,1274.76,2549.52,2025-05-19
2462,31,29,1,2430.8,2430.8,2025-05-19
3062,459,3,1,2968.18,2968.18,2025-05-19
3793,269,35,1,3867.68,3867.68,2025-05-19
4720,370,25,1,1905.87,1905.87,2025-05-19
5804,446,34,1,3803.21,3803.21,2025-05-19
6039,121,26,1,3172.93,3172.93,2025-05-19
6443,40,8,1,3484.78,3484.78,2025-05-19
6489,346,8,2,3484.78,6969.56,2025-05-19
7087,278,36,1,3262.33,3262.33,2025-05-19
7210,174,3,2,2968.18,5936.36,2025-05-19
8512,203,21,1,2505.63,2505.63,2025-05-19
8997,497,13,1,3354.9,3354.9,2025-05-19
10084,325,33,1,400.45,400.45,2025-05-19
11856,224,24,1,1560.49,1560.49,2025-05-19
528,376,18,1,2170.31,2170.31,2025-05-20
902,244,25,1,1905.87,1905.87,2025-05-20
1210,443,1,1,1591.98,1591.98,2025-05-20
2196,443,16,1,856.11,856.11,2025-05-20
4054,444,17,1,1321.33,1321.33,2025-05-20
4646,214,4,2,2454.84,4909.68,2025-05-20
6759,366,19,2,1812.99,3625.98,2025-05-20
7206,296,11,2,229.25,458.5,2025-05-20
7221,497,27,1,918.74,918.74,2025-05-20
7705,61,1,1,1591.98,1591.98,2025-05-20
9636,436,22,1,687.05,687.05,2025-05-20
9677,66,6,1,750.58,750.58,2025-05-20
9802,369,33,1,400.45,400.45,2025-05-20
10251,105,30,1,328.83,328.83,2025-05-20
10642,410,1,1,1591.98,1591.98,2025-05-20
10702,287,12,1,3884.15,3884.15,2025-05-20
10929,69,20,1,1271.23,1271.23,2025-05-20
11458,226,32,1,806.52,806.52,2025-05-20
1027,207,8,1,3484.78,3484.78,2025-05-21
1847,220,6,1,750.58,750.58,2025-05-21
1955,83,11,1,229.25,229.25,2025-05-21
2057,478,17,1,1321.33,1321.33,2025-05-21
3691,96,30,1,328.83,328.83,2025-05-21
6084,61,26,2,3172.93,6345.86,2025-05-21
6386,290,25,2,1905.87,3811.74,2025-05-21
6482,140,24,1,1560.49,1560.49,2025-05-21
6723,207,1,1,1591.98,1591.98,2025-05-21
7488,482,24,1,1560.49,1560.49,2025-05-21
8226,443,19,1,1812.99,1812.99,2025-05-21
8771,40,10,3,2876.08,8628.24,2025-05-21
9503,464,5,1,750.67,750.67,2025-05-21
10332,126,30,1,328.83,328.83,2025-05-21
10466,195,25,1,1905.87,1905.87,2025-05-21
10586,376,26,1,3172.93,3172.93,2025-05-21
11594,443,28,1,2129.8,2129.8,2025-05-21
83,269,12,1,3884.15,3884.15,2025-05-22
1201,206,23,2,1274.76,2549.52,2025-05-22
1390,388,33,2,400.45,800.9,2025-05-22
1656,206,29,1,2430.8,2430.8,2025-05-22
1866,163,30,2,328.83,657.66,2025-05-22
3004,163,19,1,1812.99,1812.99,2025-05-22
5120,56,17,3,1321.33,3963.99,2025-05-22
5537,270,23,2,1274.76,2549.52,2025-05-22
5962,210,36,1,3262.33,3262.33,2025-05-22
6587,91,35,2,3867.68,7735.36,2025-05-22
6697,27,27,1,918.74,918.74,2025-05-22
7255,193,34,2,3803.21,7606.42,2025-05-22
7392,236,8,1,3484.78,3484.78,2025-05-22
8543,473,9,1,2464.29,2464.29,2025-05-22
8616,331,5,1,750.67,750.67,2025-05-22
8859,296,30,2,328.83,657.66,2025-05-22
9560,433,1,1,1591.98,1591.98,2025-05-22
10037,130,19,2,1812.99,3625.98,2025-05-22
10381,130,25,1,1905.87,1905.87,2025-05-22
10964,238,16,1,856.11,856.11,2025-05-22
11875,222,32,1,806.52,806.52,2025-05-22
177,343,33,1,400.45,400.45,2025-05-23
808,261,32,1,806.52,806.52,2025-05-23
2121,271,7,2,373.62,747.24,2025-05-23
2138,286,7,1,373.62,373.62,2025-05-23
2308,105,24,1,1560.49,1560.49,2025-05-23
2440,364,7,1,373.62,373.62,2025-05-23
2907,168,16,2,856.11,1712.22,2025-05-23
4716,454,32,1,806.52,806.52,2025-05-23
4794,172,32,1,806.52,806.52,2025-05-23
6130,168,28,1,2129.8,2129.8,2025-05-23
6246,239,7,1,373.62,373.62,2025-05-23
9384,343,2,1,3810.25,3810.25,2025-05-23
10193,349,5,1,750.67,750.67,2025-05-23
10269,185,25,2,1905.87,3811.74,2025-05-23
10738,366,10,1,2876.08,2876.08,2025-05-23
10893,79,18,1,2170.31,2170.31,2025-05-23
976,207,4,1,2454.84,2454.84,2025-05-24
1453,454,15,1,850.03,850.03,2025-05-24
2895,217,36,1,3262.33,3262.33,2025-05-24
4641,147,10,1,2876.08,2876.08,2025-05-24
4719,142,4,2,2454.84,4909.68,2025-05-24
5248,311,36,2,3262.33,6524.66,2025-05-24
5351,80,26,1,3172.93,3172.93,2025-05-24
5431,370,26,1,3172.93,3172.93,2025-05-24
6022,193,19,1,1812.99,1812.99,2025-05-24
7526,168,6,1,750.58,750.58,2025-05-24
8140,216,9,1,2464.29,2464.29,2025-05-24
8518,15,23,1,1274.76,1274.76,2025-05-24
8994,307,7,1,373.62,373.62,2025-05-24
9186,54,15,1,850.03,850.03,2025-05-24
12,132,14,2,967.51,1935.02,2025-05-25
38,306,35,2,3867.68,7735.36,2025-05-25
1014,213,26,2,3172.93,6345.86,2025-05-25
1017,162,32,1,806.52,806.52,2025-05-25
2324,46,6,1,750.58,750.58,2025-05-25
3023,483,29,1,2430.8,2430.8,2025-05-25
3084,436,26,1,3172.93,3172.93,2025-05-25
3779,161,14,1,967.51,967.51,2025-05-25
3838,302,6,2,750.58,1501.16,2025-05-25
4057,154,4,1,2454.84,2454.84,2025-05-25
4642,477,29,1,2430.8,2430.8,2025-05-25
5035,391,17,1,1321.33,1321.33,2025-05-25
6030,101,33,1,400.45,400.45,2025-05-25
6508,105,18,1,2170.31,2170.31,2025-05-25
6806,161,20,2,1271.23,2542.46,2025-05-25
6948,237,3,2,2968.18,5936.36,2025-05-25
7481,347,23,1,1274.76,1274.76,2025-05-25
7859,144,11,1,229.25,229.25,2025-05-25
9192,497,34,1,3803.21,3803.21,2025-05-25
9637,360,30,1,328.83,328.83,2025-05-25
9920,115,10,1,2876.08,2876.08,2025-05-25
10369,348,3,2,2968.18,5936.36,2025-05-25
11532,487,24,1,1560.49,1560.49,2025-05-25
735,229,17,1,1321.33,1321.33,2025-05-26
868,406,7,1,373.62,373.62,2025-05-26
1474,172,29,1,2430.8,2430.8,2025-05-26
2061,440,8,3,3484.78,10454.34,2025-05-26
2143,59,22,1,687.05,687.05,2025-05-26
3864,471,8,1,3484.78,3484.78,2025-05-26
4114,77,6,1,750.58,750.58,2025-05-26
5406,236,27,1,918.74,918.74,2025-05-26
5693,318,13,2,3354.9,6709.8,2025-05-26
6003,77,25,1,1905.87,1905.87,2025-05-26
6169,487,14,1,967.51,967.51,2025-05-26
6453,452,21,1,2505.63,2505.63,2025-05-26
7592,45,7,1,373.62,373.62,2025-05-26
7825,447,30,2,328.83,657.66,2025-05-26
8214,417,5,1,750.67,750.67,2025-05-26
8964,495,35,1,3867.68,3867.68,2025-05-26
9320,383,24,2,1560.49,3120.98,2025-05-26
10943,332,20,1,1271.23,1271.23,2025-05-26
11366,160,26,1,3172.93,3172.93,2025-05-26
1068,56,17,2,1321.33,2642.66,2025-05-27
1581,463,36,1,3262.33,3262.33,2025-05-27
1741,289,4,1,2454.84,2454.84,2025-05-27
2786,34,31,2,2489.05,4978.1,2025-05-27
4436,426,4,1,2454.84,2454.84,2025-05-27
4589,350,3,1,2968.18,2968.18,2025-05-27
4809,390,24,1,1560.49,1560.49,2025-05-27
5928,352,22,1,687.05,687.05,2025-05-27
6240,278,9,1,2464.29,2464.29,2025-05-27
7113,394,20,1,1271.23,1271.23,2025-05-27
7220,99,12,1,3884.15,3884.15,2025-05-27
7957,78,15,2,850.03,1700.06,2025-05-27
9140,483,8,1,3484.78,3484.78,2025-05-27
10110,200,8,1,3484.78,3484.78,2025-05-27
10198,498,9,1,2464.29,2464.29,2025-05-27
10229,34,25,1,1905.87,1905.87,2025-05-27
11657,124,10,1,2876.08,2876.08,2025-05-27
206,471,11,2,229.25,458.5,2025-05-28
569,213,11,2,229.25,458.5,2025-05-28
3435,17,22,1,687.05,687.05,2025-05-28
3496,466,26,1,3172.93,3172.93,2025-05-28
4344,287,24,1,1560.49,1560.49,2025-05-28
4448,99,35,1,3867.68,3867.68,2025-05-28
5608,427,2,1,3810.25,3810.25,2025-05-28
7537,51,20,3,1271.23,3813.69,2025-05-28
8620,130,6,1,750.58,750.58,2025-05-28
9080,92,33,1,400.45,400.45,2025-05-28
9166,373,16,1,856.11,856.11,2025-05-28
10843,373,6,1,750.58,750.58,2025-05-28
11166,137,33,1,400.45,400.45,2025-05-28
11500,229,3,1,2968.18,2968.18,2025-05-28
11756,143,33,1,400.45,400.45,2025-05-28
86,468,25,1,1905.87,1905.87,2025-05-29
666,51,30,1,328.83,328.83,2025-05-29
697,290,8,2,3484.78,6969.56,2025-05-29
933,392,23,1,1274.76,1274.76,2025-05-29
951,372,14,1,967.51,967.51,2025-05-29
1518,332,1,1,1591.98,1591.98,2025-05-29
2173,350,17,1,1321.33,1321.33,2025-05-29
2346,377,17,1,1321.33,1321.33,2025-05-29
2561,406,2,2,3810.25,7620.5,2025-05-29
3309,77,7,1,373.62,373.62,2025-05-29
3440,204,17,1,1321.33,1321.33,2025-05-29
3818,293,31,2,2489.05,4978.1,2025-05-29
4516,105,13,1,3354.9,3354.9,2025-05-29
7038,257,2,1,3810.25,3810.25,2025-05-29
7659,145,29,1,2430.8,2430.8,2025-05-29
8044,212,12,1,3884.15,3884.15,2025-05-29
8491,13,14,1,967.51,967.51,2025-05-29
9148,229,2,1,3810.25,3810.25,2025-05-29
9348,191,35,1,3867.68,3867.68,2025-05-29
9783,355,17,1,1321.33,1321.33,2025-05-29
9945,221,17,1,1321.33,1321.33,2025-05-29
11110,59,4,1,2454.84,2454.84,2025-05-29
11405,372,5,1,750.67,750.67,2025-05-29
330,494,25,1,1905.87,1905.87,2025-05-30
1375,416,3,1,2968.18,2968.18,2025-05-30
2836,358,15,2,850.03,1700.06,2025-05-30
3126,332,31,1,2489.05,2489.05,2025-05-30
3585,463,25,2,1905.87,3811.74,2025-05-30
3736,143,28,1,2129.8,2129.8,2025-05-30
5602,215,13,3,3354.9,10064.7,2025-05-30
5865,61,9,1,2464.29,2464.29,2025-05-30
6442,212,5,2,750.67,1501.34,2025-05-30
6619,41,19,1,1812.99,1812.99,2025-05-30
6767,226,2,1,3810.25,3810.25,2025-05-30
7845,496,29,2,2430.8,4861.6,2025-05-30
8760,419,26,1,3172.93,3172.93,2025-05-30
8793,278,30,1,328.83,328.83,2025-05-30
9070,422,3,1,2968.18,2968.18,2025-05-30
9146,66,26,1,3172.93,3172.93,2025-05-30
9390,497,20,2,1271.23,2542.46,2025-05-30
9834,432,25,2,1905.87,3811.74,2025-05-30
9862,22,23,1,1274.76,1274.76,2025-05-30
10111,280,24,1,1560.49,1560.49,2025-05-30
10346,193,30,1,328.83,328.83,2025-05-30
10535,474,32,1,806.52,806.52,2025-05-30
11237,231,11,2,229.25,458.5,2025-05-30
11620,489,11,1,229.25,229.25,2025-05-30
11866,496,24,3,1560.49,4681.47,2025-05-30
11939,432,26,2,3172.93,6345.86,2025-05-30
576,428,18,1,2170.31,2170.31,2025-05-31
1051,83,10,1,2876.08,2876.08,2025-05-31
1212,68,2,2,3810.25,7620.5,2025-05-31
2859,224,6,1,750.58,750.58,2025-05-31
3082,391,23,1,1274.76,1274.76,2025-05-31
3574,346,30,1,328.83,328.83,2025-05-31
4243,323,27,2,918.74,1837.48,2025-05-31
4329,268,21,2,2505.63,5011.26,2025-05-31
5529,259,33,1,400.45,400.45,2025-05-31
5946,406,9,2,2464.29,4928.58,2025-05-31
6044,98,15,1,850.03,850.03,2025-05-31
6431,72,29,1,2430.8,2430.8,2025-05-31
7006,68,12,2,3884.15,7768.3,2025-05-31
7089,476,5,2,750.67,1501.34,2025-05-31
7155,157,24,1,1560.49,1560.49,2025-05-31
7712,91,27,2,918.74,1837.48,2025-05-31
8137,13,1,1,1591.98,1591.98,2025-05-31
9447,450,15,2,850.03,1700.06,2025-05-31
10858,34,26,1,3172.93,3172.93,2025-05-31
358,434,3,1,2968.18,2968.18,2025-06-01
1021,137,3,1,2968.18,2968.18,2025-06-01
1279,393,6,2,750.58,1501.16,2025-06-01
1498,443,26,1,3172.93,3172.93,2025-06-01
1845,53,15,1,850.03,850.03,2025-06-01
2224,400,7,1,373.62,373.62,2025-06-01
2671,198,34,1,3803.21,3803.21,2025-06-01
3002,402,25,3,1905.87,5717.61,2025-06-01
3220,15,11,1,229.25,229.25,2025-06-01
5095,432,20,2,1271.23,2542.46,2025-06-01
5931,440,26,1,3172.93,3172.93,2025-06-01
6899,143,16,1,856.11,856.11,2025-06-01
6957,208,3,1,2968.18,2968.18,2025-06-01
7929,317,16,1,856.11,856.11,2025-06-01
10058,328,23,1,1274.76,1274.76,2025-06-01
10583,329,2,1,3810.25,3810.25,2025-06-01
1705,404,31,1,2489.05,2489.05,2025-06-02
2083,147,16,1,856.11,856.11,2025-06-02
3732,236,27,1,918.74,918.74,2025-06-02
4161,77,34,2,3803.21,7606.42,2025-06-02
4806,289,28,3,2129.8,6389.4,2025-06-02
6080,346,9,1,2464.29,2464.29,2025-06-02
6805,409,1,1,1591.98,1591.98,2025-06-02
7717,348,16,2,856.11,1712.22,2025-06-02
8364,119,2,1,3810.25,3810.25,2025-06-02
56,377,10,2,2876.08,5752.16,2025-06-03
397,115,26,1,3172.93,3172.93,2025-06-03
558,205,6,1,750.58,750.58,2025-06-03
631,254,1,2,1591.98,3183.96,2025-06-03
756,124,25,1,1905.87,1905.87,2025-06-03
757,222,13,2,3354.9,6709.8,2025-06-03
1084,496,22,1,687.05,687.05,2025-06-03
3010,496,18,1,2170.31,2170.31,2025-06-03
3412,252,9,2,2464.29,4928.58,2025-06-03
5421,141,28,1,2129.8,2129.8,2025-06-03
5697,415,7,2,373.62,747.24,2025-06-03
6734,456,25,1,1905.87,1905.87,2025-06-03
6795,230,23,1,1274.76,1274.76,2025-06-03
6905,213,30,1,328.83,328.83,2025-06-03
7373,221,25,2,1905.87,3811.74,2025-06-03
7906,164,29,1,2430.8,2430.8,2025-06-03
9412,311,22,1,687.05,687.05,2025-06-03
10270,56,20,2,1271.23,2542.46,2025-06-03
10787,480,34,1,3803.21,3803.21,2025-06-03
11288,182,14,1,967.51,967.51,2025-06-03
50,332,6,1,750.58,750.58,2025-06-04
896,403,34,1,3803.21,3803.21,2025-06-04
3092,261,33,2,400.45,800.9,2025-06-04
3257,332,32,1,806.52,806.52,2025-06-04
3660,54,24,1,1560.49,1560.49,2025-06-04
4428,483,17,1,1321.33,1321.33,2025-06-04
4912,472,14,1,967.51,967.51,2025-06-04
6496,291,34,1,3803.21,3803.21,2025-06-04
7088,223,6,1,750.58,750.58,2025-06-04
7468,15,20,1,1271.23,1271.23,2025-06-04
7476,221,36,1,3262.33,3262.33,2025-06-04
9785,279,28,3,2129.8,6389.4,2025-06-04
10521,323,28,2,2129.8,4259.6,2025-06-04
10636,270,28,1,2129.8,2129.8,2025-06-04
10646,388,5,1,750.67,750.67,2025-06-04
10676,165,31,1,2489.05,2489.05,2025-06-04
11748,306,3,1,2968.18,2968.18,2025-06-04
40,103,14,1,967.51,967.51,2025-06-05
1066,151,19,1,1812.99,1812.99,2025-06-05
1085,218,1,1,1591.98,1591.98,2025-06-05
2050,212,18,1,2170.31,2170.31,2025-06-05
2153,232,5,1,750.67,750.67,2025-06-05
5026,69,8,1,3484.78,3484.78,2025-06-05
7344,406,24,1,1560.49,1560.49,2025-06-05
7479,158,26,1,3172.93,3172.93,2025-06-05
8777,239,33,1,400.45,400.45,2025-06-05
10626,415,14,1,967.51,967.51,2025-06-05
11873,410,5,1,750.67,750.67,2025-06-05
510,99,23,1,1274.76,1274.76,2025-06-06
514,236,13,1,3354.9,3354.9,2025-06-06
1291,111,1,3,1591.98,4775.94,2025-06-06
1731,341,25,2,1905.87,3811.74,2025-06-06
3436,350,4,1,2454.84,2454.84,2025-06-06
3701,497,30,1,328.83,328.83,2025-06-06
3896,463,1,2,1591.98,3183.96,2025-06-06
4976,53,29,1,2430.8,2430.8,2025-06-06
6611,226,21,2,2505.63,5011.26,2025-06-06
7141,183,4,1,2454.84,2454.84,2025-06-06
8379,15,30,1,328.83,328.83,2025-06-06
8684,487,28,1,2129.8,2129.8,2025-06-06
1868,136,27,1,918.74,918.74,2025-06-07
2140,261,33,1,400.45,400.45,2025-06-07
2718,56,6,2,750.58,1501.16,2025-06-07
2889,348,23,1,1274.76,1274.76,2025-06-07
2915,453,14,1,967.51,967.51,2025-06-07
3164,130,21,1,2505.63,2505.63,2025-06-07
3806,27,10,1,2876.08,2876.08,2025-06-07
4276,443,5,2,750.67,1501.34,2025-06-07
4614,232,16,1,856.11,856.11,2025-06-07
5733,59,26,1,3172.93,3172.93,2025-06-07
6014,13,29,1,2430.8,2430.8,2025-06-07
6887,360,7,2,373.62,747.24,2025-06-07
7842,80,26,1,3172.93,3172.93,2025-06-07
8419,272,3,2,2968.18,5936.36,2025-06-07
8643,466,4,1,2454.84,2454.84,2025-06-07
8927,238,10,1,2876.08,2876.08,2025-06-07
9593,135,17,1,1321.33,1321.33,2025-06-07
10490,279,11,1,229.25,229.25,2025-06-07
11062,316,25,1,1905.87,1905.87,2025-06-07
11637,99,11,1,229.25,229.25,2025-06-07
11689,296,4,1,2454.84,2454.84,2025-06-07
452,226,6,1,750.58,750.58,2025-06-08
1622,119,1,1,1591.98,1591.98,2025-06-08
3113,496,32,2,806.52,1613.04,2025-06-08
3347,36,27,1,918.74,918.74,2025-06-08
3530,357,7,3,373.62,1120.86,2025-06-08
5069,471,23,1,1274.76,1274.76,2025-06-08
5728,355,33,1,400.45,400.45,2025-06-08
5817,111,36,1,3262.33,3262.33,2025-06-08
6564,348,24,1,1560.49,1560.49,2025-06-08
7519,406,18,2,2170.31,4340.62,2025-06-08
7794,261,21,3,2505.63,7516.89,2025-06-08
9219,309,8,1,3484.78,3484.78,2025-06-08
9542,19,32,1,806.52,806.52,2025-06-08
9562,60,9,1,2464.29,2464.29,2025-06-08
10006,289,34,1,3803.21,3803.21,2025-06-08
10873,316,32,2,806.52,1613.04,2025-06-08
11298,324,7,1,373.62,373.62,2025-06-08
11474,403,8,1,3484.78,3484.78,2025-06-08
326,20,29,1,2430.8,2430.8,2025-06-09
687,449,14,2,967.51,1935.02,2025-06-09
836,496,5,1,750.67,750.67,2025-06-09
1296,209,31,1,2489.05,2489.05,2025-06-09
2695,443,30,1,328.83,328.83,2025-06-09
3739,340,15,2,850.03,1700.06,2025-06-09
6584,496,31,3,2489.05,7467.15,2025-06-09
6609,384,6,1,750.58,750.58,2025-06-09
6706,488,27,1,918.74,918.74,2025-06-09
7356,410,36,1,3262.33,3262.33,2025-06-09
7538,278,15,1,850.03,850.03,2025-06-09
8773,18,8,1,3484.78,3484.78,2025-06-09
9754,331,35,2,3867.68,7735.36,2025-06-09
10116,88,10,2,2876.08,5752.16,2025-06-09
10715,92,28,1,2129.8,2129.8,2025-06-09
11241,155,18,1,2170.31,2170.31,2025-06-09
2,11,3,1,2968.18,2968.18,2025-06-10
1914,442,33,1,400.45,400.45,2025-06-10
3190,322,23,1,1274.76,1274.76,2025-06-10
3256,286,33,1,400.45,400.45,2025-06-10
3502,484,10,1,2876.08,2876.08,2025-06-10
4849,376,30,2,328.83,657.66,2025-06-10
5836,94,1,1,1591.98,1591.98,2025-06-10
5955,245,29,1,2430.8,2430.8,2025-06-10
8540,357,26,2,3172.93,6345.86,2025-06-10
8580,429,9,1,2464.29,2464.29,2025-06-10
9743,182,6,1,750.58,750.58,2025-06-10
10948,323,33,2,400.45,800.9,2025-06-10
11860,195,29,2,2430.8,4861.6,2025-06-10
740,94,10,1,2876.08,2876.08,2025-06-11
789,455,35,1,3867.68,3867.68,2025-06-11
996,279,11,1,229.25,229.25,2025-06-11
1015,15,11,1,229.25,229.25,2025-06-11
1079,217,23,1,1274.76,1274.76,2025-06-11
1230,366,9,1,2464.29,2464.29,2025-06-11
1938,410,16,1,856.11,856.11,2025-06-11
2651,366,5,1,750.67,750.67,2025-06-11
5260,130,23,1,1274.76,1274.76,2025-06-11
5452,3,26,1,3172.93,3172.93,2025-06-11
5579,397,32,2,806.52,1613.04,2025-06-11
6112,495,31,3,2489.05,7467.15,2025-06-11
6160,38,6,1,750.58,750.58,2025-06-11
8115,478,31,2,2489.05,4978.1,2025-06-11
8282,478,20,1,1271.23,1271.23,2025-06-11
8519,485,3,2,2968.18,5936.36,2025-06-11
8563,32,19,1,1812.99,1812.99,2025-06-11
10605,446,27,1,918.74,918.74,2025-06-11
11420,268,8,2,3484.78,6969.56,2025-06-11
1765,163,29,1,2430.8,2430.8,2025-06-12
2177,192,6,2,750.58,1501.16,2025-06-12
2648,438,36,1,3262.33,3262.33,2025-06-12
3489,411,30,1,328.83,328.83,2025-06-12
3702,488,11,1,229.25,229.25,2025-06-12
4568,34,6,1,750.58,750.58,2025-06-12
4817,20,26,2,3172.93,6345.86,2025-06-12
6333,496,25,3,1905.87,5717.61,2025-06-12
6834,236,31,1,2489.05,2489.05,2025-06-12
7573,39,30,1,328.83,328.83,2025-06-12
9167,99,14,2,967.51,1935.02,2025-06-12
10744,25,2,1,3810.25,3810.25,2025-06-12
11160,151,22,1,687.05,687.05,2025-06-12
2563,206,16,1,856.11,856.11,2025-06-13
3254,237,4,1,2454.84,2454.84,2025-06-13
3485,57,30,2,328.83,657.66,2025-06-13
3538,368,32,1,806.52,806.52,2025-06-13
3867,102,16,1,856.11,856.11,2025-06-13
4019,247,24,1,1560.49,1560.49,2025-06-13
5052,430,36,1,3262.33,3262.33,2025-06-13
6461,373,28,2,2129.8,4259.6,2025-06-13
6840,176,2,1,3810.25,3810.25,2025-06-13
7257,35,18,1,2170.31,2170.31,2025-06-13
7334,438,21,2,2505.63,5011.26,2025-06-13
10211,119,22,1,687.05,687.05,2025-06-13
11249,229,29,1,2430.8,2430.8,2025-06-13
11749,27,30,1,328.83,328.83,2025-06-13
9,242,27,2,918.74,1837.48,2025-06-14
869,477,8,1,3484.78,3484.78,2025-06-14
936,58,4,1,2454.84,2454.84,2025-06-14
2048,415,21,1,2505.63,2505.63,2025-06-14
3696,206,33,1,400.45,400.45,2025-06-14
3713,85,14,1,967.51,967.51,2025-06-14
4270,85,20,3,1271.23,3813.69,2025-06-14
5855,496,25,2,1905.87,3811.74,2025-06-14
7368,234,29,1,2430.8,2430.8,2025-06-14
7636,119,20,1,1271.23,1271.23,2025-06-14
8010,379,10,1,2876.08,2876.08,2025-06-14
9541,291,2,2,3810.25,7620.5,2025-06-14
10227,213,5,1,750.67,750.67,2025-06-14
810,299,20,1,1271.23,1271.23,2025-06-15
1075,221,36,1,3262.33,3262.33,2025-06-15
1732,453,17,1,1321.33,1321.33,2025-06-15
1999,143,31,1,2489.05,2489.05,2025-06-15
2985,266,9,1,2464.29,2464.29,2025-06-15
4218,249,35,1,3867.68,3867.68,2025-06-15
4562,92,34,2,3803.21,7606.42,2025-06-15
6944,295,21,1,2505.63,2505.63,2025-06-15
7482,231,20,1,1271.23,1271.23,2025-06-15
7516,284,5,2,750.67,1501.34,2025-06-15
8341,406,19,2,1812.99,3625.98,2025-06-15
8371,454,6,1,750.58,750.58,2025-06-15
9422,217,18,1,2170.31,2170.31,2025-06-15
9803,122,22,1,687.05,687.05,2025-06-15
10415,245,33,1,400.45,400.45,2025-06-15
10655,53,20,1,1271.23,1271.23,2025-06-15
10989,98,12,2,3884.15,7768.3,2025-06-15
2217,457,31,1,2489.05,2489.05,2025-06-16
2590,18,17,1,1321.33,1321.33,2025-06-16
2841,298,7,1,373.62,373.62,2025-06-16
3621,107,5,1,750.67,750.67,2025-06-16
4717,329,32,1,806.52,806.52,2025-06-16
5168,464,36,2,3262.33,6524.66,2025-06-16
5650,409,3,1,2968.18,2968.18,2025-06-16
5960,471,34,1,3803.21,3803.21,2025-06-16
6855,212,4,1,2454.84,2454.84,2025-06-16
6882,216,4,2,2454.84,4909.68,2025-06-16
6920,497,26,2,3172.93,6345.86,2025-06-16
8085,471,18,1,2170.31,2170.31,2025-06-16
8204,381,8,1,3484.78,3484.78,2025-06-16
9912,8,30,1,328.83,328.83,2025-06-16
10051,440,32,1,806.52,806.52,2025-06-16
10956,193,27,1,918.74,918.74,2025-06-16
11669,441,27,1,918.74,918.74,2025-06-16
1639,99,5,2,750.67,1501.34,2025-06-17
1754,323,11,1,229.25,229.25,2025-06-17
3218,440,6,2,750.58,1501.16,2025-06-17
3923,229,1,1,1591.98,1591.98,2025-06-17
4082,147,30,1,328.83,328.83,2025-06-17
4089,346,1,1,1591.98,1591.98,2025-06-17
4461,325,13,2,3354.9,6709.8,2025-06-17
4556,377,29,1,2430.8,2430.8,2025-06-17
4768,104,8,1,3484.78,3484.78,2025-06-17
4832,205,28,1,2129.8,2129.8,2025-06-17
5634,448,10,1,2876.08,2876.08,2025-06-17
7873,81,25,2,1905.87,3811.74,2025-06-17
7888,278,35,1,3867.68,3867.68,2025-06-17
8495,367,36,1,3262.33,3262.33,2025-06-17
9323,213,11,1,229.25,229.25,2025-06-17
10356,115,11,2,229.25,458.5,2025-06-17
10693,464,20,1,1271.23,1271.23,2025-06-17
3059,122,34,1,3803.21,3803.21,2025-06-18
3593,241,15,1,850.03,850.03,2025-06-18
5508,270,23,1,1274.76,1274.76,2025-06-18
6181,436,16,1,856.11,856.11,2025-06-18
6242,478,20,1,1271.23,1271.23,2025-06-18
7035,148,14,1,967.51,967.51,2025-06-18
8081,77,19,2,1812.99,3625.98,2025-06-18
9086,85,4,1,2454.84,2454.84,2025-06-18
9533,6,25,2,1905.87,3811.74,2025-06-18
11038,156,1,1,1591.98,1591.98,2025-06-18
11722,2,17,1,1321.33,1321.33,2025-06-18
584,315,7,1,373.62,373.62,2025-06-19
2552,386,29,1,2430.8,2430.8,2025-06-19
2594,471,35,1,3867.68,3867.68,2025-06-19
2900,205,16,1,856.11,856.11,2025-06-19
2986,136,5,1,750.67,750.67,2025-06-19
3140,450,23,1,1274.76,1274.76,2025-06-19
3573,411,27,1,918.74,918.74,2025-06-19
3619,56,23,1,1274.76,1274.76,2025-06-19
4398,182,11,1,229.25,229.25,2025-06-19
5054,8,32,1,806.52,806.52,2025-06-19
5399,440,2,1,3810.25,3810.25,2025-06-19
5887,10,25,1,1905.87,1905.87,2025-06-19
5987,245,29,2,2430.8,4861.6,2025-06-19
6601,443,18,1,2170.31,2170.31,2025-06-19
6978,8,28,1,2129.8,2129.8,2025-06-19
7237,360,15,1,850.03,850.03,2025-06-19
7766,244,2,1,3810.25,3810.25,2025-06-19
9170,98,21,1,2505.63,2505.63,2025-06-19
9357,34,31,2,2489.05,4978.1,2025-06-19
9922,427,21,1,2505.63,2505.63,2025-06-19
10925,206,23,1,1274.76,1274.76,2025-06-19
10986,58,16,1,856.11,856.11,2025-06-19
11221,15,17,2,1321.33,2642.66,2025-06-19
11796,475,1,1,1591.98,1591.98,2025-06-19
11815,119,35,2,3867.68,7735.36,2025-06-19
503,471,17,1,1321.33,1321.33,2025-06-20
583,378,25,2,1905.87,3811.74,2025-06-20
751,107,32,1,806.52,806.52,2025-06-20
1108,86,24,1,1560.49,1560.49,2025-06-20
1209,238,5,1,750.67,750.67,2025-06-20
1488,378,18,1,2170.31,2170.31,2025-06-20
1523,496,34,1,3803.21,3803.21,2025-06-20
2132,212,7,2,373.62,747.24,2025-06-20
2657,230,11,1,229.25,229.25,2025-06-20
2843,172,15,3,850.03,2550.09,2025-06-20
3943,245,32,1,806.52,806.52,2025-06-20
3977,117,27,2,918.74,1837.48,2025-06-20
4173,385,11,1,229.25,229.25,2025-06-20
4357,478,30,1,328.83,328.83,2025-06-20
4479,20,23,1,1274.76,1274.76,2025-06-20
4612,30,4,1,2454.84,2454.84,2025-06-20
4813,486,34,1,3803.21,3803.21,2025-06-20
8534,377,11,1,229.25,229.25,2025-06-20
8759,349,17,1,1321.33,1321.33,2025-06-20
10998,17,11,1,229.25,229.25,2025-06-20
11463,349,22,1,687.05,687.05,2025-06-20
11781,206,21,1,2505.63,2505.63,2025-06-20
1394,99,9,1,2464.29,2464.29,2025-06-21
2980,86,16,1,856.11,856.11,2025-06-21
4553,342,5,1,750.67,750.67,2025-06-21
4700,19,4,2,2454.84,4909.68,2025-06-21
5176,289,33,2,400.45,800.9,2025-06-21
5762,269,19,1,1812.99,1812.99,2025-06-21
6244,380,13,1,3354.9,3354.9,2025-06-21
6591,84,20,2,1271.23,2542.46,2025-06-21
8678,463,14,1,967.51,967.51,2025-06-21
9292,386,21,1,2505.63,2505.63,2025-06-21
9861,232,21,1,2505.63,2505.63,2025-06-21
10114,409,3,1,2968.18,2968.18,2025-06-21
10644,238,6,1,750.58,750.58,2025-06-21
10967,420,17,1,1321.33,1321.33,2025-06-21
11762,350,35,3,3867.68,11603.04,2025-06-21
91,270,18,1,2170.31,2170.31,2025-06-22
320,386,20,1,1271.23,1271.23,2025-06-22
754,461,26,1,3172.93,3172.93,2025-06-22
916,348,32,2,806.52,1613.04,2025-06-22
1126,487,6,2,750.58,1501.16,2025-06-22
1271,13,11,3,229.25,687.75,2025-06-22
2336,31,8,1,3484.78,3484.78,2025-06-22
2402,141,22,1,687.05,687.05,2025-06-22
3813,323,18,1,2170.31,2170.31,2025-06-22
4226,101,3,1,2968.18,2968.18,2025-06-22
5871,489,31,2,2489.05,4978.1,2025-06-22
6379,172,27,1,918.74,918.74,2025-06-22
6502,238,4,1,2454.84,2454.84,2025-06-22
7486,453,6,1,750.58,750.58,2025-06-22
7669,468,8,1,3484.78,3484.78,2025-06-22
11103,468,8,2,3484.78,6969.56,2025-06-22
458,114,32,1,806.52,806.52,2025-06-23
633,482,9,1,2464.29,2464.29,2025-06-23
1528,212,17,1,1321.33,1321.33,2025-06-23
2391,188,17,1,1321.33,1321.33,2025-06-23
3957,497,27,1,918.74,918.74,2025-06-23
5609,193,12,1,3884.15,3884.15,2025-06-23
5718,227,29,1,2430.8,2430.8,2025-06-23
6588,323,7,2,373.62,747.24,2025-06-23
8451,191,6,1,750.58,750.58,2025-06-23
8883,148,17,1,1321.33,1321.33,2025-06-23
9005,105,31,1,2489.05,2489.05,2025-06-23
9624,8,11,1,229.25,229.25,2025-06-23
9904,101,8,2,3484.78,6969.56,2025-06-23
9988,241,10,1,2876.08,2876.08,2025-06-23
10343,206,6,1,750.58,750.58,2025-06-23
10841,109,6,1,750.58,750.58,2025-06-23
667,226,35,1,3867.68,3867.68,2025-06-24
723,78,6,1,750.58,750.58,2025-06-24
1273,20,17,2,1321.33,2642.66,2025-06-24
1555,488,21,1,2505.63,2505.63,2025-06-24
1797,205,2,3,3810.25,11430.75,2025-06-24
2065,320,35,1,3867.68,3867.68,2025-06-24
5114,52,29,1,2430.8,2430.8,2025-06-24
6713,373,9,1,2464.29,2464.29,2025-06-24
6864,270,10,1,2876.08,2876.08,2025-06-24
7060,164,23,1,1274.76,1274.76,2025-06-24
8247,57,14,3,967.51,2902.53,2025-06-24
9057,251,12,1,3884.15,3884.15,2025-06-24
9661,252,35,1,3867.68,3867.68,2025-06-24
9742,99,24,1,1560.49,1560.49,2025-06-24
10542,323,35,2,3867.68,7735.36,2025-06-24
1338,420,35,1,3867.68,3867.68,2025-06-25
4214,429,9,1,2464.29,2464.29,2025-06-25
4706,364,9,1,2464.29,2464.29,2025-06-25
5937,104,14,1,967.51,967.51,2025-06-25
6962,69,18,1,2170.31,2170.31,2025-06-25
8455,464,30,2,328.83,657.66,2025-06-25
8579,483,10,2,2876.08,5752.16,2025-06-25
8716,373,8,1,3484.78,3484.78,2025-06-25
10178,452,8,1,3484.78,3484.78,2025-06-25
860,136,3,1,2968.18,2968.18,2025-06-26
1411,453,22,1,687.05,687.05,2025-06-26
1513,121,30,1,328.83,328.83,2025-06-26
2355,229,7,2,373.62,747.24,2025-06-26
4440,34,15,1,850.03,850.03,2025-06-26
5151,359,36,1,3262.33,3262.33,2025-06-26
5416,85,28,1,2129.8,2129.8,2025-06-26
5833,308,23,1,1274.76,1274.76,2025-06-26
8338,206,13,3,3354.9,10064.7,2025-06-26
9800,485,3,1,2968.18,2968.18,2025-06-26
10606,186,32,1,806.52,806.52,2025-06-26
133,161,9,3,2464.29,7392.87,2025-06-27
205,403,3,2,2968.18,5936.36,2025-06-27
355,350,14,1,967.51,967.51,2025-06-27
430,163,23,1,1274.76,1274.76,2025-06-27
513,466,27,2,918.74,1837.48,2025-06-27
2829,130,16,1,856.11,856.11,2025-06-27
3086,15,22,2,687.05,1374.1,2025-06-27
3233,255,24,1,1560.49,1560.49,2025-06-27
4151,355,31,1,2489.05,2489.05,2025-06-27
5144,196,20,1,1271.23,1271.23,2025-06-27
5532,270,13,1,3354.9,3354.9,2025-06-27
6148,194,17,1,1321.33,1321.33,2025-06-27
8106,488,25,1,1905.87,1905.87,2025-06-27
8956,348,19,2,1812.99,3625.98,2025-06-27
9600,212,4,1,2454.84,2454.84,2025-06-27
1346,156,34,1,3803.21,3803.21,2025-06-28
1508,182,33,1,400.45,400.45,2025-06-28
3584,379,11,2,229.25,458.5,2025-06-28
4024,434,19,1,1812.99,1812.99,2025-06-28
4222,268,1,1,1591.98,1591.98,2025-06-28
4432,251,32,2,806.52,1613.04,2025-06-28
5154,429,22,1,687.05,687.05,2025-06-28
5872,16,8,1,3484.78,3484.78,2025-06-28
8433,20,31,1,2489.05,2489.05,2025-06-28
8469,42,9,1,2464.29,2464.29,2025-06-28
9816,66,9,1,2464.29,2464.29,2025-06-28
11414,500,20,1,1271.23,1271.23,2025-06-28
11448,409,24,1,1560.49,1560.49,2025-06-28
475,269,32,2,806.52,1613.04,2025-06-29
1086,473,15,1,850.03,850.03,2025-06-29
1130,52,27,1,918.74,918.74,2025-06-29
4840,231,8,1,3484.78,3484.78,2025-06-29
5137,13,18,2,2170.31,4340.62,2025-06-29
5613,305,32,2,806.52,1613.04,2025-06-29
6175,89,7,2,373.62,747.24,2025-06-29
7263,402,34,1,3803.21,3803.21,2025-06-29
7451,104,14,1,967.51,967.51,2025-06-29
8017,379,12,1,3884.15,3884.15,2025-06-29
8521,237,36,1,3262.33,3262.33,2025-06-29
8998,380,32,1,806.52,806.52,2025-06-29
11534,53,27,1,918.74,918.74,2025-06-29
11590,226,8,1,3484.78,3484.78,2025-06-29
11603,34,31,1,2489.05,2489.05,2025-06-29
105,197,30,1,328.83,328.83,2025-06-30
655,318,34,1,3803.21,3803.21,2025-06-30
1449,17,29,1,2430.8,2430.8,2025-06-30
2824,85,33,2,400.45,800.9,2025-06-30
3136,34,27,1,918.74,918.74,2025-06-30
3268,231,36,1,3262.33,3262.33,2025-06-30
3319,38,36,2,3262.33,6524.66,2025-06-30
3868,403,14,2,967.51,1935.02,2025-06-30
3980,347,20,2,1271.23,2542.46,2025-06-30
4245,487,3,1,2968.18,2968.18,2025-06-30
4881,496,19,1,1812.99,1812.99,2025-06-30
5690,496,11,1,229.25,229.25,2025-06-30
6268,16,34,1,3803.21,3803.21,2025-06-30
7051,316,16,2,856.11,1712.22,2025-06-30
7145,278,6,2,750.58,1501.16,2025-06-30
8743,425,3,3,2968.18,8904.54,2025-06-30
8802,375,2,1,3810.25,3810.25,2025-06-30
8996,311,18,1,2170.31,2170.31,2025-06-30
9660,130,6,2,750.58,1501.16,2025-06-30
11346,20,23,1,1274.76,1274.76,2025-06-30
11679,353,36,1,3262.33,3262.33,2025-06-30
1194,279,15,1,850.03,850.03,2025-07-01
1704,337,6,2,750.58,1501.16,2025-07-01
1950,152,19,1,1812.99,1812.99,2025-07-01
2868,261,6,1,750.58,750.58,2025-07-01
3300,24,35,1,3867.68,3867.68,2025-07-01
4041,285,4,1,2454.84,2454.84,2025-07-01
4781,119,6,1,750.58,750.58,2025-07-01
5284,364,7,1,373.62,373.62,2025-07-01
5850,216,25,2,1905.87,3811.74,2025-07-01
7611,20,29,2,2430.8,4861.6,2025-07-01
7753,377,21,1,2505.63,2505.63,2025-07-01
8164,193,1,1,1591.98,1591.98,2025-07-01
8815,51,3,1,2968.18,2968.18,2025-07-01
9243,404,4,1,2454.84,2454.84,2025-07-01
10224,35,21,1,2505.63,2505.63,2025-07-01
10280,343,22,1,687.05,687.05,2025-07-01
11409,191,15,1,850.03,850.03,2025-07-01
11453,38,24,1,1560.49,1560.49,2025-07-01
11790,115,23,1,1274.76,1274.76,2025-07-01
737,103,29,1,2430.8,2430.8,2025-07-02
1421,419,33,1,400.45,400.45,2025-07-02
1515,157,34,1,3803.21,3803.21,2025-07-02
2254,348,21,2,2505.63,5011.26,2025-07-02
2554,280,33,1,400.45,400.45,2025-07-02
2608,205,27,1,918.74,918.74,2025-07-02
3634,108,17,1,1321.33,1321.33,2025-07-02
4771,164,1,1,1591.98,1591.98,2025-07-02
5275,226,1,2,1591.98,3183.96,2025-07-02
6133,355,24,1,1560.49,1560.49,2025-07-02
7462,457,32,1,806.52,806.52,2025-07-02
9306,22,19,1,1812.99,1812.99,2025-07-02
9481,157,18,1,2170.31,2170.31,2025-07-02
9539,349,21,1,2505.63,2505.63,2025-07-02
10809,343,2,1,3810.25,3810.25,2025-07-02
10826,221,34,1,3803.21,3803.21,2025-07-02
10829,347,4,2,2454.84,4909.68,2025-07-02
225,487,33,2,400.45,800.9,2025-07-03
1031,147,19,2,1812.99,3625.98,2025-07-03
1282,188,9,1,2464.29,2464.29,2025-07-03
1710,411,20,3,1271.23,3813.69,2025-07-03
1791,244,34,1,3803.21,3803.21,2025-07-03
2091,219,3,1,2968.18,2968.18,2025-07-03
2099,356,33,2,400.45,800.9,2025-07-03
3224,491,32,3,806.52,2419.56,2025-07-03
4552,429,27,1,918.74,918.74,2025-07-03
4764,15,11,2,229.25,458.5,2025-07-03
5323,39,34,1,3803.21,3803.21,2025-07-03
7645,8,31,1,2489.05,2489.05,2025-07-03
8337,241,3,1,2968.18,2968.18,2025-07-03
8592,360,16,1,856.11,856.11,2025-07-03
8999,212,36,1,3262.33,3262.33,2025-07-03
10307,98,6,1,750.58,750.58,2025-07-03
11823,285,9,1,2464.29,2464.29,2025-07-03
255,157,1,1,1591.98,1591.98,2025-07-04
1266,273,31,2,2489.05,4978.1,2025-07-04
1399,403,22,1,687.05,687.05,2025-07-04
1826,119,29,1,2430.8,2430.8,2025-07-04
1861,210,11,1,229.25,229.25,2025-07-04
2092,267,32,1,806.52,806.52,2025-07-04
3267,12,20,1,1271.23,1271.23,2025-07-04
3278,41,36,1,3262.33,3262.33,2025-07-04
3340,54,25,1,1905.87,1905.87,2025-07-04
3741,267,28,1,2129.8,2129.8,2025-07-04
4563,111,31,1,2489.05,2489.05,2025-07-04
5447,349,18,1,2170.31,2170.31,2025-07-04
5942,245,20,2,1271.23,2542.46,2025-07-04
7120,358,6,1,750.58,750.58,2025-07-04
7700,280,32,1,806.52,806.52,2025-07-04
8834,310,10,1,2876.08,2876.08,2025-07-04
9696,212,27,1,918.74,918.74,2025-07-04
10571,221,27,1,918.74,918.74,2025-07-04
10682,409,3,1,2968.18,2968.18,2025-07-04
11229,497,22,1,687.05,687.05,2025-07-04
11562,59,13,1,3354.9,3354.9,2025-07-04
11675,249,5,1,750.67,750.67,2025-07-04
11791,303,14,1,967.51,967.51,2025-07-04
65,348,33,1,400.45,400.45,2025-07-05
1160,210,13,2,3354.9,6709.8,2025-07-05
1907,382,35,1,3867.68,3867.68,2025-07-05
3405,376,6,2,750.58,1501.16,2025-07-05
3892,172,27,1,918.74,918.74,2025-07-05
5724,497,1,2,1591.98,3183.96,2025-07-05
6671,68,15,1,850.03,850.03,2025-07-05
7172,112,20,1,1271.23,1271.23,2025-07-05
7177,239,1,1,1591.98,1591.98,2025-07-05
8210,434,34,2,3803.21,7606.42,2025-07-05
8343,45,2,1,3810.25,3810.25,2025-07-05
8995,191,22,1,687.05,687.05,2025-07-05
10540,75,31,1,2489.05,2489.05,2025-07-05
11883,429,25,1,1905.87,1905.87,2025-07-05
203,223,4,1,2454.84,2454.84,2025-07-06
632,163,9,1,2464.29,2464.29,2025-07-06
1333,203,14,1,967.51,967.51,2025-07-06
1371,413,19,1,1812.99,1812.99,2025-07-06
3424,126,28,1,2129.8,2129.8,2025-07-06
3590,492,29,1,2430.8,2430.8,2025-07-06
3983,285,30,2,328.83,657.66,2025-07-06
5420,338,19,1,1812.99,1812.99,2025-07-06
5688,499,29,1,2430.8,2430.8,2025-07-06
6156,126,32,2,806.52,1613.04,2025-07-06
6894,433,13,1,3354.9,3354.9,2025-07-06
7881,221,34,1,3803.21,3803.21,2025-07-06
8550,323,6,1,750.58,750.58,2025-07-06
10681,426,29,1,2430.8,2430.8,2025-07-06
11489,210,32,1,806.52,806.52,2025-07-06
306,103,30,1,328.83,328.83,2025-07-07
2493,96,24,2,1560.49,3120.98,2025-07-07
3251,350,1,1,1591.98,1591.98,2025-07-07
3816,455,8,1,3484.78,3484.78,2025-07-07
3964,322,30,1,328.83,328.83,2025-07-07
5232,78,34,1,3803.21,3803.21,2025-07-07
5267,290,10,1,2876.08,2876.08,2025-07-07
5310,156,22,1,687.05,687.05,2025-07-07
6048,127,13,1,3354.9,3354.9,2025-07-07
6883,162,14,1,967.51,967.51,2025-07-07
7117,119,16,2,856.11,1712.22,2025-07-07
10216,141,30,1,328.83,328.83,2025-07-07
109,400,22,1,687.05,687.05,2025-07-08
1314,236,8,1,3484.78,3484.78,2025-07-08
2205,411,12,1,3884.15,3884.15,2025-07-08
2545,354,8,2,3484.78,6969.56,2025-07-08
3152,305,31,2,2489.05,4978.1,2025-07-08
3796,415,9,1,2464.29,2464.29,2025-07-08
4156,423,32,1,806.52,806.52,2025-07-08
4475,45,7,1,373.62,373.62,2025-07-08
7031,156,31,1,2489.05,2489.05,2025-07-08
7065,214,23,1,1274.76,1274.76,2025-07-08
7360,104,4,1,2454.84,2454.84,2025-07-08
7801,285,7,3,373.62,1120.86,2025-07-08
9117,237,18,2,2170.31,4340.62,2025-07-08
10394,357,8,1,3484.78,3484.78,2025-07-08
10863,478,12,1,3884.15,3884.15,2025-07-08
11026,409,34,1,3803.21,3803.21,2025-07-08
1485,27,12,1,3884.15,3884.15,2025-07-09
1875,488,12,1,3884.15,3884.15,2025-07-09
2383,453,22,1,687.05,687.05,2025-07-09
3127,464,1,1,1591.98,1591.98,2025-07-09
4139,482,3,1,2968.18,2968.18,2025-07-09
4852,464,10,1,2876.08,2876.08,2025-07-09
5574,165,9,1,2464.29,2464.29,2025-07-09
6046,229,11,2,229.25,458.5,2025-07-09
8905,463,19,1,1812.99,1812.99,2025-07-09
9355,121,17,1,1321.33,1321.33,2025-07-09
9366,157,17,1,1321.33,1321.33,2025-07-09
10427,176,4,1,2454.84,2454.84,2025-07-09
11438,235,20,1,1271.23,1271.23,2025-07-09
11835,3,29,1,2430.8,2430.8,2025-07-09
68,454,21,1,2505.63,2505.63,2025-07-10
791,34,1,1,1591.98,1591.98,2025-07-10
1565,148,10,1,2876.08,2876.08,2025-07-10
1873,148,5,2,750.67,1501.34,2025-07-10
2339,205,3,2,2968.18,5936.36,2025-07-10
3223,474,33,1,400.45,400.45,2025-07-10
3423,175,32,2,806.52,1613.04,2025-07-10
3611,182,15,1,850.03,850.03,2025-07-10
4066,354,14,1,967.51,967.51,2025-07-10
4143,23,33,1,400.45,400.45,2025-07-10
4643,454,6,1,750.58,750.58,2025-07-10
5843,163,17,2,1321.33,2642.66,2025-07-10
7558,245,29,1,2430.8,2430.8,2025-07-10
8918,349,35,1,3867.68,3867.68,2025-07-10
10010,212,29,2,2430.8,4861.6,2025-07-10
10330,79,21,1,2505.63,2505.63,2025-07-10
755,353,17,1,1321.33,1321.33,2025-07-11
1344,33,25,2,1905.87,3811.74,2025-07-11
2343,406,1,1,1591.98,1591.98,2025-07-11
3475,239,17,2,1321.33,2642.66,2025-07-11
6870,160,36,1,3262.33,3262.33,2025-07-11
8366,220,20,1,1271.23,1271.23,2025-07-11
8924,66,7,2,373.62,747.24,2025-07-11
9386,218,23,2,1274.76,2549.52,2025-07-11
11150,478,5,1,750.67,750.67,2025-07-11
818,440,27,1,918.74,918.74,2025-07-12
978,13,7,1,373.62,373.62,2025-07-12
1686,363,8,2,3484.78,6969.56,2025-07-12
3323,377,18,1,2170.31,2170.31,2025-07-12
4256,260,6,1,750.58,750.58,2025-07-12
4998,383,11,1,229.25,229.25,2025-07-12
9262,124,15,1,850.03,850.03,2025-07-12
9982,79,18,1,2170.31,2170.31,2025-07-12
10942,79,5,1,750.67,750.67,2025-07-12
11135,226,25,1,1905.87,1905.87,2025-07-12
773,460,32,1,806.52,806.52,2025-07-13
1878,27,13,1,3354.9,3354.9,2025-07-13
2071,409,34,1,3803.21,3803.21,2025-07-13
2198,464,34,2,3803.21,7606.42,2025-07-13
3182,122,25,1,1905.87,1905.87,2025-07-13
4397,446,6,2,750.58,1501.16,2025-07-13
5039,317,25,1,1905.87,1905.87,2025-07-13
6049,247,9,2,2464.29,4928.58,2025-07-13
7539,378,13,2,3354.9,6709.8,2025-07-13
7549,182,19,2,1812.99,3625.98,2025-07-13
8738,161,8,1,3484.78,3484.78,2025-07-13
9530,411,33,1,400.45,400.45,2025-07-13
10066,149,16,3,856.11,2568.33,2025-07-13
10190,160,30,1,328.83,328.83,2025-07-13
10232,500,17,2,1321.33,2642.66,2025-07-13
10896,343,27,1,918.74,918.74,2025-07-13
1278,80,9,1,2464.29,2464.29,2025-07-14
2479,473,31,1,2489.05,2489.05,2025-07-14
2878,483,17,1,1321.33,1321.33,2025-07-14
3058,431,23,1,1274.76,1274.76,2025-07-14
3115,182,19,2,1812.99,3625.98,2025-07-14
3341,385,27,1,918.74,918.74,2025-07-14
4658,373,21,2,2505.63,5011.26,2025-07-14
6313,255,14,2,967.51,1935.02,2025-07-14
6537,473,17,1,1321.33,1321.33,2025-07-14
6995,411,5,1,750.67,750.67,2025-07-14
10246,380,17,1,1321.33,1321.33,2025-07-14
10970,411,3,2,2968.18,5936.36,2025-07-14
352,222,6,1,750.58,750.58,2025-07-15
721,134,34,1,3803.21,3803.21,2025-07-15
2906,69,27,3,918.74,2756.22,2025-07-15
3831,360,16,1,856.11,856.11,2025-07-15
3939,50,19,1,1812.99,1812.99,2025-07-15
3966,7,32,1,806.52,806.52,2025-07-15
4001,373,4,1,2454.84,2454.84,2025-07-15
4339,157,21,2,2505.63,5011.26,2025-07-15
4400,214,9,1,2464.29,2464.29,2025-07-15
4925,205,5,1,750.67,750.67,2025-07-15
5656,372,20,1,1271.23,1271.23,2025-07-15
7740,483,27,1,918.74,918.74,2025-07-15
8143,153,2,1,3810.25,3810.25,2025-07-15
8240,323,5,1,750.67,750.67,2025-07-15
10538,484,14,1,967.51,967.51,2025-07-15
18,392,16,2,856.11,1712.22,2025-07-16
1867,150,30,1,328.83,328.83,2025-07-16
2500,443,17,1,1321.33,1321.33,2025-07-16
3033,235,21,1,2505.63,2505.63,2025-07-16
3359,232,4,1,2454.84,2454.84,2025-07-16
3362,332,26,1,3172.93,3172.93,2025-07-16
3716,197,24,1,1560.49,1560.49,2025-07-16
4088,226,18,1,2170.31,2170.31,2025-07-16
4982,230,28,2,2129.8,4259.6,2025-07-16
7903,95,5,1,750.67,750.67,2025-07-16
8993,286,8,1,3484.78,3484.78,2025-07-16
10291,443,34,1,3803.21,3803.21,2025-07-16
1053,112,10,1,2876.08,2876.08,2025-07-17
1180,331,34,1,3803.21,3803.21,2025-07-17
1475,394,10,1,2876.08,2876.08,2025-07-17
2274,280,11,1,229.25,229.25,2025-07-17
2326,353,17,2,1321.33,2642.66,2025-07-17
3012,456,27,1,918.74,918.74,2025-07-17
3212,226,11,1,229.25,229.25,2025-07-17
4241,104,2,2,3810.25,7620.5,2025-07-17
4249,70,33,1,400.45,400.45,2025-07-17
4259,410,12,1,3884.15,3884.15,2025-07-17
4618,186,9,2,2464.29,4928.58,2025-07-17
4692,447,5,1,750.67,750.67,2025-07-17
4744,385,30,3,328.83,986.49,2025-07-17
7510,212,15,1,850.03,850.03,2025-07-17
8399,210,4,1,2454.84,2454.84,2025-07-17
8615,385,13,2,3354.9,6709.8,2025-07-17
8749,184,36,1,3262.33,3262.33,2025-07-17
11577,52,26,2,3172.93,6345.86,2025-07-17
45,118,8,1,3484.78,3484.78,2025-07-18
909,92,15,1,850.03,850.03,2025-07-18
927,34,12,1,3884.15,3884.15,2025-07-18
945,43,36,1,3262.33,3262.33,2025-07-18
1509,329,33,1,400.45,400.45,2025-07-18
2682,287,2,1,3810.25,3810.25,2025-07-18
3421,500,20,2,1271.23,2542.46,2025-07-18
4175,137,11,1,229.25,229.25,2025-07-18
6606,328,5,1,750.67,750.67,2025-07-18
8458,359,10,1,2876.08,2876.08,2025-07-18
8470,3,26,1,3172.93,3172.93,2025-07-18
8844,158,1,1,1591.98,1591.98,2025-07-18
9024,500,35,1,3867.68,3867.68,2025-07-18
9397,216,11,1,229.25,229.25,2025-07-18
10262,429,21,2,2505.63,5011.26,2025-07-18
10339,145,20,1,1271.23,1271.23,2025-07-18
10459,183,24,1,1560.49,1560.49,2025-07-18
11238,363,22,1,687.05,687.05,2025-07-18
29,91,5,1,750.67,750.67,2025-07-19
1445,428,1,2,1591.98,3183.96,2025-07-19
1545,8,32,1,806.52,806.52,2025-07-19
1767,438,17,1,1321.33,1321.33,2025-07-19
2588,119,7,1,373.62,373.62,2025-07-19
3170,291,36,1,3262.33,3262.33,2025-07-19
3643,406,25,1,1905.87,1905.87,2025-07-19
5028,50,2,1,3810.25,3810.25,2025-07-19
6888,245,6,1,750.58,750.58,2025-07-19
7223,217,22,1,687.05,687.05,2025-07-19
7575,77,5,2,750.67,1501.34,2025-07-19
8390,375,5,1,750.67,750.67,2025-07-19
10285,84,15,2,850.03,1700.06,2025-07-19
10675,156,12,1,3884.15,3884.15,2025-07-19
11636,331,11,3,229.25,687.75,2025-07-19
11809,459,19,2,1812.99,3625.98,2025-07-19
1047,203,33,2,400.45,800.9,2025-07-20
1465,270,32,2,806.52,1613.04,2025-07-20
2041,496,18,2,2170.31,4340.62,2025-07-20
2165,332,6,2,750.58,1501.16,2025-07-20
2184,60,6,1,750.58,750.58,2025-07-20
2549,18,20,1,1271.23,1271.23,2025-07-20
3088,464,10,1,2876.08,2876.08,2025-07-20
3117,431,28,2,2129.8,4259.6,2025-07-20
3331,269,21,2,2505.63,5011.26,2025-07-20
4275,418,15,1,850.03,850.03,2025-07-20
5504,52,13,2,3354.9,6709.8,2025-07-20
7707,376,9,1,2464.29,2464.29,2025-07-20
7940,165,17,1,1321.33,1321.33,2025-07-20
9363,162,34,2,3803.21,7606.42,2025-07-20
9454,354,29,1,2430.8,2430.8,2025-07-20
10408,17,9,1,2464.29,2464.29,2025-07-20
10822,210,9,1,2464.29,2464.29,2025-07-20
10836,356,6,1,750.58,750.58,2025-07-20
11789,278,17,3,1321.33,3963.99,2025-07-20
295,458,28,1,2129.8,2129.8,2025-07-21
562,393,26,1,3172.93,3172.93,2025-07-21
678,208,2,1,3810.25,3810.25,2025-07-21
758,415,23,1,1274.76,1274.76,2025-07-21
905,446,9,1,2464.29,2464.29,2025-07-21
4148,254,4,1,2454.84,2454.84,2025-07-21
5290,313,34,1,3803.21,3803.21,2025-07-21
5780,427,24,1,1560.49,1560.49,2025-07-21
5974,86,2,2,3810.25,7620.5,2025-07-21
6074,20,7,1,373.62,373.62,2025-07-21
6700,289,17,1,1321.33,1321.33,2025-07-21
7104,35,22,2,687.05,1374.1,2025-07-21
8511,294,1,1,1591.98,1591.98,2025-07-21
9077,347,11,1,229.25,229.25,2025-07-21
9975,235,7,1,373.62,373.62,2025-07-21
10596,266,1,1,1591.98,1591.98,2025-07-21
1621,353,30,1,328.83,328.83,2025-07-22
1829,464,6,1,750.58,750.58,2025-07-22
3332,478,17,1,1321.33,1321.33,2025-07-22
3649,14,36,1,3262.33,3262.33,2025-07-22
3854,293,27,1,918.74,918.74,2025-07-22
4455,130,30,1,328.83,328.83,2025-07-22
5002,27,6,1,750.58,750.58,2025-07-22
7122,168,25,1,1905.87,1905.87,2025-07-22
7412,476,15,1,850.03,850.03,2025-07-22
10949,453,7,1,373.62,373.62,2025-07-22
383,179,34,1,3803.21,3803.21,2025-07-23
2273,364,5,1,750.67,750.67,2025-07-23
2586,184,20,1,1271.23,1271.23,2025-07-23
3196,475,1,1,1591.98,1591.98,2025-07-23
4277,496,9,1,2464.29,2464.29,2025-07-23
5772,94,31,1,2489.05,2489.05,2025-07-23
6467,411,17,2,1321.33,2642.66,2025-07-23
7150,203,18,1,2170.31,2170.31,2025-07-23
9428,257,1,1,1591.98,1591.98,2025-07-23
9671,320,17,1,1321.33,1321.33,2025-07-23
10169,163,30,1,328.83,328.83,2025-07-23
10451,245,7,2,373.62,747.24,2025-07-23
11558,465,11,2,229.25,458.5,2025-07-23
219,205,1,1,1591.98,1591.98,2025-07-24
1410,92,17,1,1321.33,1321.33,2025-07-24
1620,420,4,2,2454.84,4909.68,2025-07-24
3032,164,26,1,3172.93,3172.93,2025-07-24
3644,237,21,1,2505.63,2505.63,2025-07-24
3882,196,19,1,1812.99,1812.99,2025-07-24
4662,360,1,3,1591.98,4775.94,2025-07-24
6062,27,36,1,3262.33,3262.33,2025-07-24
6419,406,10,2,2876.08,5752.16,2025-07-24
6780,448,7,2,373.62,747.24,2025-07-24
597,32,3,1,2968.18,2968.18,2025-07-25
1138,329,22,1,687.05,687.05,2025-07-25
1733,289,4,1,2454.84,2454.84,2025-07-25
2996,368,26,2,3172.93,6345.86,2025-07-25
3288,114,32,3,806.52,2419.56,2025-07-25
4209,24,6,1,750.58,750.58,2025-07-25
4229,473,17,1,1321.33,1321.33,2025-07-25
4230,237,20,1,1271.23,1271.23,2025-07-25
4566,306,22,1,687.05,687.05,2025-07-25
5412,185,25,2,1905.87,3811.74,2025-07-25
5540,147,17,1,1321.33,1321.33,2025-07-25
6356,40,23,1,1274.76,1274.76,2025-07-25
7584,135,23,1,1274.76,1274.76,2025-07-25
9014,291,14,2,967.51,1935.02,2025-07-25
9925,130,22,1,687.05,687.05,2025-07-25
10750,370,22,2,687.05,1374.1,2025-07-25
11526,158,36,1,3262.33,3262.33,2025-07-25
1301,126,24,2,1560.49,3120.98,2025-07-26
1636,297,30,1,328.83,328.83,2025-07-26
2766,463,29,2,2430.8,4861.6,2025-07-26
3648,20,14,1,967.51,967.51,2025-07-26
3718,216,15,1,850.03,850.03,2025-07-26
3734,277,31,1,2489.05,2489.05,2025-07-26
4348,478,29,1,2430.8,2430.8,2025-07-26
5592,464,16,2,856.11,1712.22,2025-07-26
5868,145,28,1,2129.8,2129.8,2025-07-26
6436,10,2,1,3810.25,3810.25,2025-07-26
6943,183,30,1,328.83,328.83,2025-07-26
6967,500,29,1,2430.8,2430.8,2025-07-26
7027,432,32,1,806.52,806.52,2025-07-26
7374,117,26,2,3172.93,6345.86,2025-07-26
9096,431,4,1,2454.84,2454.84,2025-07-26
9998,455,30,2,328.83,657.66,2025-07-26
10200,455,24,1,1560.49,1560.49,2025-07-26
1143,155,18,3,2170.31,6510.93,2025-07-27
3881,59,15,1,850.03,850.03,2025-07-27
4848,496,19,1,1812.99,1812.99,2025-07-27
6210,213,25,1,1905.87,1905.87,2025-07-27
11069,122,14,2,967.51,1935.02,2025-07-27
11082,361,19,1,1812.99,1812.99,2025-07-27
11094,318,24,1,1560.49,1560.49,2025-07-27
238,232,11,1,229.25,229.25,2025-07-28
409,440,7,2,373.62,747.24,2025-07-28
1123,331,30,2,328.83,657.66,2025-07-28
2721,434,35,3,3867.68,11603.04,2025-07-28
3161,386,21,1,2505.63,2505.63,2025-07-28
3235,370,1,1,1591.98,1591.98,2025-07-28
4005,456,19,2,1812.99,3625.98,2025-07-28
4355,99,1,1,1591.98,1591.98,2025-07-28
4438,402,8,1,3484.78,3484.78,2025-07-28
5745,496,33,1,400.45,400.45,2025-07-28
6486,229,26,1,3172.93,3172.93,2025-07-28
9311,16,2,2,3810.25,7620.5,2025-07-28
9627,453,36,1,3262.33,3262.33,2025-07-28
9947,147,5,1,750.67,750.67,2025-07-28
10885,101,28,1,2129.8,2129.8,2025-07-28
10914,282,7,1,373.62,373.62,2025-07-28
11025,41,26,1,3172.93,3172.93,2025-07-28
11543,223,20,2,1271.23,2542.46,2025-07-28
386,438,16,1,856.11,856.11,2025-07-29
387,359,17,1,1321.33,1321.33,2025-07-29
871,367,26,1,3172.93,3172.93,2025-07-29
997,186,7,1,373.62,373.62,2025-07-29
1044,377,5,1,750.67,750.67,2025-07-29
1162,436,27,1,918.74,918.74,2025-07-29
1407,370,6,1,750.58,750.58,2025-07-29
1844,185,30,1,328.83,328.83,2025-07-29
3040,203,15,1,850.03,850.03,2025-07-29
3130,20,23,1,1274.76,1274.76,2025-07-29
4681,8,15,1,850.03,850.03,2025-07-29
5685,445,13,1,3354.9,3354.9,2025-07-29
6078,384,8,1,3484.78,3484.78,2025-07-29
6774,53,16,1,856.11,856.11,2025-07-29
6793,205,8,1,3484.78,3484.78,2025-07-29
7947,243,10,2,2876.08,5752.16,2025-07-29
8178,79,36,2,3262.33,6524.66,2025-07-29
8359,360,27,1,918.74,918.74,2025-07-29
8779,278,11,2,229.25,458.5,2025-07-29
9618,434,22,1,687.05,687.05,2025-07-29
10036,121,25,2,1905.87,3811.74,2025-07-29
10791,414,35,1,3867.68,3867.68,2025-07-29
11973,440,28,2,2129.8,4259.6,2025-07-29
1460,177,34,2,3803.21,7606.42,2025-07-30
1721,468,32,1,806.52,806.52,2025-07-30
2015,292,29,1,2430.8,2430.8,2025-07-30
2380,436,35,1,3867.68,3867.68,2025-07-30
2605,396,4,2,2454.84,4909.68,2025-07-30
3746,235,33,2,400.45,800.9,2025-07-30
4255,20,33,1,400.45,400.45,2025-07-30
4715,445,9,1,2464.29,2464.29,2025-07-30
6498,163,26,1,3172.93,3172.93,2025-07-30
6571,440,15,2,850.03,1700.06,2025-07-30
7146,430,2,1,3810.25,3810.25,2025-07-30
8911,406,18,1,2170.31,2170.31,2025-07-30
10907,375,5,1,750.67,750.67,2025-07-30
11917,127,10,1,2876.08,2876.08,2025-07-30
530,325,9,3,2464.29,7392.87,2025-07-31
961,213,26,1,3172.93,3172.93,2025-07-31
1275,265,2,2,3810.25,7620.5,2025-07-31
1299,323,33,1,400.45,400.45,2025-07-31
1566,122,8,1,3484.78,3484.78,2025-07-31
1683,366,15,2,850.03,1700.06,2025-07-31
2190,148,26,1,3172.93,3172.93,2025-07-31
2378,311,11,2,229.25,458.5,2025-07-31
2539,448,15,1,850.03,850.03,2025-07-31
3541,164,27,1,918.74,918.74,2025-07-31
3975,231,31,1,2489.05,2489.05,2025-07-31
5079,66,36,2,3262.33,6524.66,2025-07-31
8417,463,34,1,3803.21,3803.21,2025-07-31
9132,500,17,1,1321.33,1321.33,2025-07-31
9966,355,9,1,2464.29,2464.29,2025-07-31
10096,379,26,1,3172.93,3172.93,2025-07-31
10253,172,36,1,3262.33,3262.33,2025-07-31
10981,210,26,2,3172.93,6345.86,2025-07-31
11035,433,23,1,1274.76,1274.76,2025-07-31
11727,194,35,1,3867.68,3867.68,2025-07-31
292,411,8,1,3484.78,3484.78,2025-08-01
534,226,28,2,2129.8,4259.6,2025-08-01
1535,254,4,1,2454.84,2454.84,2025-08-01
1854,92,31,3,2489.05,7467.15,2025-08-01
2982,211,30,1,328.83,328.83,2025-08-01
3636,308,12,2,3884.15,7768.3,2025-08-01
7227,51,1,1,1591.98,1591.98,2025-08-01
9130,244,34,2,3803.21,7606.42,2025-08-01
10534,327,15,2,850.03,1700.06,2025-08-01
11208,348,34,1,3803.21,3803.21,2025-08-01
135,221,10,3,2876.08,8628.24,2025-08-02
173,324,29,1,2430.8,2430.8,2025-08-02
424,383,12,1,3884.15,3884.15,2025-08-02
1865,487,36,1,3262.33,3262.33,2025-08-02
1960,373,27,3,918.74,2756.22,2025-08-02
2438,449,7,1,373.62,373.62,2025-08-02
3380,392,17,1,1321.33,1321.33,2025-08-02
3448,402,32,1,806.52,806.52,2025-08-02
3449,107,21,2,2505.63,5011.26,2025-08-02
5201,210,24,1,1560.49,1560.49,2025-08-02
5810,384,20,1,1271.23,1271.23,2025-08-02
6178,400,27,1,918.74,918.74,2025-08-02
6913,260,24,1,1560.49,1560.49,2025-08-02
7387,485,17,1,1321.33,1321.33,2025-08-02
7973,80,6,2,750.58,1501.16,2025-08-02
8768,90,12,1,3884.15,3884.15,2025-08-02
10011,88,6,1,750.58,750.58,2025-08-02
10027,438,27,1,918.74,918.74,2025-08-02
849,331,22,1,687.05,687.05,2025-08-03
1575,112,2,1,3810.25,3810.25,2025-08-03
2144,195,8,1,3484.78,3484.78,2025-08-03
2600,205,14,1,967.51,967.51,2025-08-03
3381,418,21,1,2505.63,2505.63,2025-08-03
4141,278,22,2,687.05,1374.1,2025-08-03
4507,79,25,2,1905.87,3811.74,2025-08-03
4933,32,28,1,2129.8,2129.8,2025-08-03
5274,396,3,2,2968.18,5936.36,2025-08-03
6376,77,9,1,2464.29,2464.29,2025-08-03
8047,147,28,2,2129.8,4259.6,2025-08-03
9184,295,17,1,1321.33,1321.33,2025-08-03
9586,157,34,1,3803.21,3803.21,2025-08-03
9858,408,35,1,3867.68,3867.68,2025-08-03
9918,495,34,1,3803.21,3803.21,2025-08-03
9979,359,32,1,806.52,806.52,2025-08-03
10926,207,32,1,806.52,806.52,2025-08-03
11795,454,8,2,3484.78,6969.56,2025-08-03
437,395,2,1,3810.25,3810.25,2025-08-04
1223,99,23,1,1274.76,1274.76,2025-08-04
2230,354,24,1,1560.49,1560.49,2025-08-04
2377,244,11,1,229.25,229.25,2025-08-04
2430,402,14,1,967.51,967.51,2025-08-04
4884,217,21,1,2505.63,2505.63,2025-08-04
5044,463,18,2,2170.31,4340.62,2025-08-04
6111,53,18,2,2170.31,4340.62,2025-08-04
7598,144,16,1,856.11,856.11,2025-08-04
8481,377,25,1,1905.87,1905.87,2025-08-04
9616,471,29,1,2430.8,2430.8,2025-08-04
10189,119,27,1,918.74,918.74,2025-08-04
10308,411,12,1,3884.15,3884.15,2025-08-04
10414,164,17,1,1321.33,1321.33,2025-08-04
11303,279,25,3,1905.87,5717.61,2025-08-04
11730,400,36,2,3262.33,6524.66,2025-08-04
2658,210,6,1,750.58,750.58,2025-08-05
2961,429,28,1,2129.8,2129.8,2025-08-05
4291,38,28,1,2129.8,2129.8,2025-08-05
4749,262,13,2,3354.9,6709.8,2025-08-05
6072,4,25,2,1905.87,3811.74,2025-08-05
6529,376,31,1,2489.05,2489.05,2025-08-05
6604,483,3,1,2968.18,2968.18,2025-08-05
7219,238,10,2,2876.08,5752.16,2025-08-05
7828,153,30,2,328.83,657.66,2025-08-05
8558,1,22,1,687.05,687.05,2025-08-05
9051,499,9,1,2464.29,2464.29,2025-08-05
9210,387,4,1,2454.84,2454.84,2025-08-05
10208,464,24,1,1560.49,1560.49,2025-08-05
11230,328,12,1,3884.15,3884.15,2025-08-05
11464,229,19,1,1812.99,1812.99,2025-08-05
11628,27,2,1,3810.25,3810.25,2025-08-05
1043,77,19,1,1812.99,1812.99,2025-08-06
1904,77,10,1,2876.08,2876.08,2025-08-06
2794,497,6,1,750.58,750.58,2025-08-06
3476,479,8,1,3484.78,3484.78,2025-08-06
5932,287,12,2,3884.15,7768.3,2025-08-06
6691,413,15,1,850.03,850.03,2025-08-06
7034,289,12,2,3884.15,7768.3,2025-08-06
7235,37,14,1,967.51,967.51,2025-08-06
8865,242,29,1,2430.8,2430.8,2025-08-06
9129,179,18,1,2170.31,2170.31,2025-08-06
9234,366,15,2,850.03,1700.06,2025-08-06
10569,238,34,1,3803.21,3803.21,2025-08-06
11778,164,15,2,850.03,1700.06,2025-08-06
2562,406,15,1,850.03,850.03,2025-08-07
3133,290,6,1,750.58,750.58,2025-08-07
4190,148,12,1,3884.15,3884.15,2025-08-07
4278,53,16,1,856.11,856.11,2025-08-07
4783,77,18,3,2170.31,6510.93,2025-08-07
5554,497,9,2,2464.29,4928.58,2025-08-07
6239,489,25,2,1905.87,3811.74,2025-08-07
6352,329,19,1,1812.99,1812.99,2025-08-07
6503,205,13,1,3354.9,3354.9,2025-08-07
10196,463,29,1,2430.8,2430.8,2025-08-07
10690,242,32,1,806.52,806.52,2025-08-07
11486,365,34,1,3803.21,3803.21,2025-08-07
11572,473,34,1,3803.21,3803.21,2025-08-07
11623,8,15,1,850.03,850.03,2025-08-07
11896,467,12,1,3884.15,3884.15,2025-08-07
166,343,31,1,2489.05,2489.05,2025-08-08
565,86,12,1,3884.15,3884.15,2025-08-08
971,349,27,1,918.74,918.74,2025-08-08
1638,464,36,2,3262.33,6524.66,2025-08-08
2170,90,15,1,850.03,850.03,2025-08-08
2499,280,34,1,3803.21,3803.21,2025-08-08
2564,496,20,1,1271.23,1271.23,2025-08-08
2689,236,16,1,856.11,856.11,2025-08-08
3848,270,25,1,1905.87,1905.87,2025-08-08
3910,214,26,1,3172.93,3172.93,2025-08-08
4279,262,24,2,1560.49,3120.98,2025-08-08
4353,410,33,2,400.45,800.9,2025-08-08
4550,446,31,1,2489.05,2489.05,2025-08-08
4704,20,11,1,229.25,229.25,2025-08-08
5244,213,27,1,918.74,918.74,2025-08-08
6975,172,25,1,1905.87,1905.87,2025-08-08
7506,301,12,1,3884.15,3884.15,2025-08-08
8136,34,34,2,3803.21,7606.42,2025-08-08
8330,203,7,2,373.62,747.24,2025-08-08
8788,267,11,1,229.25,229.25,2025-08-08
9079,497,19,1,1812.99,1812.99,2025-08-08
9425,86,23,1,1274.76,1274.76,2025-08-08
9467,156,14,1,967.51,967.51,2025-08-08
11125,27,34,2,3803.21,7606.42,2025-08-08
906,343,22,1,687.05,687.05,2025-08-09
1243,270,33,1,400.45,400.45,2025-08-09
1281,406,1,1,1591.98,1591.98,2025-08-09
1870,229,21,1,2505.63,2505.63,2025-08-09
1912,499,11,1,229.25,229.25,2025-08-09
2557,239,17,1,1321.33,1321.33,2025-08-09
3020,315,30,1,328.83,328.83,2025-08-09
3211,406,23,1,1274.76,1274.76,2025-08-09
3337,233,34,1,3803.21,3803.21,2025-08-09
3532,105,35,1,3867.68,3867.68,2025-08-09
4465,308,9,2,2464.29,4928.58,2025-08-09
4680,83,28,2,2129.8,4259.6,2025-08-09
5086,247,28,1,2129.8,2129.8,2025-08-09
6999,213,29,1,2430.8,2430.8,2025-08-09
7341,138,35,1,3867.68,3867.68,2025-08-09
8024,463,34,1,3803.21,3803.21,2025-08-09
8191,162,3,1,2968.18,2968.18,2025-08-09
8319,228,10,2,2876.08,5752.16,2025-08-09
8320,427,10,1,2876.08,2876.08,2025-08-09
10413,3,15,2,850.03,1700.06,2025-08-09
10807,101,32,2,806.52,1613.04,2025-08-09
406,15,22,1,687.05,687.05,2025-08-10
486,130,22,1,687.05,687.05,2025-08-10
858,429,27,1,918.74,918.74,2025-08-10
1147,198,33,1,400.45,400.45,2025-08-10
1192,410,1,1,1591.98,1591.98,2025-08-10
2150,449,5,2,750.67,1501.34,2025-08-10
2305,301,10,2,2876.08,5752.16,2025-08-10
2912,487,12,1,3884.15,3884.15,2025-08-10
3525,238,14,1,967.51,967.51,2025-08-10
3774,270,16,1,856.11,856.11,2025-08-10
4857,412,7,1,373.62,373.62,2025-08-10
5071,377,9,1,2464.29,2464.29,2025-08-10
5523,12,33,1,400.45,400.45,2025-08-10
5702,168,3,1,2968.18,2968.18,2025-08-10
6139,114,5,1,750.67,750.67,2025-08-10
7605,102,30,1,328.83,328.83,2025-08-10
10168,291,35,1,3867.68,3867.68,2025-08-10
11493,8,28,1,2129.8,2129.8,2025-08-10
168,168,6,1,750.58,750.58,2025-08-11
741,74,34,2,3803.21,7606.42,2025-08-11
919,156,21,1,2505.63,2505.63,2025-08-11
1820,360,3,1,2968.18,2968.18,2025-08-11
3290,111,23,1,1274.76,1274.76,2025-08-11
3727,44,23,1,1274.76,1274.76,2025-08-11
3742,105,30,1,328.83,328.83,2025-08-11
3802,444,20,1,1271.23,1271.23,2025-08-11
5258,270,12,1,3884.15,3884.15,2025-08-11
6851,487,9,1,2464.29,2464.29,2025-08-11
7657,350,15,1,850.03,850.03,2025-08-11
8354,450,28,1,2129.8,2129.8,2025-08-11
10536,365,9,2,2464.29,4928.58,2025-08-11
10657,257,33,1,400.45,400.45,2025-08-11
1378,497,21,1,2505.63,2505.63,2025-08-12
1677,464,22,2,687.05,1374.1,2025-08-12
2365,325,7,1,373.62,373.62,2025-08-12
3850,226,25,1,1905.87,1905.87,2025-08-12
3889,443,11,2,229.25,458.5,2025-08-12
4328,432,32,2,806.52,1613.04,2025-08-12
4364,261,22,1,687.05,687.05,2025-08-12
5575,72,31,1,2489.05,2489.05,2025-08-12
5818,153,26,1,3172.93,3172.93,2025-08-12
7674,218,1,1,1591.98,1591.98,2025-08-12
8170,343,11,2,229.25,458.5,2025-08-12
8269,213,33,1,400.45,400.45,2025-08-12
8507,450,6,1,750.58,750.58,2025-08-12
9653,466,10,1,2876.08,2876.08,2025-08-12
9812,222,28,1,2129.8,2129.8,2025-08-12
10225,135,10,1,2876.08,2876.08,2025-08-12
10585,210,30,1,328.83,328.83,2025-08-12
11277,247,23,1,1274.76,1274.76,2025-08-12
967,286,7,1,373.62,373.62,2025-08-13
2809,323,10,1,2876.08,2876.08,2025-08-13
2981,415,7,1,373.62,373.62,2025-08-13
3810,244,2,3,3810.25,11430.75,2025-08-13
3888,300,36,2,3262.33,6524.66,2025-08-13
4234,239,36,2,3262.33,6524.66,2025-08-13
5040,124,20,1,1271.23,1271.23,2025-08-13
6168,184,7,1,373.62,373.62,2025-08-13
6716,411,33,2,400.45,800.9,2025-08-13
7032,360,21,2,2505.63,5011.26,2025-08-13
8195,261,36,1,3262.33,3262.33,2025-08-13
8375,240,31,2,2489.05,4978.1,2025-08-13
9199,329,31,1,2489.05,2489.05,2025-08-13
9450,445,36,2,3262.33,6524.66,2025-08-13
9648,289,16,1,856.11,856.11,2025-08-13
396,454,35,1,3867.68,3867.68,2025-08-14
1102,214,22,1,687.05,687.05,2025-08-14
1789,157,30,2,328.83,657.66,2025-08-14
1927,355,12,2,3884.15,7768.3,2025-08-14
2467,440,19,1,1812.99,1812.99,2025-08-14
3618,148,29,1,2430.8,2430.8,2025-08-14
4774,402,27,1,918.74,918.74,2025-08-14
4835,169,8,1,3484.78,3484.78,2025-08-14
4964,191,17,2,1321.33,2642.66,2025-08-14
5034,83,6,1,750.58,750.58,2025-08-14
5128,323,10,1,2876.08,2876.08,2025-08-14
5503,279,28,2,2129.8,4259.6,2025-08-14
7588,489,22,2,687.05,1374.1,2025-08-14
8976,238,5,2,750.67,1501.34,2025-08-14
9006,483,33,1,400.45,400.45,2025-08-14
9435,350,12,1,3884.15,3884.15,2025-08-14
9719,78,5,1,750.67,750.67,2025-08-14
9763,376,32,1,806.52,806.52,2025-08-14
9891,210,26,1,3172.93,3172.93,2025-08-14
10900,379,23,1,1274.76,1274.76,2025-08-14
11293,78,21,1,2505.63,2505.63,2025-08-14
11649,370,9,1,2464.29,2464.29,2025-08-14
1101,151,25,1,1905.87,1905.87,2025-08-15
1309,347,29,1,2430.8,2430.8,2025-08-15
3416,406,26,2,3172.93,6345.86,2025-08-15
3474,75,12,1,3884.15,3884.15,2025-08-15
4684,205,12,1,3884.15,3884.15,2025-08-15
5084,85,14,1,967.51,967.51,2025-08-15
5935,257,36,1,3262.33,3262.33,2025-08-15
6144,53,4,1,2454.84,2454.84,2025-08-15
6698,74,26,1,3172.93,3172.93,2025-08-15
7299,53,33,3,400.45,1201.35,2025-08-15
7386,496,33,1,400.45,400.45,2025-08-15
8000,345,15,1,850.03,850.03,2025-08-15
9330,343,5,2,750.67,1501.34,2025-08-15
9969,80,10,1,2876.08,2876.08,2025-08-15
61,418,6,1,750.58,750.58,2025-08-16
194,232,8,1,3484.78,3484.78,2025-08-16
531,184,16,1,856.11,856.11,2025-08-16
1467,495,36,1,3262.33,3262.33,2025-08-16
5063,295,13,2,3354.9,6709.8,2025-08-16
5325,56,32,1,806.52,806.52,2025-08-16
5458,477,18,1,2170.31,2170.31,2025-08-16
5851,208,1,1,1591.98,1591.98,2025-08-16
5926,342,35,1,3867.68,3867.68,2025-08-16
7048,226,18,1,2170.31,2170.31,2025-08-16
7564,59,20,1,1271.23,1271.23,2025-08-16
9490,230,9,1,2464.29,2464.29,2025-08-16
10455,226,21,1,2505.63,2505.63,2025-08-16
10476,147,15,1,850.03,850.03,2025-08-16
10645,494,4,1,2454.84,2454.84,2025-08-16
11698,200,5,1,750.67,750.67,2025-08-16
561,152,4,1,2454.84,2454.84,2025-08-17
955,323,31,1,2489.05,2489.05,2025-08-17
1734,164,2,1,3810.25,3810.25,2025-08-17
2222,376,13,2,3354.9,6709.8,2025-08-17
2781,309,11,2,229.25,458.5,2025-08-17
3367,432,16,1,856.11,856.11,2025-08-17
4474,214,16,2,856.11,1712.22,2025-08-17
4956,407,14,2,967.51,1935.02,2025-08-17
5047,477,3,1,2968.18,2968.18,2025-08-17
5598,270,17,1,1321.33,1321.33,2025-08-17
6438,323,7,1,373.62,373.62,2025-08-17
8256,263,2,3,3810.25,11430.75,2025-08-17
9003,454,32,1,806.52,806.52,2025-08-17
10005,197,4,2,2454.84,4909.68,2025-08-17
10099,497,21,2,2505.63,5011.26,2025-08-17
10135,104,19,1,1812.99,1812.99,2025-08-17
11607,191,23,1,1274.76,1274.76,2025-08-17
771,38,30,2,328.83,657.66,2025-08-18
3415,102,10,2,2876.08,5752.16,2025-08-18
4106,169,13,1,3354.9,3354.9,2025-08-18
5376,377,36,2,3262.33,6524.66,2025-08-18
5808,412,11,3,229.25,687.75,2025-08-18
5822,35,9,1,2464.29,2464.29,2025-08-18
6912,390,26,1,3172.93,3172.93,2025-08-18
7491,8,28,1,2129.8,2129.8,2025-08-18
9391,13,16,1,856.11,856.11,2025-08-18
10522,104,18,2,2170.31,4340.62,2025-08-18
11819,34,34,1,3803.21,3803.21,2025-08-18
11841,151,26,2,3172.93,6345.86,2025-08-18
1702,379,20,2,1271.23,2542.46,2025-08-19
2291,229,21,1,2505.63,2505.63,2025-08-19
2602,206,23,1,1274.76,1274.76,2025-08-19
3132,200,10,1,2876.08,2876.08,2025-08-19
3556,496,30,1,328.83,328.83,2025-08-19
3719,365,24,1,1560.49,1560.49,2025-08-19
4286,410,31,1,2489.05,2489.05,2025-08-19
4407,286,15,1,850.03,850.03,2025-08-19
4973,168,25,1,1905.87,1905.87,2025-08-19
6405,464,18,1,2170.31,2170.31,2025-08-19
10181,229,13,2,3354.9,6709.8,2025-08-19
10234,129,19,2,1812.99,3625.98,2025-08-19
10526,78,11,1,229.25,229.25,2025-08-19
1025,212,1,1,1591.98,1591.98,2025-08-20
1094,38,7,1,373.62,373.62,2025-08-20
1105,69,14,1,967.51,967.51,2025-08-20
2750,490,27,1,918.74,918.74,2025-08-20
2780,489,31,2,2489.05,4978.1,2025-08-20
5555,441,36,1,3262.33,3262.33,2025-08-20
5717,238,14,1,967.51,967.51,2025-08-20
6095,3,18,1,2170.31,2170.31,2025-08-20
6500,399,25,1,1905.87,1905.87,2025-08-20
7494,141,15,1,850.03,850.03,2025-08-20
8836,120,36,1,3262.33,3262.33,2025-08-20
9572,176,7,2,373.62,747.24,2025-08-20
9708,474,33,1,400.45,400.45,2025-08-20
9850,26,8,1,3484.78,3484.78,2025-08-20
10756,434,15,1,850.03,850.03,2025-08-20
11744,415,10,1,2876.08,2876.08,2025-08-20
231,8,22,2,687.05,1374.1,2025-08-21
1466,230,26,1,3172.93,3172.93,2025-08-21
2246,147,13,1,3354.9,3354.9,2025-08-21
2357,143,15,1,850.03,850.03,2025-08-21
2715,406,35,2,3867.68,7735.36,2025-08-21
3200,213,28,3,2129.8,6389.4,2025-08-21
4100,207,4,3,2454.84,7364.52,2025-08-21
6252,489,18,2,2170.31,4340.62,2025-08-21
6947,267,33,1,400.45,400.45,2025-08-21
7469,483,11,2,229.25,458.5,2025-08-21
8342,168,28,1,2129.8,2129.8,2025-08-21
8723,438,21,1,2505.63,2505.63,2025-08-21
9713,237,33,1,400.45,400.45,2025-08-21
10032,114,11,1,229.25,229.25,2025-08-21
11021,225,15,2,850.03,1700.06,2025-08-21
11551,130,4,1,2454.84,2454.84,2025-08-21
351,455,5,1,750.67,750.67,2025-08-22
2773,92,12,1,3884.15,3884.15,2025-08-22
3090,443,27,1,918.74,918.74,2025-08-22
3305,191,30,1,328.83,328.83,2025-08-22
3631,454,2,1,3810.25,3810.25,2025-08-22
4592,175,26,1,3172.93,3172.93,2025-08-22
5470,111,1,1,1591.98,1591.98,2025-08-22
6687,303,30,3,328.83,986.49,2025-08-22
7140,291,3,1,2968.18,2968.18,2025-08-22
7419,284,28,1,2129.8,2129.8,2025-08-22
9952,369,16,2,856.11,1712.22,2025-08-22
11226,370,23,1,1274.76,1274.76,2025-08-22
11818,471,33,1,400.45,400.45,2025-08-22
297,473,25,1,1905.87,1905.87,2025-08-23
385,406,1,1,1591.98,1591.98,2025-08-23
1165,383,23,3,1274.76,3824.28,2025-08-23
2292,143,18,1,2170.31,2170.31,2025-08-23
2399,500,36,1,3262.33,3262.33,2025-08-23
2408,137,30,1,328.83,328.83,2025-08-23
2681,241,19,2,1812.99,3625.98,2025-08-23
3711,278,7,1,373.62,373.62,2025-08-23
3752,245,25,1,1905.87,1905.87,2025-08-23
7085,101,5,1,750.67,750.67,2025-08-23
7105,121,32,2,806.52,1613.04,2025-08-23
7369,386,32,2,806.52,1613.04,2025-08-23
8019,368,11,1,229.25,229.25,2025-08-23
8318,226,11,1,229.25,229.25,2025-08-23
8732,416,8,1,3484.78,3484.78,2025-08-23
9154,305,18,1,2170.31,2170.31,2025-08-23
9595,138,35,2,3867.68,7735.36,2025-08-23
10731,316,34,1,3803.21,3803.21,2025-08-23
11106,278,32,1,806.52,806.52,2025-08-23
11158,78,35,1,3867.68,3867.68,2025-08-23
11254,34,26,1,3172.93,3172.93,2025-08-23
11349,450,35,1,3867.68,3867.68,2025-08-23
11954,179,24,1,1560.49,1560.49,2025-08-23
263,446,4,1,2454.84,2454.84,2025-08-24
929,370,24,2,1560.49,3120.98,2025-08-24
1430,487,16,1,856.11,856.11,2025-08-24
1570,367,5,1,750.67,750.67,2025-08-24
1802,51,7,1,373.62,373.62,2025-08-24
2075,402,22,1,687.05,687.05,2025-08-24
3482,440,14,2,967.51,1935.02,2025-08-24
3922,164,9,1,2464.29,2464.29,2025-08-24
5756,360,21,1,2505.63,2505.63,2025-08-24
5919,284,1,2,1591.98,3183.96,2025-08-24
6736,216,14,1,967.51,967.51,2025-08-24
7460,336,7,1,373.62,373.62,2025-08-24
7574,347,6,1,750.58,750.58,2025-08-24
7846,160,6,1,750.58,750.58,2025-08-24
9151,102,35,1,3867.68,3867.68,2025-08-24
9573,38,3,1,2968.18,2968.18,2025-08-24
11039,483,32,1,806.52,806.52,2025-08-24
11755,350,28,1,2129.8,2129.8,2025-08-24
315,147,36,1,3262.33,3262.33,2025-08-25
1894,370,36,1,3262.33,3262.33,2025-08-25
2601,152,11,1,229.25,229.25,2025-08-25
2837,355,4,1,2454.84,2454.84,2025-08-25
3181,430,2,1,3810.25,3810.25,2025-08-25
4649,123,2,1,3810.25,3810.25,2025-08-25
6942,119,1,1,1591.98,1591.98,2025-08-25
7230,207,7,1,373.62,373.62,2025-08-25
7967,409,27,1,918.74,918.74,2025-08-25
10303,222,14,1,967.51,967.51,2025-08-25
10373,500,20,2,1271.23,2542.46,2025-08-25
10637,280,10,1,2876.08,2876.08,2025-08-25
10867,241,32,3,806.52,2419.56,2025-08-25
11520,450,6,2,750.58,1501.16,2025-08-25
501,412,31,1,2489.05,2489.05,2025-08-26
2032,483,3,1,2968.18,2968.18,2025-08-26
2547,418,7,2,373.62,747.24,2025-08-26
2858,210,17,1,1321.33,1321.33,2025-08-26
3431,147,1,1,1591.98,1591.98,2025-08-26
6265,212,4,1,2454.84,2454.84,2025-08-26
6986,288,14,1,967.51,967.51,2025-08-26
8715,102,30,2,328.83,657.66,2025-08-26
10625,272,35,1,3867.68,3867.68,2025-08-26
11836,226,27,1,918.74,918.74,2025-08-26
11847,376,8,1,3484.78,3484.78,2025-08-26
11971,331,11,1,229.25,229.25,2025-08-26
87,471,23,1,1274.76,1274.76,2025-08-27
1811,237,20,1,1271.23,1271.23,2025-08-27
2959,143,31,1,2489.05,2489.05,2025-08-27
3418,206,24,1,1560.49,1560.49,2025-08-27
3517,328,17,1,1321.33,1321.33,2025-08-27
3564,220,27,1,918.74,918.74,2025-08-27
4599,267,5,1,750.67,750.67,2025-08-27
4920,434,22,1,687.05,687.05,2025-08-27
6516,376,13,1,3354.9,3354.9,2025-08-27
545,495,31,2,2489.05,4978.1,2025-08-28
1386,147,33,2,400.45,800.9,2025-08-28
2195,453,21,1,2505.63,2505.63,2025-08-28
2374,453,6,1,750.58,750.58,2025-08-28
3970,15,25,1,1905.87,1905.87,2025-08-28
5108,102,12,1,3884.15,3884.15,2025-08-28
5347,440,14,1,967.51,967.51,2025-08-28
5511,148,4,2,2454.84,4909.68,2025-08-28
5521,27,31,2,2489.05,4978.1,2025-08-28
6085,418,4,1,2454.84,2454.84,2025-08-28
6707,104,28,1,2129.8,2129.8,2025-08-28
8392,162,27,2,918.74,1837.48,2025-08-28
8658,204,33,1,400.45,400.45,2025-08-28
10399,51,8,1,3484.78,3484.78,2025-08-28
10515,326,5,2,750.67,1501.34,2025-08-28
954,210,10,1,2876.08,2876.08,2025-08-29
1685,88,15,1,850.03,850.03,2025-08-29
1782,355,35,1,3867.68,3867.68,2025-08-29
2229,447,6,2,750.58,1501.16,2025-08-29
2371,406,30,2,328.83,657.66,2025-08-29
3526,420,8,1,3484.78,3484.78,2025-08-29
4874,222,35,1,3867.68,3867.68,2025-08-29
4941,112,18,1,2170.31,2170.31,2025-08-29
5457,409,22,1,687.05,687.05,2025-08-29
6146,477,15,1,850.03,850.03,2025-08-29
6895,184,20,1,1271.23,1271.23,2025-08-29
7282,455,36,1,3262.33,3262.33,2025-08-29
7902,156,12,1,3884.15,3884.15,2025-08-29
8474,135,30,1,328.83,328.83,2025-08-29
8790,364,4,1,2454.84,2454.84,2025-08-29
11043,235,9,1,2464.29,2464.29,2025-08-29
327,278,29,2,2430.8,4861.6,2025-08-30
1997,464,14,1,967.51,967.51,2025-08-30
5305,434,12,1,3884.15,3884.15,2025-08-30
5366,400,23,1,1274.76,1274.76,2025-08-30
6006,384,20,1,1271.23,1271.23,2025-08-30
8324,83,14,1,967.51,967.51,2025-08-30
9461,367,29,1,2430.8,2430.8,2025-08-30
9935,190,15,2,850.03,1700.06,2025-08-30
10630,317,30,1,328.83,328.83,2025-08-30
10631,432,30,1,328.83,328.83,2025-08-30
10918,484,31,1,2489.05,2489.05,2025-08-30
11276,15,19,1,1812.99,1812.99,2025-08-30
11295,168,14,1,967.51,967.51,2025-08-30
11947,111,18,3,2170.31,6510.93,2025-08-30
557,128,18,1,2170.31,2170.31,2025-08-31
1360,40,16,2,856.11,1712.22,2025-08-31
1657,91,36,1,3262.33,3262.33,2025-08-31
1669,326,1,1,1591.98,1591.98,2025-08-31
1711,497,3,1,2968.18,2968.18,2025-08-31
2063,270,28,1,2129.8,2129.8,2025-08-31
2677,135,8,1,3484.78,3484.78,2025-08-31
2723,413,1,1,1591.98,1591.98,2025-08-31
2871,157,25,1,1905.87,1905.87,2025-08-31
4370,377,25,1,1905.87,1905.87,2025-08-31
4551,391,24,1,1560.49,1560.49,2025-08-31
5188,60,29,1,2430.8,2430.8,2025-08-31
6337,464,33,3,400.45,1201.35,2025-08-31
6524,147,9,2,2464.29,4928.58,2025-08-31
8471,348,6,1,750.58,750.58,2025-08-31
9041,410,22,2,687.05,1374.1,2025-08-31
9798,203,11,2,229.25,458.5,2025-08-31
9848,53,7,1,373.62,373.62,2025-08-31
11011,341,3,2,2968.18,5936.36,2025-08-31
11718,355,28,1,2129.8,2129.8,2025-08-31
608,220,23,1,1274.76,1274.76,2025-09-01
1587,292,16,1,856.11,856.11,2025-09-01
2580,207,21,1,2505.63,2505.63,2025-09-01
4299,397,18,1,2170.31,2170.31,2025-09-01
4327,430,25,1,1905.87,1905.87,2025-09-01
4787,331,27,1,918.74,918.74,2025-09-01
5118,376,10,3,2876.08,8628.24,2025-09-01
5352,69,32,1,806.52,806.52,2025-09-01
6916,262,26,1,3172.93,3172.93,2025-09-01
7339,238,28,2,2129.8,4259.6,2025-09-01
9364,383,24,1,1560.49,1560.49,2025-09-01
11523,8,22,1,687.05,687.05,2025-09-01
11906,283,26,1,3172.93,3172.93,2025-09-01
301,109,11,1,229.25,229.25,2025-09-02
438,154,17,1,1321.33,1321.33,2025-09-02
1818,205,35,1,3867.68,3867.68,2025-09-02
2842,151,8,1,3484.78,3484.78,2025-09-02
3338,54,17,1,1321.33,1321.33,2025-09-02
3563,291,5,1,750.67,750.67,2025-09-02
4108,364,2,2,3810.25,7620.5,2025-09-02
4268,172,4,2,2454.84,4909.68,2025-09-02
4510,354,14,1,967.51,967.51,2025-09-02
4942,119,28,2,2129.8,4259.6,2025-09-02
6699,157,10,1,2876.08,2876.08,2025-09-02
9494,500,36,1,3262.33,3262.33,2025-09-02
9579,483,13,1,3354.9,3354.9,2025-09-02
9878,468,4,2,2454.84,4909.68,2025-09-02
11445,25,29,1,2430.8,2430.8,2025-09-02
288,57,16,1,856.11,856.11,2025-09-03
354,176,35,1,3867.68,3867.68,2025-09-03
638,327,14,1,967.51,967.51,2025-09-03
736,15,20,1,1271.23,1271.23,2025-09-03
1028,497,33,1,400.45,400.45,2025-09-03
1097,20,29,1,2430.8,2430.8,2025-09-03
1628,449,3,3,2968.18,8904.54,2025-09-03
1906,86,23,1,1274.76,1274.76,2025-09-03
3971,364,29,1,2430.8,2430.8,2025-09-03
3998,348,30,1,328.83,328.83,2025-09-03
4431,436,21,2,2505.63,5011.26,2025-09-03
5886,75,25,1,1905.87,1905.87,2025-09-03
6415,343,18,2,2170.31,4340.62,2025-09-03
7084,350,28,1,2129.8,2129.8,2025-09-03
8631,483,22,1,687.05,687.05,2025-09-03
9121,18,29,1,2430.8,2430.8,2025-09-03
9312,406,16,2,856.11,1712.22,2025-09-03
11344,332,34,2,3803.21,7606.42,2025-09-03
1363,440,15,2,850.03,1700.06,2025-09-04
1629,249,36,1,3262.33,3262.33,2025-09-04
1700,99,12,2,3884.15,7768.3,2025-09-04
3610,13,8,2,3484.78,6969.56,2025-09-04
4949,148,6,1,750.58,750.58,2025-09-04
5757,121,27,1,918.74,918.74,2025-09-04
6426,205,22,1,687.05,687.05,2025-09-04
7135,157,9,1,2464.29,2464.29,2025-09-04
7773,241,4,2,2454.84,4909.68,2025-09-04
7868,4,34,2,3803.21,7606.42,2025-09-04
10259,428,2,2,3810.25,7620.5,2025-09-04
10679,268,4,2,2454.84,4909.68,2025-09-04
10766,311,28,1,2129.8,2129.8,2025-09-04
11838,411,9,1,2464.29,2464.29,2025-09-04
49,150,14,1,967.51,967.51,2025-09-05
462,71,23,1,1274.76,1274.76,2025-09-05
3540,360,31,1,2489.05,2489.05,2025-09-05
3700,486,11,1,229.25,229.25,2025-09-05
4147,406,33,1,400.45,400.45,2025-09-05
5191,403,16,1,856.11,856.11,2025-09-05
5806,115,20,1,1271.23,1271.23,2025-09-05
5841,100,25,1,1905.87,1905.87,2025-09-05
7322,187,16,1,856.11,856.11,2025-09-05
7454,20,16,1,856.11,856.11,2025-09-05
8350,440,10,1,2876.08,2876.08,2025-09-05
8763,350,30,1,328.83,328.83,2025-09-05
10936,496,36,1,3262.33,3262.33,2025-09-05
11360,361,14,1,967.51,967.51,2025-09-05
11433,20,6,1,750.58,750.58,2025-09-05
11510,457,11,1,229.25,229.25,2025-09-05
11581,377,31,2,2489.05,4978.1,2025-09-05
11622,273,3,1,2968.18,2968.18,2025-09-05
394,271,24,2,1560.49,3120.98,2025-09-06
2043,102,29,2,2430.8,4861.6,2025-09-06
2738,18,19,3,1812.99,5438.97,2025-09-06
3049,311,24,2,1560.49,3120.98,2025-09-06
3582,40,6,1,750.58,750.58,2025-09-06
3673,97,8,1,3484.78,3484.78,2025-09-06
4246,226,4,1,2454.84,2454.84,2025-09-06
4655,304,9,3,2464.29,7392.87,2025-09-06
5970,365,19,1,1812.99,1812.99,2025-09-06
6249,41,36,1,3262.33,3262.33,2025-09-06
6370,217,32,2,806.52,1613.04,2025-09-06
6391,268,31,2,2489.05,4978.1,2025-09-06
6572,426,10,1,2876.08,2876.08,2025-09-06
7293,162,16,1,856.11,856.11,2025-09-06
7384,221,28,2,2129.8,4259.6,2025-09-06
7832,12,35,2,3867.68,7735.36,2025-09-06
8901,261,24,1,1560.49,1560.49,2025-09-06
9423,15,35,2,3867.68,7735.36,2025-09-06
9529,499,10,1,2876.08,2876.08,2025-09-06
10485,478,18,1,2170.31,2170.31,2025-09-06
2042,317,16,2,856.11,1712.22,2025-09-07
2700,194,3,2,2968.18,5936.36,2025-09-07
3554,6,8,1,3484.78,3484.78,2025-09-07
4654,270,29,2,2430.8,4861.6,2025-09-07
7183,329,35,1,3867.68,3867.68,2025-09-07
8171,121,9,1,2464.29,2464.29,2025-09-07
8216,86,25,1,1905.87,1905.87,2025-09-07
9269,24,15,1,850.03,850.03,2025-09-07
9338,92,21,2,2505.63,5011.26,2025-09-07
9645,316,28,1,2129.8,2129.8,2025-09-07
10215,463,3,1,2968.18,2968.18,2025-09-07
10783,311,10,1,2876.08,2876.08,2025-09-07
11284,71,19,2,1812.99,3625.98,2025-09-07
11633,52,33,1,400.45,400.45,2025-09-07
11854,331,13,1,3354.9,3354.9,2025-09-07
525,38,2,3,3810.25,11430.75,2025-09-08
816,498,34,1,3803.21,3803.21,2025-09-08
1065,18,31,1,2489.05,2489.05,2025-09-08
2388,497,30,2,328.83,657.66,2025-09-08
2433,304,2,1,3810.25,3810.25,2025-09-08
3111,415,5,2,750.67,1501.34,2025-09-08
3510,46,5,1,750.67,750.67,2025-09-08
4311,52,9,2,2464.29,4928.58,2025-09-08
5917,182,35,1,3867.68,3867.68,2025-09-08
6538,436,25,1,1905.87,1905.87,2025-09-08
6649,474,30,1,328.83,328.83,2025-09-08
6738,443,8,1,3484.78,3484.78,2025-09-08
6970,384,3,1,2968.18,2968.18,2025-09-08
7999,127,21,1,2505.63,2505.63,2025-09-08
8104,343,21,1,2505.63,2505.63,2025-09-08
8389,104,5,1,750.67,750.67,2025-09-08
8729,370,18,1,2170.31,2170.31,2025-09-08
8988,238,5,1,750.67,750.67,2025-09-08
9622,388,28,1,2129.8,2129.8,2025-09-08
601,497,24,1,1560.49,1560.49,2025-09-09
822,270,15,3,850.03,2550.09,2025-09-09
3183,411,6,1,750.58,750.58,2025-09-09
4671,108,25,1,1905.87,1905.87,2025-09-09
6011,366,31,1,2489.05,2489.05,2025-09-09
6560,99,24,2,1560.49,3120.98,2025-09-09
7603,244,28,1,2129.8,2129.8,2025-09-09
8084,34,33,1,400.45,400.45,2025-09-09
8886,371,2,2,3810.25,7620.5,2025-09-09
9114,286,32,3,806.52,2419.56,2025-09-09
3036,358,26,1,3172.93,3172.93,2025-09-10
3494,179,8,1,3484.78,3484.78,2025-09-10
5106,282,16,1,856.11,856.11,2025-09-10
5498,106,5,1,750.67,750.67,2025-09-10
6637,489,20,2,1271.23,2542.46,2025-09-10
6784,141,20,1,1271.23,1271.23,2025-09-10
7656,406,14,2,967.51,1935.02,2025-09-10
8428,392,25,1,1905.87,1905.87,2025-09-10
8843,391,34,1,3803.21,3803.21,2025-09-10
9068,418,2,1,3810.25,3810.25,2025-09-10
9254,80,12,1,3884.15,3884.15,2025-09-10
9598,226,18,1,2170.31,2170.31,2025-09-10
10049,192,6,2,750.58,1501.16,2025-09-10
11403,278,24,2,1560.49,3120.98,2025-09-10
11660,150,3,2,2968.18,5936.36,2025-09-10
11992,31,33,1,400.45,400.45,2025-09-10
359,228,12,1,3884.15,3884.15,2025-09-11
671,85,21,1,2505.63,2505.63,2025-09-11
851,128,15,2,850.03,1700.06,2025-09-11
959,175,5,1,750.67,750.67,2025-09-11
2640,473,26,1,3172.93,3172.93,2025-09-11
4517,208,19,2,1812.99,3625.98,2025-09-11
5032,223,2,1,3810.25,3810.25,2025-09-11
5196,411,4,1,2454.84,2454.84,2025-09-11
6033,245,17,2,1321.33,2642.66,2025-09-11
7667,310,25,3,1905.87,5717.61,2025-09-11
7996,487,15,1,850.03,850.03,2025-09-11
8420,355,27,2,918.74,1837.48,2025-09-11
8717,12,34,1,3803.21,3803.21,2025-09-11
8952,39,16,1,856.11,856.11,2025-09-11
9097,376,10,1,2876.08,2876.08,2025-09-11
10564,436,6,1,750.58,750.58,2025-09-11
10864,320,8,1,3484.78,3484.78,2025-09-11
10990,207,31,1,2489.05,2489.05,2025-09-11
11044,105,10,1,2876.08,2876.08,2025-09-11
11076,264,36,1,3262.33,3262.33,2025-09-11
176,99,17,2,1321.33,2642.66,2025-09-12
1078,205,22,1,687.05,687.05,2025-09-12
1261,177,2,1,3810.25,3810.25,2025-09-12
2887,388,16,1,856.11,856.11,2025-09-12
3577,455,11,1,229.25,229.25,2025-09-12
3723,343,17,1,1321.33,1321.33,2025-09-12
3886,482,30,1,328.83,328.83,2025-09-12
4199,214,28,1,2129.8,2129.8,2025-09-12
4506,263,16,1,856.11,856.11,2025-09-12
4784,252,4,2,2454.84,4909.68,2025-09-12
6755,235,32,1,806.52,806.52,2025-09-12
7003,206,35,2,3867.68,7735.36,2025-09-12
7914,148,36,2,3262.33,6524.66,2025-09-12
7948,360,26,2,3172.93,6345.86,2025-09-12
9537,344,16,1,856.11,856.11,2025-09-12
10130,450,21,2,2505.63,5011.26,2025-09-12
10324,159,30,2,328.83,657.66,2025-09-12
10576,496,22,1,687.05,687.05,2025-09-12
10670,225,13,1,3354.9,3354.9,2025-09-12
10870,461,24,1,1560.49,1560.49,2025-09-12
180,316,21,1,2505.63,2505.63,2025-09-13
447,213,15,1,850.03,850.03,2025-09-13
2049,497,14,1,967.51,967.51,2025-09-13
2485,436,22,2,687.05,1374.1,2025-09-13
3401,357,31,1,2489.05,2489.05,2025-09-13
3548,327,6,1,750.58,750.58,2025-09-13
7052,103,19,1,1812.99,1812.99,2025-09-13
7748,498,9,1,2464.29,2464.29,2025-09-13
8122,460,28,1,2129.8,2129.8,2025-09-13
8133,141,18,1,2170.31,2170.31,2025-09-13
8530,473,10,1,2876.08,2876.08,2025-09-13
8702,376,20,2,1271.23,2542.46,2025-09-13
8782,38,17,1,1321.33,1321.33,2025-09-13
9181,324,15,2,850.03,1700.06,2025-09-13
9523,126,28,1,2129.8,2129.8,2025-09-13
9582,195,6,1,750.58,750.58,2025-09-13
10160,396,4,1,2454.84,2454.84,2025-09-13
10544,59,1,1,1591.98,1591.98,2025-09-13
11112,166,21,1,2505.63,2505.63,2025-09-13
11565,234,4,1,2454.84,2454.84,2025-09-13
11677,285,16,2,856.11,1712.22,2025-09-13
11953,27,12,2,3884.15,7768.3,2025-09-13
839,212,12,1,3884.15,3884.15,2025-09-14
2044,156,34,1,3803.21,3803.21,2025-09-14
2704,206,27,1,918.74,918.74,2025-09-14
4547,303,31,1,2489.05,2489.05,2025-09-14
4645,105,27,1,918.74,918.74,2025-09-14
5714,130,15,1,850.03,850.03,2025-09-14
7604,119,11,1,229.25,229.25,2025-09-14
7886,206,16,1,856.11,856.11,2025-09-14
8460,57,24,1,1560.49,1560.49,2025-09-14
9629,498,14,1,967.51,967.51,2025-09-14
9801,316,25,1,1905.87,1905.87,2025-09-14
10281,217,19,1,1812.99,1812.99,2025-09-14
11128,358,19,1,1812.99,1812.99,2025-09-14
11736,328,29,1,2430.8,2430.8,2025-09-14
25,376,6,1,750.58,750.58,2025-09-15
414,84,27,1,918.74,918.74,2025-09-15
722,438,17,1,1321.33,1321.33,2025-09-15
2113,57,12,2,3884.15,7768.3,2025-09-15
2613,371,30,2,328.83,657.66,2025-09-15
2621,51,13,1,3354.9,3354.9,2025-09-15
2724,111,27,2,918.74,1837.48,2025-09-15
2897,429,27,1,918.74,918.74,2025-09-15
3102,429,33,2,400.45,800.9,2025-09-15
3681,431,2,2,3810.25,7620.5,2025-09-15
7165,355,7,1,373.62,373.62,2025-09-15
9168,156,13,1,3354.9,3354.9,2025-09-15
10396,107,17,2,1321.33,2642.66,2025-09-15
10518,167,22,1,687.05,687.05,2025-09-15
11174,191,24,3,1560.49,4681.47,2025-09-15
11352,474,2,1,3810.25,3810.25,2025-09-15
11470,332,35,1,3867.68,3867.68,2025-09-15
11773,343,27,1,918.74,918.74,2025-09-15
11807,142,34,2,3803.21,7606.42,2025-09-15
140,464,33,1,400.45,400.45,2025-09-16
585,494,8,2,3484.78,6969.56,2025-09-16
2017,471,2,1,3810.25,3810.25,2025-09-16
4722,487,9,1,2464.29,2464.29,2025-09-16
5055,3,8,1,3484.78,3484.78,2025-09-16
5225,99,12,1,3884.15,3884.15,2025-09-16
5476,11,16,1,856.11,856.11,2025-09-16
6791,226,21,2,2505.63,5011.26,2025-09-16
7930,495,18,1,2170.31,2170.31,2025-09-16
10254,320,21,2,2505.63,5011.26,2025-09-16
10379,426,11,1,229.25,229.25,2025-09-16
10458,7,35,2,3867.68,7735.36,2025-09-16
11618,229,9,1,2464.29,2464.29,2025-09-16
11894,472,23,1,1274.76,1274.76,2025-09-16
11902,15,14,1,967.51,967.51,2025-09-16
651,184,5,1,750.67,750.67,2025-09-17
1226,496,11,2,229.25,458.5,2025-09-17
1800,119,20,1,1271.23,1271.23,2025-09-17
2963,138,11,2,229.25,458.5,2025-09-17
3067,114,26,2,3172.93,6345.86,2025-09-17
5158,123,33,1,400.45,400.45,2025-09-17
5345,368,25,2,1905.87,3811.74,2025-09-17
5404,360,26,1,3172.93,3172.93,2025-09-17
6790,452,1,2,1591.98,3183.96,2025-09-17
6865,464,30,1,328.83,328.83,2025-09-17
7154,238,35,1,3867.68,3867.68,2025-09-17
8095,413,29,1,2430.8,2430.8,2025-09-17
8655,375,34,2,3803.21,7606.42,2025-09-17
9180,83,36,2,3262.33,6524.66,2025-09-17
10228,467,16,3,856.11,2568.33,2025-09-17
10751,52,28,1,2129.8,2129.8,2025-09-17
10814,80,11,1,229.25,229.25,2025-09-17
11359,475,11,1,229.25,229.25,2025-09-17
876,182,5,1,750.67,750.67,2025-09-18
911,497,13,1,3354.9,3354.9,2025-09-18
1119,441,20,1,1271.23,1271.23,2025-09-18
2112,15,9,1,2464.29,2464.29,2025-09-18
2435,119,2,1,3810.25,3810.25,2025-09-18
2966,221,20,1,1271.23,1271.23,2025-09-18
3638,291,12,1,3884.15,3884.15,2025-09-18
4503,177,22,1,687.05,687.05,2025-09-18
4615,125,14,1,967.51,967.51,2025-09-18
4975,301,35,1,3867.68,3867.68,2025-09-18
5407,172,36,2,3262.33,6524.66,2025-09-18
5501,47,24,1,1560.49,1560.49,2025-09-18
6358,58,28,2,2129.8,4259.6,2025-09-18
6708,488,2,2,3810.25,7620.5,2025-09-18
8825,383,10,1,2876.08,2876.08,2025-09-18
10153,349,32,1,806.52,806.52,2025-09-18
11516,40,19,2,1812.99,3625.98,2025-09-18
1719,99,20,1,1271.23,1271.23,2025-09-19
2997,495,15,1,850.03,850.03,2025-09-19
3836,186,19,1,1812.99,1812.99,2025-09-19
3909,410,32,1,806.52,806.52,2025-09-19
4020,148,17,1,1321.33,1321.33,2025-09-19
4177,59,31,1,2489.05,2489.05,2025-09-19
4508,205,27,1,918.74,918.74,2025-09-19
4581,27,23,1,1274.76,1274.76,2025-09-19
5381,38,4,1,2454.84,2454.84,2025-09-19
5929,119,7,2,373.62,747.24,2025-09-19
6459,151,25,1,1905.87,1905.87,2025-09-19
7683,362,36,1,3262.33,3262.33,2025-09-19
8125,77,9,1,2464.29,2464.29,2025-09-19
9914,205,31,1,2489.05,2489.05,2025-09-19
10068,152,4,1,2454.84,2454.84,2025-09-19
10260,326,25,1,1905.87,1905.87,2025-09-19
11140,477,18,1,2170.31,2170.31,2025-09-19
411,226,16,1,856.11,856.11,2025-09-20
1586,134,6,1,750.58,750.58,2025-09-20
1779,341,6,1,750.58,750.58,2025-09-20
2318,172,12,1,3884.15,3884.15,2025-09-20
2419,403,35,1,3867.68,3867.68,2025-09-20
2482,204,32,1,806.52,806.52,2025-09-20
3242,482,13,2,3354.9,6709.8,2025-09-20
3663,17,22,1,687.05,687.05,2025-09-20
3685,249,24,1,1560.49,1560.49,2025-09-20
3794,270,23,1,1274.76,1274.76,2025-09-20
3901,489,27,1,918.74,918.74,2025-09-20
5235,149,14,1,967.51,967.51,2025-09-20
5869,191,27,1,918.74,918.74,2025-09-20
6577,226,21,1,2505.63,2505.63,2025-09-20
7201,366,16,1,856.11,856.11,2025-09-20
9528,310,5,1,750.67,750.67,2025-09-20
10813,477,11,1,229.25,229.25,2025-09-20
332,329,32,1,806.52,806.52,2025-09-21
556,38,13,2,3354.9,6709.8,2025-09-21
747,45,36,2,3262.33,6524.66,2025-09-21
1254,370,1,3,1591.98,4775.94,2025-09-21
1810,343,36,1,3262.33,3262.33,2025-09-21
2814,409,36,1,3262.33,3262.33,2025-09-21
3581,343,27,1,918.74,918.74,2025-09-21
4714,41,36,1,3262.33,3262.33,2025-09-21
6126,148,13,1,3354.9,3354.9,2025-09-21
6176,478,18,1,2170.31,2170.31,2025-09-21
7241,266,31,1,2489.05,2489.05,2025-09-21
10003,287,16,2,856.11,1712.22,2025-09-21
10979,205,25,1,1905.87,1905.87,2025-09-21
11054,483,28,1,2129.8,2129.8,2025-09-21
11421,463,35,1,3867.68,3867.68,2025-09-21
11849,115,14,1,967.51,967.51,2025-09-21
267,206,29,2,2430.8,4861.6,2025-09-22
714,220,16,2,856.11,1712.22,2025-09-22
1008,496,2,1,3810.25,3810.25,2025-09-22
1164,242,14,2,967.51,1935.02,2025-09-22
1899,406,18,1,2170.31,2170.31,2025-09-22
2025,289,25,1,1905.87,1905.87,2025-09-22
2093,148,2,1,3810.25,3810.25,2025-09-22
3157,483,34,1,3803.21,3803.21,2025-09-22
3209,464,15,1,850.03,850.03,2025-09-22
4356,182,13,1,3354.9,3354.9,2025-09-22
4732,41,26,1,3172.93,3172.93,2025-09-22
4750,212,5,1,750.67,750.67,2025-09-22
4963,185,3,1,2968.18,2968.18,2025-09-22
5100,168,17,1,1321.33,1321.33,2025-09-22
5353,131,25,1,1905.87,1905.87,2025-09-22
7459,290,9,1,2464.29,2464.29,2025-09-22
10296,241,4,1,2454.84,2454.84,2025-09-22
10431,427,9,2,2464.29,4928.58,2025-09-22
10658,157,26,1,3172.93,3172.93,2025-09-22
11046,278,25,1,1905.87,1905.87,2025-09-22
1658,143,18,2,2170.31,4340.62,2025-09-23
2320,182,12,1,3884.15,3884.15,2025-09-23
3352,156,7,2,373.62,747.24,2025-09-23
4504,313,12,1,3884.15,3884.15,2025-09-23
4539,331,7,1,373.62,373.62,2025-09-23
4877,331,23,2,1274.76,2549.52,2025-09-23
4895,251,28,1,2129.8,2129.8,2025-09-23
6087,150,11,1,229.25,229.25,2025-09-23
6652,420,24,1,1560.49,1560.49,2025-09-23
7850,236,7,1,373.62,373.62,2025-09-23
8523,361,22,1,687.05,687.05,2025-09-23
8672,345,23,1,1274.76,1274.76,2025-09-23
9381,278,10,2,2876.08,5752.16,2025-09-23
9431,496,14,1,967.51,967.51,2025-09-23
10613,279,29,1,2430.8,2430.8,2025-09-23
10923,397,30,1,328.83,328.83,2025-09-23
11093,92,6,1,750.58,750.58,2025-09-23
11274,83,36,1,3262.33,3262.33,2025-09-23
111,243,17,1,1321.33,1321.33,2025-09-24
443,363,12,1,3884.15,3884.15,2025-09-24
636,368,12,1,3884.15,3884.15,2025-09-24
973,46,8,2,3484.78,6969.56,2025-09-24
1502,473,13,1,3354.9,3354.9,2025-09-24
1806,443,4,1,2454.84,2454.84,2025-09-24
2890,145,34,1,3803.21,3803.21,2025-09-24
3947,320,3,1,2968.18,2968.18,2025-09-24
4035,320,33,1,400.45,400.45,2025-09-24
6368,327,4,2,2454.84,4909.68,2025-09-24
6401,363,26,3,3172.93,9518.79,2025-09-24
6771,368,11,1,229.25,229.25,2025-09-24
7319,101,5,3,750.67,2252.01,2025-09-24
7688,388,17,1,1321.33,1321.33,2025-09-24
8566,96,22,1,687.05,687.05,2025-09-24
8641,214,27,2,918.74,1837.48,2025-09-24
9464,311,36,1,3262.33,3262.33,2025-09-24
9681,232,36,1,3262.33,3262.33,2025-09-24
10472,465,30,1,328.83,328.83,2025-09-24
11938,500,18,1,2170.31,2170.31,2025-09-24
1600,78,8,1,3484.78,3484.78,2025-09-25
2620,102,9,2,2464.29,4928.58,2025-09-25
3037,62,9,1,2464.29,2464.29,2025-09-25
3232,278,15,1,850.03,850.03,2025-09-25
3303,423,27,2,918.74,1837.48,2025-09-25
3788,487,20,1,1271.23,1271.23,2025-09-25
5334,286,17,1,1321.33,1321.33,2025-09-25
5418,32,8,2,3484.78,6969.56,2025-09-25
5586,43,15,2,850.03,1700.06,2025-09-25
5668,90,20,1,1271.23,1271.23,2025-09-25
6872,418,11,1,229.25,229.25,2025-09-25
7030,238,35,1,3867.68,3867.68,2025-09-25
8112,440,10,1,2876.08,2876.08,2025-09-25
8739,59,9,1,2464.29,2464.29,2025-09-25
9091,320,13,1,3354.9,3354.9,2025-09-25
11615,12,11,1,229.25,229.25,2025-09-25
11752,269,1,1,1591.98,1591.98,2025-09-25
142,376,5,1,750.67,750.67,2025-09-26
237,278,13,1,3354.9,3354.9,2025-09-26
1110,485,7,2,373.62,747.24,2025-09-26
1527,45,22,1,687.05,687.05,2025-09-26
1836,447,28,2,2129.8,4259.6,2025-09-26
2319,213,4,1,2454.84,2454.84,2025-09-26
3048,323,20,3,1271.23,3813.69,2025-09-26
3373,279,6,1,750.58,750.58,2025-09-26
4165,223,13,1,3354.9,3354.9,2025-09-26
4660,226,36,1,3262.33,3262.33,2025-09-26
5185,22,16,1,856.11,856.11,2025-09-26
6432,341,31,1,2489.05,2489.05,2025-09-26
7294,104,25,1,1905.87,1905.87,2025-09-26
7329,77,32,1,806.52,806.52,2025-09-26
7854,8,29,1,2430.8,2430.8,2025-09-26
9217,386,2,2,3810.25,7620.5,2025-09-26
11619,217,16,1,856.11,856.11,2025-09-26
182,8,15,1,850.03,850.03,2025-09-27
2782,102,17,1,1321.33,1321.33,2025-09-27
3175,235,2,1,3810.25,3810.25,2025-09-27
3800,207,12,2,3884.15,7768.3,2025-09-27
4167,9,14,1,967.51,967.51,2025-09-27
4386,203,14,1,967.51,967.51,2025-09-27
4923,450,6,2,750.58,1501.16,2025-09-27
5616,412,18,2,2170.31,4340.62,2025-09-27
7127,428,4,1,2454.84,2454.84,2025-09-27
7328,111,5,1,750.67,750.67,2025-09-27
7347,156,32,1,806.52,806.52,2025-09-27
9753,287,6,2,750.58,1501.16,2025-09-27
9820,41,19,1,1812.99,1812.99,2025-09-27
10009,418,10,1,2876.08,2876.08,2025-09-27
410,143,4,1,2454.84,2454.84,2025-09-28
2940,464,10,1,2876.08,2876.08,2025-09-28
3243,231,16,1,856.11,856.11,2025-09-28
6747,27,36,1,3262.33,3262.33,2025-09-28
7520,232,33,1,400.45,400.45,2025-09-28
10403,302,18,2,2170.31,4340.62,2025-09-28
10508,453,19,1,1812.99,1812.99,2025-09-28
11,320,19,1,1812.99,1812.99,2025-09-29
731,8,32,1,806.52,806.52,2025-09-29
2886,201,24,1,1560.49,1560.49,2025-09-29
4402,287,29,1,2430.8,2430.8,2025-09-29
4637,50,35,3,3867.68,11603.04,2025-09-29
4847,238,36,1,3262.33,3262.33,2025-09-29
6724,79,23,1,1274.76,1274.76,2025-09-29
8396,478,5,2,750.67,1501.34,2025-09-29
1055,213,26,2,3172.93,6345.86,2025-09-30
2713,262,32,1,806.52,806.52,2025-09-30
2869,91,5,1,750.67,750.67,2025-09-30
3558,31,34,1,3803.21,3803.21,2025-09-30
4194,475,31,1,2489.05,2489.05,2025-09-30
4375,120,29,3,2430.8,7292.4,2025-09-30
4712,287,2,2,3810.25,7620.5,2025-09-30
5023,338,6,2,750.58,1501.16,2025-09-30
7445,63,13,1,3354.9,3354.9,2025-09-30
7818,273,13,1,3354.9,3354.9,2025-09-30
9385,30,16,1,856.11,856.11,2025-09-30
9924,13,22,1,687.05,687.05,2025-09-30
10045,237,26,3,3172.93,9518.79,2025-09-30
349,396,34,1,3803.21,3803.21,2025-10-01
537,418,23,1,1274.76,1274.76,2025-10-01
3122,153,24,1,1560.49,1560.49,2025-10-01
5089,145,15,2,850.03,1700.06,2025-10-01
6142,361,13,1,3354.9,3354.9,2025-10-01
6159,222,33,1,400.45,400.45,2025-10-01
6871,478,32,2,806.52,1613.04,2025-10-01
7799,355,14,1,967.51,967.51,2025-10-01
8058,477,10,1,2876.08,2876.08,2025-10-01
8960,438,18,1,2170.31,2170.31,2025-10-01
9220,411,13,2,3354.9,6709.8,2025-10-01
11550,360,18,2,2170.31,4340.62,2025-10-01
11553,477,31,1,2489.05,2489.05,2025-10-01
13,157,5,2,750.67,1501.34,2025-10-02
948,263,19,1,1812.99,1812.99,2025-10-02
1655,274,22,1,687.05,687.05,2025-10-02
1987,355,20,2,1271.23,2542.46,2025-10-02
3208,353,34,2,3803.21,7606.42,2025-10-02
4017,350,10,3,2876.08,8628.24,2025-10-02
4117,261,8,1,3484.78,3484.78,2025-10-02
4451,10,12,1,3884.15,3884.15,2025-10-02
4463,497,30,1,328.83,328.83,2025-10-02
4729,91,25,1,1905.87,1905.87,2025-10-02
4993,134,17,1,1321.33,1321.33,2025-10-02
6097,34,4,1,2454.84,2454.84,2025-10-02
7202,400,36,1,3262.33,3262.33,2025-10-02
7276,261,10,1,2876.08,2876.08,2025-10-02
7297,119,22,1,687.05,687.05,2025-10-02
8828,447,30,1,328.83,328.83,2025-10-02
9160,83,29,1,2430.8,2430.8,2025-10-02
9513,207,34,1,3803.21,3803.21,2025-10-02
10205,437,27,1,918.74,918.74,2025-10-02
10811,440,15,1,850.03,850.03,2025-10-02
11123,168,25,1,1905.87,1905.87,2025-10-02
11629,443,28,1,2129.8,2129.8,2025-10-02
1388,341,8,1,3484.78,3484.78,2025-10-03
1966,449,5,1,750.67,750.67,2025-10-03
3270,265,26,1,3172.93,3172.93,2025-10-03
3408,428,30,1,328.83,328.83,2025-10-03
3954,416,29,2,2430.8,4861.6,2025-10-03
4631,323,25,2,1905.87,3811.74,2025-10-03
4780,112,27,1,918.74,918.74,2025-10-03
5424,418,5,1,750.67,750.67,2025-10-03
5562,331,13,1,3354.9,3354.9,2025-10-03
6179,69,27,1,918.74,918.74,2025-10-03
6359,79,36,1,3262.33,3262.33,2025-10-03
6670,333,31,2,2489.05,4978.1,2025-10-03
7275,330,12,1,3884.15,3884.15,2025-10-03
7283,53,25,2,1905.87,3811.74,2025-10-03
7797,164,16,1,856.11,856.11,2025-10-03
8057,355,22,1,687.05,687.05,2025-10-03
8841,143,36,2,3262.33,6524.66,2025-10-03
9901,151,14,1,967.51,967.51,2025-10-03
10724,104,1,1,1591.98,1591.98,2025-10-03
10966,275,19,1,1812.99,1812.99,2025-10-03
189,205,7,2,373.62,747.24,2025-10-04
539,115,27,1,918.74,918.74,2025-10-04
977,320,29,1,2430.8,2430.8,2025-10-04
1930,134,17,2,1321.33,2642.66,2025-10-04
2136,206,7,2,373.62,747.24,2025-10-04
2578,454,20,1,1271.23,1271.23,2025-10-04
4762,80,4,3,2454.84,7364.52,2025-10-04
5409,17,22,1,687.05,687.05,2025-10-04
5565,232,6,1,750.58,750.58,2025-10-04
5635,79,10,2,2876.08,5752.16,2025-10-04
6165,497,3,1,2968.18,2968.18,2025-10-04
6904,69,5,2,750.67,1501.34,2025-10-04
6914,221,4,1,2454.84,2454.84,2025-10-04
8286,482,17,1,1321.33,1321.33,2025-10-04
8900,463,19,1,1812.99,1812.99,2025-10-04
9185,57,2,1,3810.25,3810.25,2025-10-04
9452,479,14,2,967.51,1935.02,2025-10-04
9487,341,27,1,918.74,918.74,2025-10-04
10727,69,17,1,1321.33,1321.33,2025-10-04
187,280,21,1,2505.63,2505.63,2025-10-05
2022,27,6,1,750.58,750.58,2025-10-05
2085,451,24,1,1560.49,1560.49,2025-10-05
4661,363,5,1,750.67,750.67,2025-10-05
5813,403,14,2,967.51,1935.02,2025-10-05
5838,317,27,1,918.74,918.74,2025-10-05
6024,238,5,1,750.67,750.67,2025-10-05
6327,483,27,2,918.74,1837.48,2025-10-05
6522,478,26,1,3172.93,3172.93,2025-10-05
7699,20,34,2,3803.21,7606.42,2025-10-05
9460,338,24,2,1560.49,3120.98,2025-10-05
9980,450,17,1,1321.33,1321.33,2025-10-05
1109,361,23,2,1274.76,2549.52,2025-10-06
1773,261,6,1,750.58,750.58,2025-10-06
3529,270,15,2,850.03,1700.06,2025-10-06
3877,303,6,1,750.58,750.58,2025-10-06
4705,148,2,1,3810.25,3810.25,2025-10-06
4875,362,33,1,400.45,400.45,2025-10-06
5082,139,1,2,1591.98,3183.96,2025-10-06
6589,459,31,2,2489.05,4978.1,2025-10-06
6825,418,33,1,400.45,400.45,2025-10-06
8412,278,35,1,3867.68,3867.68,2025-10-06
8659,436,4,1,2454.84,2454.84,2025-10-06
8728,473,24,1,1560.49,1560.49,2025-10-06
8753,279,15,1,850.03,850.03,2025-10-06
8849,417,14,3,967.51,2902.53,2025-10-06
10183,440,7,1,373.62,373.62,2025-10-06
11260,41,29,1,2430.8,2430.8,2025-10-06
11690,320,19,1,1812.99,1812.99,2025-10-06
24,143,24,2,1560.49,3120.98,2025-10-07
1494,243,13,1,3354.9,3354.9,2025-10-07
2338,83,22,1,687.05,687.05,2025-10-07
3296,121,17,1,1321.33,1321.33,2025-10-07
3866,443,1,2,1591.98,3183.96,2025-10-07
4569,376,30,2,328.83,657.66,2025-10-07
5059,40,23,1,1274.76,1274.76,2025-10-07
5295,366,16,2,856.11,1712.22,2025-10-07
6320,369,1,1,1591.98,1591.98,2025-10-07
6580,377,5,1,750.67,750.67,2025-10-07
6798,483,23,2,1274.76,2549.52,2025-10-07
10469,391,22,1,687.05,687.05,2025-10-07
10537,83,15,1,850.03,850.03,2025-10-07
10619,86,14,1,967.51,967.51,2025-10-07
10714,268,28,1,2129.8,2129.8,2025-10-07
10764,68,32,1,806.52,806.52,2025-10-07
10911,212,34,2,3803.21,7606.42,2025-10-07
11584,66,26,2,3172.93,6345.86,2025-10-07
114,34,36,2,3262.33,6524.66,2025-10-08
543,62,31,1,2489.05,2489.05,2025-10-08
594,186,33,1,400.45,400.45,2025-10-08
3413,496,9,3,2464.29,7392.87,2025-10-08
3904,496,35,1,3867.68,3867.68,2025-10-08
3973,80,18,1,2170.31,2170.31,2025-10-08
6298,214,1,2,1591.98,3183.96,2025-10-08
6853,488,18,2,2170.31,4340.62,2025-10-08
7418,311,9,2,2464.29,4928.58,2025-10-08
7991,280,11,1,229.25,229.25,2025-10-08
8224,464,29,1,2430.8,2430.8,2025-10-08
8557,104,20,1,1271.23,1271.23,2025-10-08
9449,242,36,1,3262.33,3262.33,2025-10-08
9473,385,20,1,1271.23,1271.23,2025-10-08
10161,378,2,1,3810.25,3810.25,2025-10-08
10755,119,6,1,750.58,750.58,2025-10-08
11223,457,9,1,2464.29,2464.29,2025-10-08
11541,78,35,2,3867.68,7735.36,2025-10-08
11857,27,10,1,2876.08,2876.08,2025-10-08
739,468,19,2,1812.99,3625.98,2025-10-09
1928,355,18,1,2170.31,2170.31,2025-10-09
3118,355,19,1,1812.99,1812.99,2025-10-09
4314,463,25,1,1905.87,1905.87,2025-10-09
4718,454,8,1,3484.78,3484.78,2025-10-09
5280,158,34,1,3803.21,3803.21,2025-10-09
5298,310,27,1,918.74,918.74,2025-10-09
5340,349,30,1,328.83,328.83,2025-10-09
5380,415,22,2,687.05,1374.1,2025-10-09
5484,130,29,2,2430.8,4861.6,2025-10-09
8304,450,27,2,918.74,1837.48,2025-10-09
9588,191,3,1,2968.18,2968.18,2025-10-09
10587,69,14,1,967.51,967.51,2025-10-09
11129,15,31,2,2489.05,4978.1,2025-10-09
120,7,33,1,400.45,400.45,2025-10-10
350,429,9,1,2464.29,2464.29,2025-10-10
427,416,12,1,3884.15,3884.15,2025-10-10
511,273,13,2,3354.9,6709.8,2025-10-10
1694,500,32,1,806.52,806.52,2025-10-10
1935,371,11,2,229.25,458.5,2025-10-10
2816,332,30,2,328.83,657.66,2025-10-10
3077,80,15,2,850.03,1700.06,2025-10-10
3178,407,24,2,1560.49,3120.98,2025-10-10
3471,373,28,1,2129.8,2129.8,2025-10-10
3759,17,33,1,400.45,400.45,2025-10-10
4097,270,24,1,1560.49,1560.49,2025-10-10
4252,207,11,1,229.25,229.25,2025-10-10
7100,329,2,2,3810.25,7620.5,2025-10-10
8165,83,21,1,2505.63,2505.63,2025-10-10
8414,395,30,1,328.83,328.83,2025-10-10
9388,206,2,2,3810.25,7620.5,2025-10-10
11079,361,35,1,3867.68,3867.68,2025-10-10
11457,206,1,1,1591.98,1591.98,2025-10-10
11587,99,29,2,2430.8,4861.6,2025-10-10
2101,226,12,1,3884.15,3884.15,2025-10-11
2779,105,21,2,2505.63,5011.26,2025-10-11
3325,279,32,1,806.52,806.52,2025-10-11
4313,134,23,1,1274.76,1274.76,2025-10-11
6193,249,9,1,2464.29,2464.29,2025-10-11
7896,496,22,1,687.05,687.05,2025-10-11
8501,400,35,3,3867.68,11603.04,2025-10-11
8660,168,4,1,2454.84,2454.84,2025-10-11
8842,496,16,1,856.11,856.11,2025-10-11
9327,306,28,1,2129.8,2129.8,2025-10-11
9372,392,15,1,850.03,850.03,2025-10-11
9472,358,31,1,2489.05,2489.05,2025-10-11
10726,134,8,1,3484.78,3484.78,2025-10-11
11401,57,5,1,750.67,750.67,2025-10-11
11731,496,35,2,3867.68,7735.36,2025-10-11
243,213,5,1,750.67,750.67,2025-10-12
536,350,5,1,750.67,750.67,2025-10-12
763,238,25,1,1905.87,1905.87,2025-10-12
944,377,31,2,2489.05,4978.1,2025-10-12
1825,57,33,1,400.45,400.45,2025-10-12
1947,450,9,1,2464.29,2464.29,2025-10-12
2673,162,3,1,2968.18,2968.18,2025-10-12
6131,324,12,1,3884.15,3884.15,2025-10-12
6890,446,4,2,2454.84,4909.68,2025-10-12
7836,429,31,2,2489.05,4978.1,2025-10-12
7917,497,6,1,750.58,750.58,2025-10-12
7980,230,32,1,806.52,806.52,2025-10-12
9281,422,13,1,3354.9,3354.9,2025-10-12
10742,208,36,1,3262.33,3262.33,2025-10-12
11178,417,17,1,1321.33,1321.33,2025-10-12
11511,177,19,2,1812.99,3625.98,2025-10-12
11522,348,4,1,2454.84,2454.84,2025-10-12
11848,176,13,1,3354.9,3354.9,2025-10-12
2446,85,14,2,967.51,1935.02,2025-10-13
3668,355,15,1,850.03,850.03,2025-10-13
3974,410,35,1,3867.68,3867.68,2025-10-13
4957,399,36,1,3262.33,3262.33,2025-10-13
5792,30,16,1,856.11,856.11,2025-10-13
5831,101,29,1,2430.8,2430.8,2025-10-13
6949,440,3,1,2968.18,2968.18,2025-10-13
7007,408,14,1,967.51,967.51,2025-10-13
7112,20,19,1,1812.99,1812.99,2025-10-13
7456,398,12,1,3884.15,3884.15,2025-10-13
8023,212,20,1,1271.23,1271.23,2025-10-13
8060,164,1,2,1591.98,3183.96,2025-10-13
8989,157,34,2,3803.21,7606.42,2025-10-13
9438,491,18,1,2170.31,2170.31,2025-10-13
10073,495,15,1,850.03,850.03,2025-10-13
11588,186,28,1,2129.8,2129.8,2025-10-13
11613,243,7,2,373.62,747.24,2025-10-13
1548,72,17,2,1321.33,2642.66,2025-10-14
2226,40,2,1,3810.25,3810.25,2025-10-14
3038,208,15,1,850.03,850.03,2025-10-14
3542,235,21,1,2505.63,2505.63,2025-10-14
4033,99,29,1,2430.8,2430.8,2025-10-14
4495,60,29,1,2430.8,2430.8,2025-10-14
4737,500,5,1,750.67,750.67,2025-10-14
5125,326,22,1,687.05,687.05,2025-10-14
5155,241,5,1,750.67,750.67,2025-10-14
7343,443,27,1,918.74,918.74,2025-10-14
9715,187,18,1,2170.31,2170.31,2025-10-14
10167,177,34,1,3803.21,3803.21,2025-10-14
11148,363,28,1,2129.8,2129.8,2025-10-14
11740,38,2,2,3810.25,7620.5,2025-10-14
147,10,18,1,2170.31,2170.31,2025-10-15
233,232,29,2,2430.8,4861.6,2025-10-15
1171,107,6,1,750.58,750.58,2025-10-15
1503,240,18,1,2170.31,2170.31,2025-10-15
1712,261,15,1,850.03,850.03,2025-10-15
2062,164,8,1,3484.78,3484.78,2025-10-15
2516,119,34,2,3803.21,7606.42,2025-10-15
4093,81,36,1,3262.33,3262.33,2025-10-15
4160,68,3,1,2968.18,2968.18,2025-10-15
4233,207,25,1,1905.87,1905.87,2025-10-15
5192,148,20,1,1271.23,1271.23,2025-10-15
5500,85,30,2,328.83,657.66,2025-10-15
6174,45,35,1,3867.68,3867.68,2025-10-15
7215,218,17,2,1321.33,2642.66,2025-10-15
7493,210,11,1,229.25,229.25,2025-10-15
9124,115,6,1,750.58,750.58,2025-10-15
9489,355,17,1,1321.33,1321.33,2025-10-15
10450,236,27,1,918.74,918.74,2025-10-15
10758,440,9,1,2464.29,2464.29,2025-10-15
11195,348,33,2,400.45,800.9,2025-10-15
11471,384,17,1,1321.33,1321.33,2025-10-15
11779,365,20,3,1271.23,3813.69,2025-10-15
730,369,28,1,2129.8,2129.8,2025-10-16
831,487,29,1,2430.8,2430.8,2025-10-16
974,194,3,1,2968.18,2968.18,2025-10-16
1227,143,17,1,1321.33,1321.33,2025-10-16
1798,464,8,1,3484.78,3484.78,2025-10-16
2414,487,26,1,3172.93,3172.93,2025-10-16
2437,487,34,3,3803.21,11409.63,2025-10-16
3979,163,30,1,328.83,328.83,2025-10-16
4206,443,11,1,229.25,229.25,2025-10-16
5207,340,32,2,806.52,1613.04,2025-10-16
5768,254,9,1,2464.29,2464.29,2025-10-16
5834,46,19,1,1812.99,1812.99,2025-10-16
7395,408,28,1,2129.8,2129.8,2025-10-16
7618,38,1,1,1591.98,1591.98,2025-10-16
7722,261,13,1,3354.9,3354.9,2025-10-16
8484,218,25,1,1905.87,1905.87,2025-10-16
8806,104,22,1,687.05,687.05,2025-10-16
9329,391,16,1,856.11,856.11,2025-10-16
9898,80,29,1,2430.8,2430.8,2025-10-16
11959,392,31,1,2489.05,2489.05,2025-10-16
928,99,28,1,2129.8,2129.8,2025-10-17
1776,84,3,2,2968.18,5936.36,2025-10-17
2090,151,16,2,856.11,1712.22,2025-10-17
2730,51,11,1,229.25,229.25,2025-10-17
2866,257,28,1,2129.8,2129.8,2025-10-17
3690,392,13,2,3354.9,6709.8,2025-10-17
3907,410,33,2,400.45,800.9,2025-10-17
3978,225,16,1,856.11,856.11,2025-10-17
4740,446,19,1,1812.99,1812.99,2025-10-17
5251,163,24,1,1560.49,1560.49,2025-10-17
5397,69,2,2,3810.25,7620.5,2025-10-17
7378,310,26,1,3172.93,3172.93,2025-10-17
7843,346,32,1,806.52,806.52,2025-10-17
9266,383,11,1,229.25,229.25,2025-10-17
9883,183,19,1,1812.99,1812.99,2025-10-17
675,195,10,1,2876.08,2876.08,2025-10-18
952,8,6,1,750.58,750.58,2025-10-18
966,496,34,1,3803.21,3803.21,2025-10-18
1323,15,27,1,918.74,918.74,2025-10-18
2013,384,24,1,1560.49,1560.49,2025-10-18
2993,64,21,1,2505.63,2505.63,2025-10-18
3302,278,1,2,1591.98,3183.96,2025-10-18
4554,79,5,2,750.67,1501.34,2025-10-18
5715,422,27,1,918.74,918.74,2025-10-18
6317,438,26,1,3172.93,3172.93,2025-10-18
6318,315,1,1,1591.98,1591.98,2025-10-18
6322,212,31,2,2489.05,4978.1,2025-10-18
7247,497,13,1,3354.9,3354.9,2025-10-18
7767,33,27,3,918.74,2756.22,2025-10-18
8314,307,2,1,3810.25,3810.25,2025-10-18
9678,232,30,2,328.83,657.66,2025-10-18
11027,185,25,1,1905.87,1905.87,2025-10-18
11658,368,22,1,687.05,687.05,2025-10-18
980,464,35,2,3867.68,7735.36,2025-10-19
1478,403,17,2,1321.33,2642.66,2025-10-19
1486,17,30,1,328.83,328.83,2025-10-19
3241,441,25,1,1905.87,1905.87,2025-10-19
4191,403,36,2,3262.33,6524.66,2025-10-19
4300,355,19,1,1812.99,1812.99,2025-10-19
5018,156,8,1,3484.78,3484.78,2025-10-19
7865,436,20,1,1271.23,1271.23,2025-10-19
8177,105,13,1,3354.9,3354.9,2025-10-19
8812,298,22,1,687.05,687.05,2025-10-19
9066,473,3,2,2968.18,5936.36,2025-10-19
9242,295,6,1,750.58,750.58,2025-10-19
10496,30,23,1,1274.76,1274.76,2025-10-19
11117,152,3,1,2968.18,2968.18,2025-10-19
11201,128,7,1,373.62,373.62,2025-10-19
11996,139,17,1,1321.33,1321.33,2025-10-19
336,289,8,2,3484.78,6969.56,2025-10-20
535,499,7,2,373.62,747.24,2025-10-20
611,459,7,2,373.62,747.24,2025-10-20
2335,206,14,2,967.51,1935.02,2025-10-20
3000,84,19,1,1812.99,1812.99,2025-10-20
3013,254,21,1,2505.63,2505.63,2025-10-20
3503,418,34,1,3803.21,3803.21,2025-10-20
5236,78,32,1,806.52,806.52,2025-10-20
5311,467,8,1,3484.78,3484.78,2025-10-20
8562,304,28,1,2129.8,2129.8,2025-10-20
10909,119,20,2,1271.23,2542.46,2025-10-20
11845,446,25,1,1905.87,1905.87,2025-10-20
2919,172,24,1,1560.49,1560.49,2025-10-21
6008,407,25,1,1905.87,1905.87,2025-10-21
6223,172,9,1,2464.29,2464.29,2025-10-21
6300,495,20,1,1271.23,1271.23,2025-10-21
6533,343,19,1,1812.99,1812.99,2025-10-21
6868,287,3,1,2968.18,2968.18,2025-10-21
7026,100,25,1,1905.87,1905.87,2025-10-21
7540,464,36,1,3262.33,3262.33,2025-10-21
7871,142,27,1,918.74,918.74,2025-10-21
8005,403,11,1,229.25,229.25,2025-10-21
8173,473,15,1,850.03,850.03,2025-10-21
8686,402,23,3,1274.76,3824.28,2025-10-21
8893,25,20,1,1271.23,1271.23,2025-10-21
9432,165,28,1,2129.8,2129.8,2025-10-21
9652,300,19,2,1812.99,3625.98,2025-10-21
278,278,33,1,400.45,400.45,2025-10-22
517,214,16,1,856.11,856.11,2025-10-22
554,270,18,1,2170.31,2170.31,2025-10-22
845,474,19,1,1812.99,1812.99,2025-10-22
1552,85,29,1,2430.8,2430.8,2025-10-22
1722,289,32,2,806.52,1613.04,2025-10-22
2038,464,25,1,1905.87,1905.87,2025-10-22
2289,18,34,1,3803.21,3803.21,2025-10-22
3361,368,1,1,1591.98,1591.98,2025-10-22
4127,174,15,2,850.03,1700.06,2025-10-22
5228,86,23,3,1274.76,3824.28,2025-10-22
5436,261,20,1,1271.23,1271.23,2025-10-22
5643,483,15,2,850.03,1700.06,2025-10-22
5651,416,34,1,3803.21,3803.21,2025-10-22
7024,164,10,1,2876.08,2876.08,2025-10-22
7478,289,16,1,856.11,856.11,2025-10-22
7532,443,14,2,967.51,1935.02,2025-10-22
8328,313,17,1,1321.33,1321.33,2025-10-22
8880,491,19,1,1812.99,1812.99,2025-10-22
9062,32,25,1,1905.87,1905.87,2025-10-22
9406,436,30,1,328.83,328.83,2025-10-22
9599,217,1,1,1591.98,1591.98,2025-10-22
10126,303,9,2,2464.29,4928.58,2025-10-22
11040,191,27,2,918.74,1837.48,2025-10-22
11862,89,30,1,328.83,328.83,2025-10-22
190,168,31,1,2489.05,2489.05,2025-10-23
577,411,36,1,3262.33,3262.33,2025-10-23
616,397,8,1,3484.78,3484.78,2025-10-23
1324,402,34,2,3803.21,7606.42,2025-10-23
2054,406,8,2,3484.78,6969.56,2025-10-23
2298,225,10,2,2876.08,5752.16,2025-10-23
2641,121,28,1,2129.8,2129.8,2025-10-23
3346,308,32,1,806.52,806.52,2025-10-23
3400,260,34,1,3803.21,3803.21,2025-10-23
4010,304,2,2,3810.25,7620.5,2025-10-23
4586,302,8,1,3484.78,3484.78,2025-10-23
4758,72,31,1,2489.05,2489.05,2025-10-23
6198,16,2,1,3810.25,3810.25,2025-10-23
6725,230,31,1,2489.05,2489.05,2025-10-23
7019,355,17,2,1321.33,2642.66,2025-10-23
7163,100,27,1,918.74,918.74,2025-10-23
7678,214,27,1,918.74,918.74,2025-10-23
11233,317,31,3,2489.05,7467.15,2025-10-23
11363,354,7,1,373.62,373.62,2025-10-23
595,364,20,1,1271.23,1271.23,2025-10-24
795,80,5,1,750.67,750.67,2025-10-24
1718,400,7,1,373.62,373.62,2025-10-24
2322,483,8,1,3484.78,3484.78,2025-10-24
2692,281,22,2,687.05,1374.1,2025-10-24
2698,402,36,1,3262.33,3262.33,2025-10-24
2722,378,23,2,1274.76,2549.52,2025-10-24
3160,422,4,2,2454.84,4909.68,2025-10-24
3281,166,25,1,1905.87,1905.87,2025-10-24
3519,448,19,2,1812.99,3625.98,2025-10-24
5281,296,9,1,2464.29,2464.29,2025-10-24
6213,258,5,1,750.67,750.67,2025-10-24
6357,400,34,1,3803.21,3803.21,2025-10-24
6553,440,3,2,2968.18,5936.36,2025-10-24
6590,278,33,1,400.45,400.45,2025-10-24
6809,269,4,1,2454.84,2454.84,2025-10-24
9106,290,31,1,2489.05,2489.05,2025-10-24
11115,20,7,1,373.62,373.62,2025-10-24
11678,496,22,3,687.05,2061.15,2025-10-24
36,73,24,1,1560.49,1560.49,2025-10-25
241,483,4,1,2454.84,2454.84,2025-10-25
1218,443,3,1,2968.18,2968.18,2025-10-25
3328,269,36,1,3262.33,3262.33,2025-10-25
5010,411,3,1,2968.18,2968.18,2025-10-25
5200,69,23,1,1274.76,1274.76,2025-10-25
5287,443,33,1,400.45,400.45,2025-10-25
5548,481,9,1,2464.29,2464.29,2025-10-25
5591,131,17,1,1321.33,1321.33,2025-10-25
6105,53,5,1,750.67,750.67,2025-10-25
6719,131,23,2,1274.76,2549.52,2025-10-25
7875,296,32,1,806.52,806.52,2025-10-25
8868,356,17,2,1321.33,2642.66,2025-10-25
9764,184,36,2,3262.33,6524.66,2025-10-25
11134,273,3,1,2968.18,2968.18,2025-10-25
11760,15,5,3,750.67,2252.01,2025-10-25
1450,191,2,2,3810.25,7620.5,2025-10-26
2416,383,21,1,2505.63,2505.63,2025-10-26
2951,34,32,1,806.52,806.52,2025-10-26
3236,4,6,2,750.58,1501.16,2025-10-26
3469,367,11,1,229.25,229.25,2025-10-26
3891,185,15,1,850.03,850.03,2025-10-26
4023,240,7,1,373.62,373.62,2025-10-26
4424,35,31,1,2489.05,2489.05,2025-10-26
5596,445,28,2,2129.8,4259.6,2025-10-26
6335,464,12,1,3884.15,3884.15,2025-10-26
6665,104,29,1,2430.8,2430.8,2025-10-26
6876,485,9,1,2464.29,2464.29,2025-10-26
7174,358,3,2,2968.18,5936.36,2025-10-26
8818,270,2,1,3810.25,3810.25,2025-10-26
9790,45,12,1,3884.15,3884.15,2025-10-26
10530,158,20,1,1271.23,1271.23,2025-10-26
102,221,24,2,1560.49,3120.98,2025-10-27
706,195,20,1,1271.23,1271.23,2025-10-27
1539,440,22,1,687.05,687.05,2025-10-27
1977,194,10,1,2876.08,2876.08,2025-10-27
2018,457,14,1,967.51,967.51,2025-10-27
2102,473,31,1,2489.05,2489.05,2025-10-27
3890,325,31,3,2489.05,7467.15,2025-10-27
6667,38,24,1,1560.49,1560.49,2025-10-27
7495,488,17,1,1321.33,1321.33,2025-10-27
7817,338,3,1,2968.18,2968.18,2025-10-27
8283,292,15,1,850.03,850.03,2025-10-27
8301,191,25,3,1905.87,5717.61,2025-10-27
8403,471,4,1,2454.84,2454.84,2025-10-27
8720,124,25,2,1905.87,3811.74,2025-10-27
9207,496,26,1,3172.93,3172.93,2025-10-27
9379,59,5,1,750.67,750.67,2025-10-27
10023,147,17,1,1321.33,1321.33,2025-10-27
10272,457,17,1,1321.33,1321.33,2025-10-27
10982,430,5,1,750.67,750.67,2025-10-27
11691,316,18,2,2170.31,4340.62,2025-10-27
11775,218,9,1,2464.29,2464.29,2025-10-27
969,385,23,1,1274.76,1274.76,2025-10-28
1186,104,24,3,1560.49,4681.47,2025-10-28
1668,459,23,1,1274.76,1274.76,2025-10-28
2468,487,6,1,750.58,750.58,2025-10-28
7175,278,33,2,400.45,800.9,2025-10-28
7983,205,10,1,2876.08,2876.08,2025-10-28
8266,206,5,3,750.67,2252.01,2025-10-28
81,438,27,1,918.74,918.74,2025-10-29
566,213,35,1,3867.68,3867.68,2025-10-29
1191,494,15,1,850.03,850.03,2025-10-29
2734,3,20,2,1271.23,2542.46,2025-10-29
3262,105,21,1,2505.63,2505.63,2025-10-29
3630,222,36,2,3262.33,6524.66,2025-10-29
4352,309,18,1,2170.31,2170.31,2025-10-29
5159,84,14,1,967.51,967.51,2025-10-29
6153,436,9,1,2464.29,2464.29,2025-10-29
6873,494,24,1,1560.49,1560.49,2025-10-29
7107,331,12,1,3884.15,3884.15,2025-10-29
7357,103,17,1,1321.33,1321.33,2025-10-29
8345,235,16,3,856.11,2568.33,2025-10-29
9169,307,14,1,967.51,967.51,2025-10-29
9557,355,5,1,750.67,750.67,2025-10-29
10504,232,6,2,750.58,1501.16,2025-10-29
11087,438,35,1,3867.68,3867.68,2025-10-29
1183,115,31,1,2489.05,2489.05,2025-10-30
1846,91,15,1,850.03,850.03,2025-10-30
3916,323,9,1,2464.29,2464.29,2025-10-30
4310,125,17,1,1321.33,1321.33,2025-10-30
4472,53,7,1,373.62,373.62,2025-10-30
4668,207,9,1,2464.29,2464.29,2025-10-30
5250,368,32,1,806.52,806.52,2025-10-30
7129,496,12,1,3884.15,3884.15,2025-10-30
8296,495,15,1,850.03,850.03,2025-10-30
8305,329,8,2,3484.78,6969.56,2025-10-30
8356,434,15,1,850.03,850.03,2025-10-30
9477,338,19,1,1812.99,1812.99,2025-10-30
10237,226,16,2,856.11,1712.22,2025-10-30
11481,104,24,1,1560.49,1560.49,2025-10-30
11608,432,13,2,3354.9,6709.8,2025-10-30
1029,142,7,2,373.62,747.24,2025-10-31
1246,496,6,3,750.58,2251.74,2025-10-31
1335,34,28,1,2129.8,2129.8,2025-10-31
1538,185,31,1,2489.05,2489.05,2025-10-31
1882,14,7,1,373.62,373.62,2025-10-31
3026,161,31,2,2489.05,4978.1,2025-10-31
3426,453,13,2,3354.9,6709.8,2025-10-31
3479,104,22,1,687.05,687.05,2025-10-31
3483,57,26,1,3172.93,3172.93,2025-10-31
5320,191,6,1,750.58,750.58,2025-10-31
5331,296,35,1,3867.68,3867.68,2025-10-31
5795,210,12,1,3884.15,3884.15,2025-10-31
6554,134,21,1,2505.63,2505.63,2025-10-31
7811,118,1,1,1591.98,1591.98,2025-10-31
8176,429,1,1,1591.98,1591.98,2025-10-31
8839,119,9,1,2464.29,2464.29,2025-10-31
10341,310,34,1,3803.21,3803.21,2025-10-31
10562,270,24,1,1560.49,1560.49,2025-10-31
11397,230,14,1,967.51,967.51,2025-10-31
11634,136,25,1,1905.87,1905.87,2025-10-31
11905,323,23,2,1274.76,2549.52,2025-10-31
96,270,26,1,3172.93,3172.93,2025-11-01
1476,232,19,1,1812.99,1812.99,2025-11-01
1980,105,19,1,1812.99,1812.99,2025-11-01
2612,495,5,1,750.67,750.67,2025-11-01
2978,212,10,1,2876.08,2876.08,2025-11-01
3042,314,6,2,750.58,1501.16,2025-11-01
3950,397,19,1,1812.99,1812.99,2025-11-01
4417,207,26,1,3172.93,3172.93,2025-11-01
5163,347,31,1,2489.05,2489.05,2025-11-01
8733,69,34,1,3803.21,3803.21,2025-11-01
10321,8,5,2,750.67,1501.34,2025-11-01
11153,8,26,2,3172.93,6345.86,2025-11-01
605,193,21,1,2505.63,2505.63,2025-11-02
800,128,23,1,1274.76,1274.76,2025-11-02
1100,487,27,1,918.74,918.74,2025-11-02
2166,86,20,1,1271.23,1271.23,2025-11-02
2733,232,16,1,856.11,856.11,2025-11-02
2743,220,28,1,2129.8,2129.8,2025-11-02
3686,238,35,1,3867.68,3867.68,2025-11-02
4203,496,12,1,3884.15,3884.15,2025-11-02
4483,101,13,2,3354.9,6709.8,2025-11-02
6526,331,32,1,806.52,806.52,2025-11-02
6646,223,8,1,3484.78,3484.78,2025-11-02
10853,6,34,1,3803.21,3803.21,2025-11-02
10878,360,21,1,2505.63,2505.63,2025-11-02
11390,361,7,1,373.62,373.62,2025-11-02
400,183,21,1,2505.63,2505.63,2025-11-03
600,10,17,1,1321.33,1321.33,2025-11-03
3051,438,23,1,1274.76,1274.76,2025-11-03
3695,380,9,1,2464.29,2464.29,2025-11-03
5088,423,2,3,3810.25,11430.75,2025-11-03
5189,403,30,1,328.83,328.83,2025-11-03
5199,184,27,2,918.74,1837.48,2025-11-03
6739,105,36,1,3262.33,3262.33,2025-11-03
8596,156,32,1,806.52,806.52,2025-11-03
9610,184,17,1,1321.33,1321.33,2025-11-03
10528,152,25,1,1905.87,1905.87,2025-11-03
10760,128,4,1,2454.84,2454.84,2025-11-03
11703,331,16,1,856.11,856.11,2025-11-03
4,346,16,1,856.11,856.11,2025-11-04
415,328,24,2,1560.49,3120.98,2025-11-04
425,442,33,2,400.45,800.9,2025-11-04
1716,469,17,1,1321.33,1321.33,2025-11-04
1777,366,22,1,687.05,687.05,2025-11-04
2116,410,11,1,229.25,229.25,2025-11-04
2759,59,16,2,856.11,1712.22,2025-11-04
3098,143,30,1,328.83,328.83,2025-11-04
4193,257,24,2,1560.49,3120.98,2025-11-04
5014,373,26,1,3172.93,3172.93,2025-11-04
6468,358,35,2,3867.68,7735.36,2025-11-04
6648,232,10,1,2876.08,2876.08,2025-11-04
7370,124,19,2,1812.99,3625.98,2025-11-04
7816,73,17,1,1321.33,1321.33,2025-11-04
8418,497,4,1,2454.84,2454.84,2025-11-04
8835,52,35,2,3867.68,7735.36,2025-11-04
10070,473,12,1,3884.15,3884.15,2025-11-04
334,468,29,1,2430.8,2430.8,2025-11-05
958,6,34,2,3803.21,7606.42,2025-11-05
3081,59,16,1,856.11,856.11,2025-11-05
4170,10,30,1,328.83,328.83,2025-11-05
4833,494,27,1,918.74,918.74,2025-11-05
5110,352,18,2,2170.31,4340.62,2025-11-05
5988,261,7,1,373.62,373.62,2025-11-05
6222,489,16,1,856.11,856.11,2025-11-05
7041,244,3,1,2968.18,2968.18,2025-11-05
7593,463,35,1,3867.68,3867.68,2025-11-05
8018,500,19,1,1812.99,1812.99,2025-11-05
8129,329,28,2,2129.8,4259.6,2025-11-05
8348,472,15,1,850.03,850.03,2025-11-05
8373,432,13,1,3354.9,3354.9,2025-11-05
10123,183,9,1,2464.29,2464.29,2025-11-05
10132,468,1,2,1591.98,3183.96,2025-11-05
11250,439,19,1,1812.99,1812.99,2025-11-05
11257,36,32,2,806.52,1613.04,2025-11-05
62,238,13,1,3354.9,3354.9,2025-11-06
185,95,2,1,3810.25,3810.25,2025-11-06
1506,261,27,1,918.74,918.74,2025-11-06
3450,398,5,1,750.67,750.67,2025-11-06
3559,43,23,1,1274.76,1274.76,2025-11-06
4623,205,9,1,2464.29,2464.29,2025-11-06
4650,80,17,2,1321.33,2642.66,2025-11-06
5907,279,2,1,3810.25,3810.25,2025-11-06
6063,488,30,2,328.83,657.66,2025-11-06
7225,341,8,1,3484.78,3484.78,2025-11-06
7323,496,22,1,687.05,687.05,2025-11-06
7632,438,7,2,373.62,747.24,2025-11-06
8153,289,34,1,3803.21,3803.21,2025-11-06
8237,115,16,2,856.11,1712.22,2025-11-06
9370,366,8,2,3484.78,6969.56,2025-11-06
9522,488,11,1,229.25,229.25,2025-11-06
9731,315,1,1,1591.98,1591.98,2025-11-06
9888,429,14,2,967.51,1935.02,2025-11-06
10391,326,16,1,856.11,856.11,2025-11-06
10546,353,18,2,2170.31,4340.62,2025-11-06
11950,237,13,2,3354.9,6709.8,2025-11-06
310,428,34,1,3803.21,3803.21,2025-11-07
1354,312,27,1,918.74,918.74,2025-11-07
1383,105,9,2,2464.29,4928.58,2025-11-07
2740,15,7,2,373.62,747.24,2025-11-07
5124,464,10,1,2876.08,2876.08,2025-11-07
5206,496,33,1,400.45,400.45,2025-11-07
6038,477,36,1,3262.33,3262.33,2025-11-07
6171,314,31,1,2489.05,2489.05,2025-11-07
6616,18,8,1,3484.78,3484.78,2025-11-07
6849,256,26,1,3172.93,3172.93,2025-11-07
8697,157,36,1,3262.33,3262.33,2025-11-07
9940,134,6,1,750.58,750.58,2025-11-07
10393,211,1,2,1591.98,3183.96,2025-11-07
10723,226,33,2,400.45,800.9,2025-11-07
11539,323,25,1,1905.87,1905.87,2025-11-07
446,477,11,1,229.25,229.25,2025-11-08
635,15,27,1,918.74,918.74,2025-11-08
2509,326,17,1,1321.33,1321.33,2025-11-08
2990,354,24,2,1560.49,3120.98,2025-11-08
3210,99,6,2,750.58,1501.16,2025-11-08
3544,221,5,1,750.67,750.67,2025-11-08
6043,146,34,1,3803.21,3803.21,2025-11-08
6622,40,12,1,3884.15,3884.15,2025-11-08
8965,213,22,1,687.05,687.05,2025-11-08
9721,353,5,1,750.67,750.67,2025-11-08
9777,404,7,1,373.62,373.62,2025-11-08
2233,34,9,1,2464.29,2464.29,2025-11-09
2719,162,7,1,373.62,373.62,2025-11-09
2885,5,5,1,750.67,750.67,2025-11-09
4937,99,18,1,2170.31,2170.31,2025-11-09
6280,230,12,2,3884.15,7768.3,2025-11-09
7160,472,33,1,400.45,400.45,2025-11-09
7768,157,17,1,1321.33,1321.33,2025-11-09
8001,393,29,1,2430.8,2430.8,2025-11-09
8149,414,1,2,1591.98,3183.96,2025-11-09
80,85,34,2,3803.21,7606.42,2025-11-10
2937,87,10,2,2876.08,5752.16,2025-11-10
3228,143,20,1,1271.23,1271.23,2025-11-10
3961,207,28,1,2129.8,2129.8,2025-11-10
4408,351,35,1,3867.68,3867.68,2025-11-10
5060,292,18,2,2170.31,4340.62,2025-11-10
6499,355,1,1,1591.98,1591.98,2025-11-10
7474,366,29,1,2430.8,2430.8,2025-11-10
8205,432,36,1,3262.33,3262.33,2025-11-10
9871,473,6,1,750.58,750.58,2025-11-10
9877,314,23,1,1274.76,1274.76,2025-11-10
10248,326,24,1,1560.49,1560.49,2025-11-10
11306,145,13,1,3354.9,3354.9,2025-11-10
750,132,23,2,1274.76,2549.52,2025-11-11
1267,105,25,2,1905.87,3811.74,2025-11-11
1948,200,8,1,3484.78,3484.78,2025-11-11
1983,455,23,2,1274.76,2549.52,2025-11-11
5254,4,33,1,400.45,400.45,2025-11-11
6243,377,12,2,3884.15,7768.3,2025-11-11
7012,496,36,2,3262.33,6524.66,2025-11-11
7883,213,18,1,2170.31,2170.31,2025-11-11
11065,361,14,1,967.51,967.51,2025-11-11
11162,368,4,1,2454.84,2454.84,2025-11-11
11586,84,24,1,1560.49,1560.49,2025-11-11
4083,165,8,1,3484.78,3484.78,2025-11-12
4237,175,15,2,850.03,1700.06,2025-11-12
5655,440,17,2,1321.33,2642.66,2025-11-12
5796,175,24,1,1560.49,1560.49,2025-11-12
6915,330,11,2,229.25,458.5,2025-11-12
8077,147,18,1,2170.31,2170.31,2025-11-12
8094,194,13,2,3354.9,6709.8,2025-11-12
8162,311,25,1,1905.87,1905.87,2025-11-12
8219,362,32,1,806.52,806.52,2025-11-12
8611,161,25,1,1905.87,1905.87,2025-11-12
9946,58,3,1,2968.18,2968.18,2025-11-12
1504,394,6,2,750.58,1501.16,2025-11-13
5674,157,14,1,967.51,967.51,2025-11-13
5735,464,7,1,373.62,373.62,2025-11-13
7702,240,14,1,967.51,967.51,2025-11-13
7838,69,21,3,2505.63,7516.89,2025-11-13
9842,439,32,2,806.52,1613.04,2025-11-13
459,341,17,1,1321.33,1321.33,2025-11-14
3134,482,1,1,1591.98,1591.98,2025-11-14
4670,266,6,2,750.58,1501.16,2025-11-14
5321,329,35,1,3867.68,3867.68,2025-11-14
6125,71,1,1,1591.98,1591.98,2025-11-14
6751,488,33,1,400.45,400.45,2025-11-14
7010,443,14,2,967.51,1935.02,2025-11-14
8959,400,21,1,2505.63,2505.63,2025-11-14
9315,185,11,2,229.25,458.5,2025-11-14
11163,119,23,1,1274.76,1274.76,2025-11-14
477,478,7,3,373.62,1120.86,2025-11-15
2544,135,34,1,3803.21,3803.21,2025-11-15
3239,440,18,1,2170.31,2170.31,2025-11-15
8315,464,12,1,3884.15,3884.15,2025-11-15
10763,369,4,2,2454.84,4909.68,2025-11-15
11047,496,32,1,806.52,806.52,2025-11-15
11333,316,27,1,918.74,918.74,2025-11-15
11768,229,6,1,750.58,750.58,2025-11-15
1169,242,11,1,229.25,229.25,2025-11-16
2913,143,25,1,1905.87,1905.87,2025-11-16
2984,185,23,1,1274.76,1274.76,2025-11-16
5552,115,19,1,1812.99,1812.99,2025-11-16
9294,364,15,3,850.03,2550.09,2025-11-16
260,29,36,1,3262.33,3262.33,2025-11-17
613,92,5,1,750.67,750.67,2025-11-17
617,205,5,1,750.67,750.67,2025-11-17
1796,157,8,1,3484.78,3484.78,2025-11-17
3273,126,27,1,918.74,918.74,2025-11-17
5434,243,30,1,328.83,328.83,2025-11-17
5922,406,17,1,1321.33,1321.33,2025-11-17
6425,240,2,1,3810.25,3810.25,2025-11-17
6630,482,1,2,1591.98,3183.96,2025-11-17
7017,235,2,1,3810.25,3810.25,2025-11-17
8299,355,1,2,1591.98,3183.96,2025-11-17
11090,353,9,3,2464.29,7392.87,2025-11-17
11398,261,30,1,328.83,328.83,2025-11-17
834,279,14,1,967.51,967.51,2025-11-18
1393,443,19,1,1812.99,1812.99,2025-11-18
1431,295,27,1,918.74,918.74,2025-11-18
2757,182,5,1,750.67,750.67,2025-11-18
3357,331,24,1,1560.49,1560.49,2025-11-18
3370,464,2,1,3810.25,3810.25,2025-11-18
4367,406,36,1,3262.33,3262.33,2025-11-18
4534,361,23,1,1274.76,1274.76,2025-11-18
6162,147,11,1,229.25,229.25,2025-11-18
6233,483,20,1,1271.23,1271.23,2025-11-18
6435,137,2,1,3810.25,3810.25,2025-11-18
7179,320,16,1,856.11,856.11,2025-11-18
7757,121,1,1,1591.98,1591.98,2025-11-18
229,262,15,1,850.03,850.03,2025-11-19
1030,261,2,1,3810.25,3810.25,2025-11-19
1303,413,1,1,1591.98,1591.98,2025-11-19
1364,449,34,2,3803.21,7606.42,2025-11-19
1380,358,18,2,2170.31,4340.62,2025-11-19
3078,478,10,1,2876.08,2876.08,2025-11-19
4755,279,14,1,967.51,967.51,2025-11-19
5166,196,24,1,1560.49,1560.49,2025-11-19
7226,10,7,3,373.62,1120.86,2025-11-19
8072,465,15,1,850.03,850.03,2025-11-19
10716,42,36,1,3262.33,3262.33,2025-11-19
1426,457,26,1,3172.93,3172.93,2025-11-20
1693,463,36,1,3262.33,3262.33,2025-11-20
1808,484,30,1,328.83,328.83,2025-11-20
2174,412,3,2,2968.18,5936.36,2025-11-20
3770,38,3,1,2968.18,2968.18,2025-11-20
4324,53,12,1,3884.15,3884.15,2025-11-20
5618,61,31,1,2489.05,2489.05,2025-11-20
5950,246,25,1,1905.87,1905.87,2025-11-20
6382,341,29,1,2430.8,2430.8,2025-11-20
6743,406,6,2,750.58,1501.16,2025-11-20
7248,229,24,1,1560.49,1560.49,2025-11-20
11880,18,34,1,3803.21,3803.21,2025-11-20
1224,44,21,1,2505.63,2505.63,2025-11-21
2151,315,16,1,856.11,856.11,2025-11-21
3135,241,32,2,806.52,1613.04,2025-11-21
4236,376,26,1,3172.93,3172.93,2025-11-21
5580,119,7,1,373.62,373.62,2025-11-21
5983,104,27,2,918.74,1837.48,2025-11-21
8533,15,35,1,3867.68,3867.68,2025-11-21
10033,230,24,1,1560.49,1560.49,2025-11-21
10574,156,31,2,2489.05,4978.1,2025-11-21
10633,185,31,3,2489.05,7467.15,2025-11-21
11342,474,25,2,1905.87,3811.74,2025-11-21
11548,78,26,2,3172.93,6345.86,2025-11-21
412,454,34,1,3803.21,3803.21,2025-11-22
3158,164,17,1,1321.33,1321.33,2025-11-22
3515,488,10,1,2876.08,2876.08,2025-11-22
5165,142,9,1,2464.29,2464.29,2025-11-22
6073,194,18,1,2170.31,2170.31,2025-11-22
7332,109,27,1,918.74,918.74,2025-11-22
7620,261,24,1,1560.49,1560.49,2025-11-22
7763,180,5,1,750.67,750.67,2025-11-22
10040,278,3,1,2968.18,2968.18,2025-11-22
217,32,28,3,2129.8,6389.4,2025-11-23
649,477,22,2,687.05,1374.1,2025-11-23
1132,433,9,2,2464.29,4928.58,2025-11-23
1148,454,26,1,3172.93,3172.93,2025-11-23
1925,373,6,1,750.58,750.58,2025-11-23
3792,200,30,1,328.83,328.83,2025-11-23
4818,203,4,1,2454.84,2454.84,2025-11-23
6088,347,31,1,2489.05,2489.05,2025-11-23
8409,179,18,1,2170.31,2170.31,2025-11-23
153,323,7,1,373.62,373.62,2025-11-24
1577,380,35,1,3867.68,3867.68,2025-11-24
1723,344,26,1,3172.93,3172.93,2025-11-24
1763,349,16,1,856.11,856.11,2025-11-24
2565,292,30,1,328.83,328.83,2025-11-24
2931,59,34,2,3803.21,7606.42,2025-11-24
3761,366,11,1,229.25,229.25,2025-11-24
5460,347,23,1,1274.76,1274.76,2025-11-24
5726,72,10,2,2876.08,5752.16,2025-11-24
6941,165,34,1,3803.21,3803.21,2025-11-24
8515,406,3,1,2968.18,2968.18,2025-11-24
184,40,8,1,3484.78,3484.78,2025-11-25
456,314,19,1,1812.99,1812.99,2025-11-25
598,332,22,2,687.05,1374.1,2025-11-25
661,443,2,1,3810.25,3810.25,2025-11-25
840,242,21,1,2505.63,2505.63,2025-11-25
2962,78,16,1,856.11,856.11,2025-11-25
3592,221,1,2,1591.98,3183.96,2025-11-25
4462,210,32,2,806.52,1613.04,2025-11-25
4770,496,13,1,3354.9,3354.9,2025-11-25
5150,283,21,1,2505.63,2505.63,2025-11-25
5322,413,24,3,1560.49,4681.47,2025-11-25
5359,272,30,2,328.83,657.66,2025-11-25
5709,226,31,1,2489.05,2489.05,2025-11-25
6709,24,6,2,750.58,1501.16,2025-11-25
8271,138,24,3,1560.49,4681.47,2025-11-25
8468,192,3,1,2968.18,2968.18,2025-11-25
8487,448,14,1,967.51,967.51,2025-11-25
10482,128,30,1,328.83,328.83,2025-11-25
853,323,8,1,3484.78,3484.78,2025-11-26
1389,273,35,1,3867.68,3867.68,2025-11-26
1740,355,36,1,3262.33,3262.33,2025-11-26
1915,477,34,1,3803.21,3803.21,2025-11-26
3392,327,2,1,3810.25,3810.25,2025-11-26
4970,472,36,1,3262.33,3262.33,2025-11-26
5981,429,26,1,3172.93,3172.93,2025-11-26
6034,85,29,2,2430.8,4861.6,2025-11-26
8202,473,15,1,850.03,850.03,2025-11-26
8275,294,33,2,400.45,800.9,2025-11-26
8958,18,4,1,2454.84,2454.84,2025-11-26
9342,105,10,1,2876.08,2876.08,2025-11-26
9846,445,29,1,2430.8,2430.8,2025-11-26
9902,60,21,2,2505.63,5011.26,2025-11-26
9907,449,23,1,1274.76,1274.76,2025-11-26
9968,473,28,2,2129.8,4259.6,2025-11-26
925,286,8,1,3484.78,3484.78,2025-11-27
1056,122,5,1,750.67,750.67,2025-11-27
1269,315,27,1,918.74,918.74,2025-11-27
1597,182,21,1,2505.63,2505.63,2025-11-27
2000,72,24,1,1560.49,1560.49,2025-11-27
2768,191,36,1,3262.33,3262.33,2025-11-27
3640,83,18,3,2170.31,6510.93,2025-11-27
5603,290,22,1,687.05,687.05,2025-11-27
7137,157,34,1,3803.21,3803.21,2025-11-27
7197,418,23,2,1274.76,2549.52,2025-11-27
7254,257,4,2,2454.84,4909.68,2025-11-27
7788,340,15,1,850.03,850.03,2025-11-27
8215,43,28,1,2129.8,2129.8,2025-11-27
9075,331,9,1,2464.29,2464.29,2025-11-27
9859,487,15,1,850.03,850.03,2025-11-27
533,34,4,1,2454.84,2454.84,2025-11-28
1133,366,2,2,3810.25,7620.5,2025-11-28
1178,444,5,1,750.67,750.67,2025-11-28
2103,492,32,1,806.52,806.52,2025-11-28
2622,210,27,1,918.74,918.74,2025-11-28
2788,111,13,1,3354.9,3354.9,2025-11-28
3751,477,10,1,2876.08,2876.08,2025-11-28
4086,343,26,1,3172.93,3172.93,2025-11-28
4968,26,2,1,3810.25,3810.25,2025-11-28
6512,317,14,2,967.51,1935.02,2025-11-28
6859,482,4,1,2454.84,2454.84,2025-11-28
7243,410,19,1,1812.99,1812.99,2025-11-28
9164,440,25,2,1905.87,3811.74,2025-11-28
10069,396,26,2,3172.93,6345.86,2025-11-28
10495,374,30,2,328.83,657.66,2025-11-28
136,364,7,2,373.62,747.24,2025-11-29
888,184,4,1,2454.84,2454.84,2025-11-29
1688,496,20,1,1271.23,1271.23,2025-11-29
3246,483,21,1,2505.63,2505.63,2025-11-29
5639,105,16,1,856.11,856.11,2025-11-29
6835,488,23,1,1274.76,1274.76,2025-11-29
8617,386,30,1,328.83,328.83,2025-11-29
9159,168,20,1,1271.23,1271.23,2025-11-29
9222,449,11,1,229.25,229.25,2025-11-29
9631,218,1,2,1591.98,3183.96,2025-11-29
10283,176,12,1,3884.15,3884.15,2025-11-29
10424,30,7,1,373.62,373.62,2025-11-29
11234,496,21,3,2505.63,7516.89,2025-11-29
11384,211,32,1,806.52,806.52,2025-11-29
11668,483,23,1,1274.76,1274.76,2025-11-29
1332,406,2,1,3810.25,3810.25,2025-11-30
2311,440,4,1,2454.84,2454.84,2025-11-30
2577,350,35,1,3867.68,3867.68,2025-11-30
3777,20,5,1,750.67,750.67,2025-11-30
4174,270,31,1,2489.05,2489.05,2025-11-30
5140,495,1,1,1591.98,1591.98,2025-11-30
5152,148,31,1,2489.05,2489.05,2025-11-30
7554,458,7,1,373.62,373.62,2025-11-30
9971,477,35,1,3867.68,3867.68,2025-11-30
115,108,32,1,806.52,806.52,2025-12-01
1564,80,5,1,750.67,750.67,2025-12-01
2968,152,20,1,1271.23,1271.23,2025-12-01
3575,439,13,3,3354.9,10064.7,2025-12-01
4476,206,35,1,3867.68,3867.68,2025-12-01
5062,39,11,2,229.25,458.5,2025-12-01
5361,341,9,1,2464.29,2464.29,2025-12-01
6406,194,12,1,3884.15,3884.15,2025-12-01
6599,112,5,1,750.67,750.67,2025-12-01
8435,326,24,2,1560.49,3120.98,2025-12-01
8529,485,4,3,2454.84,7364.52,2025-12-01
8939,195,2,1,3810.25,3810.25,2025-12-01
9279,92,17,1,1321.33,1321.33,2025-12-01
11653,321,2,1,3810.25,3810.25,2025-12-01
614,341,17,3,1321.33,3963.99,2025-12-02
776,54,36,1,3262.33,3262.33,2025-12-02
982,15,19,1,1812.99,1812.99,2025-12-02
1641,370,8,1,3484.78,3484.78,2025-12-02
1849,291,28,2,2129.8,4259.6,2025-12-02
3169,160,34,1,3803.21,3803.21,2025-12-02
3275,432,21,2,2505.63,5011.26,2025-12-02
4381,497,32,2,806.52,1613.04,2025-12-02
4775,6,31,1,2489.05,2489.05,2025-12-02
4951,35,18,1,2170.31,2170.31,2025-12-02
5178,112,17,1,1321.33,1321.33,2025-12-02
5429,238,33,1,400.45,400.45,2025-12-02
5845,205,35,1,3867.68,3867.68,2025-12-02
5847,273,33,2,400.45,800.9,2025-12-02
6075,280,4,2,2454.84,4909.68,2025-12-02
6188,483,36,1,3262.33,3262.33,2025-12-02
6737,454,14,1,967.51,967.51,2025-12-02
7660,434,20,2,1271.23,2542.46,2025-12-02
8520,320,24,2,1560.49,3120.98,2025-12-02
8772,72,30,1,328.83,328.83,2025-12-02
9991,115,36,1,3262.33,3262.33,2025-12-02
11324,191,22,2,687.05,1374.1,2025-12-02
11893,81,14,1,967.51,967.51,2025-12-02
174,249,11,2,229.25,458.5,2025-12-03
277,18,9,1,2464.29,2464.29,2025-12-03
2262,191,3,1,2968.18,2968.18,2025-12-03
2288,415,28,2,2129.8,4259.6,2025-12-03
2755,370,12,2,3884.15,7768.3,2025-12-03
3312,207,32,1,806.52,806.52,2025-12-03
3561,438,18,1,2170.31,2170.31,2025-12-03
3820,468,35,1,3867.68,3867.68,2025-12-03
4116,329,18,1,2170.31,2170.31,2025-12-03
4747,282,3,1,2968.18,2968.18,2025-12-03
5814,247,4,1,2454.84,2454.84,2025-12-03
6338,436,27,1,918.74,918.74,2025-12-03
7595,187,28,1,2129.8,2129.8,2025-12-03
8113,156,9,1,2464.29,2464.29,2025-12-03
9762,432,9,2,2464.29,4928.58,2025-12-03
9882,458,27,2,918.74,1837.48,2025-12-03
11395,205,33,2,400.45,800.9,2025-12-03
11434,349,30,1,328.83,328.83,2025-12-03
374,366,31,1,2489.05,2489.05,2025-12-04
2026,45,18,1,2170.31,2170.31,2025-12-04
2555,443,15,1,850.03,850.03,2025-12-04
2845,253,17,2,1321.33,2642.66,2025-12-04
3124,370,3,1,2968.18,2968.18,2025-12-04
4827,193,35,1,3867.68,3867.68,2025-12-04
6201,205,13,1,3354.9,3354.9,2025-12-04
6343,363,36,2,3262.33,6524.66,2025-12-04
7884,358,14,1,967.51,967.51,2025-12-04
8478,301,36,1,3262.33,3262.33,2025-12-04
8873,232,8,1,3484.78,3484.78,2025-12-04
9516,496,17,1,1321.33,1321.33,2025-12-04
9568,269,11,1,229.25,229.25,2025-12-04
11224,368,27,1,918.74,918.74,2025-12-04
11330,156,22,1,687.05,687.05,2025-12-04
1096,139,6,1,750.58,750.58,2025-12-05
1735,327,14,1,967.51,967.51,2025-12-05
2909,457,12,1,3884.15,3884.15,2025-12-05
2987,163,14,1,967.51,967.51,2025-12-05
3994,497,20,2,1271.23,2542.46,2025-12-05
4514,207,3,1,2968.18,2968.18,2025-12-05
4541,464,16,1,856.11,856.11,2025-12-05
5800,360,3,1,2968.18,2968.18,2025-12-05
7837,412,15,2,850.03,1700.06,2025-12-05
8838,290,13,1,3354.9,3354.9,2025-12-05
9698,463,22,2,687.05,1374.1,2025-12-05
9704,433,34,1,3803.21,3803.21,2025-12-05
1580,391,3,1,2968.18,2968.18,2025-12-06
1895,163,23,2,1274.76,2549.52,2025-12-06
1976,103,15,1,850.03,850.03,2025-12-06
4132,180,4,1,2454.84,2454.84,2025-12-06
4709,444,6,1,750.58,750.58,2025-12-06
5271,17,36,1,3262.33,3262.33,2025-12-06
5296,496,19,2,1812.99,3625.98,2025-12-06
6952,212,8,2,3484.78,6969.56,2025-12-06
7622,237,17,1,1321.33,1321.33,2025-12-06
7981,433,4,1,2454.84,2454.84,2025-12-06
9307,477,14,1,967.51,967.51,2025-12-06
11176,496,8,3,3484.78,10454.34,2025-12-06
11462,66,18,1,2170.31,2170.31,2025-12-06
11498,147,17,2,1321.33,2642.66,2025-12-06
271,213,7,1,373.62,373.62,2025-12-07
495,60,28,1,2129.8,2129.8,2025-12-07
825,150,8,2,3484.78,6969.56,2025-12-07
2949,476,5,3,750.67,2252.01,2025-12-07
4297,350,31,1,2489.05,2489.05,2025-12-07
4583,428,18,2,2170.31,4340.62,2025-12-07
4876,450,22,1,687.05,687.05,2025-12-07
5870,60,24,1,1560.49,1560.49,2025-12-07
6655,483,27,1,918.74,918.74,2025-12-07
6783,355,17,1,1321.33,1321.33,2025-12-07
7269,35,28,1,2129.8,2129.8,2025-12-07
7771,461,14,1,967.51,967.51,2025-12-07
11801,392,24,2,1560.49,3120.98,2025-12-07
11804,99,14,1,967.51,967.51,2025-12-07
3150,328,7,1,373.62,373.62,2025-12-08
4107,292,28,2,2129.8,4259.6,2025-12-08
5568,124,2,2,3810.25,7620.5,2025-12-08
5897,454,34,1,3803.21,3803.21,2025-12-08
6123,126,23,1,1274.76,1274.76,2025-12-08
6282,325,10,1,2876.08,2876.08,2025-12-08
6654,177,5,2,750.67,1501.34,2025-12-08
6750,15,36,1,3262.33,3262.33,2025-12-08
7596,185,2,1,3810.25,3810.25,2025-12-08
10029,428,16,1,856.11,856.11,2025-12-08
809,142,9,1,2464.29,2464.29,2025-12-09
1559,487,31,1,2489.05,2489.05,2025-12-09
1706,231,23,1,1274.76,1274.76,2025-12-09
3094,148,23,1,1274.76,1274.76,2025-12-09
5211,443,30,1,328.83,328.83,2025-12-09
6647,135,8,1,3484.78,3484.78,2025-12-09
8016,147,19,1,1812.99,1812.99,2025-12-09
8168,382,3,1,2968.18,2968.18,2025-12-09
8298,80,14,1,967.51,967.51,2025-12-09
9550,133,30,2,328.83,657.66,2025-12-09
643,100,34,3,3803.21,11409.63,2025-12-10
3103,197,31,1,2489.05,2489.05,2025-12-10
5542,251,33,1,400.45,400.45,2025-12-10
7385,361,3,1,2968.18,2968.18,2025-12-10
9099,278,25,1,1905.87,1905.87,2025-12-10
9309,355,30,1,328.83,328.83,2025-12-10
878,35,20,3,1271.23,3813.69,2025-12-11
1827,329,7,1,373.62,373.62,2025-12-11
2207,301,27,3,918.74,2756.22,2025-12-11
2418,92,29,1,2430.8,2430.8,2025-12-11
2834,389,33,1,400.45,400.45,2025-12-11
3128,77,16,1,856.11,856.11,2025-12-11
3744,147,2,2,3810.25,7620.5,2025-12-11
4021,76,23,1,1274.76,1274.76,2025-12-11
5394,245,2,1,3810.25,3810.25,2025-12-11
5815,212,18,2,2170.31,4340.62,2025-12-11
8323,77,6,1,750.58,750.58,2025-12-11
8987,91,4,1,2454.84,2454.84,2025-12-11
9007,377,14,1,967.51,967.51,2025-12-11
9990,17,10,1,2876.08,2876.08,2025-12-11
11491,226,13,1,3354.9,3354.9,2025-12-11
1940,403,31,2,2489.05,4978.1,2025-12-12
4404,296,22,1,687.05,687.05,2025-12-12
4698,156,23,1,1274.76,1274.76,2025-12-12
5077,373,31,2,2489.05,4978.1,2025-12-12
5993,35,21,1,2505.63,2505.63,2025-12-12
7382,246,31,1,2489.05,2489.05,2025-12-12
7453,289,14,1,967.51,967.51,2025-12-12
7487,355,24,1,1560.49,1560.49,2025-12-12
7723,212,22,2,687.05,1374.1,2025-12-12
8377,152,17,1,1321.33,1321.33,2025-12-12
11085,162,30,1,328.83,328.83,2025-12-12
11278,409,20,1,1271.23,1271.23,2025-12-12
712,114,25,1,1905.87,1905.87,2025-12-13
777,379,16,1,856.11,856.11,2025-12-13
1441,472,16,1,856.11,856.11,2025-12-13
2002,206,6,1,750.58,750.58,2025-12-13
2634,34,29,1,2430.8,2430.8,2025-12-13
2955,440,19,1,1812.99,1812.99,2025-12-13
4593,66,35,2,3867.68,7735.36,2025-12-13
5021,236,22,3,687.05,2061.15,2025-12-13
6116,161,10,1,2876.08,2876.08,2025-12-13
6661,160,10,1,2876.08,2876.08,2025-12-13
8261,415,12,1,3884.15,3884.15,2025-12-13
9032,471,31,1,2489.05,2489.05,2025-12-13
9035,101,25,2,1905.87,3811.74,2025-12-13
9892,207,1,1,1591.98,1591.98,2025-12-13
11121,162,19,1,1812.99,1812.99,2025-12-13
261,473,25,1,1905.87,1905.87,2025-12-14
1758,148,9,1,2464.29,2464.29,2025-12-14
2492,376,7,2,373.62,747.24,2025-12-14
2542,242,31,1,2489.05,2489.05,2025-12-14
3602,18,18,1,2170.31,2170.31,2025-12-14
3664,285,30,2,328.83,657.66,2025-12-14
4060,18,16,2,856.11,1712.22,2025-12-14
4140,323,32,1,806.52,806.52,2025-12-14
4414,450,18,1,2170.31,2170.31,2025-12-14
5372,157,11,1,229.25,229.25,2025-12-14
5535,377,34,2,3803.21,7606.42,2025-12-14
7170,429,26,3,3172.93,9518.79,2025-12-14
7187,465,15,1,850.03,850.03,2025-12-14
7834,403,9,1,2464.29,2464.29,2025-12-14
8035,278,23,1,1274.76,1274.76,2025-12-14
8250,349,30,1,328.83,328.83,2025-12-14
8415,86,4,2,2454.84,4909.68,2025-12-14
8765,344,3,1,2968.18,2968.18,2025-12-14
9308,440,26,2,3172.93,6345.86,2025-12-14
9336,213,7,1,373.62,373.62,2025-12-14
1519,443,21,1,2505.63,2505.63,2025-12-15
2373,469,9,2,2464.29,4928.58,2025-12-15
3597,68,29,2,2430.8,4861.6,2025-12-15
3969,136,18,1,2170.31,2170.31,2025-12-15
5573,295,16,1,856.11,856.11,2025-12-15
5948,15,15,2,850.03,1700.06,2025-12-15
6875,176,19,1,1812.99,1812.99,2025-12-15
7581,476,4,2,2454.84,4909.68,2025-12-15
7703,141,19,2,1812.99,3625.98,2025-12-15
7993,223,26,2,3172.93,6345.86,2025-12-15
10087,124,33,1,400.45,400.45,2025-12-15
10134,368,22,1,687.05,687.05,2025-12-15
10233,377,32,1,806.52,806.52,2025-12-15
11216,122,25,1,1905.87,1905.87,2025-12-15
11301,53,24,1,1560.49,1560.49,2025-12-15
22,156,16,1,856.11,856.11,2025-12-16
3823,310,18,1,2170.31,2170.31,2025-12-16
4887,289,19,2,1812.99,3625.98,2025-12-16
7695,119,2,1,3810.25,3810.25,2025-12-16
8029,417,26,1,3172.93,3172.93,2025-12-16
8101,78,35,1,3867.68,3867.68,2025-12-16
9058,53,17,1,1321.33,1321.33,2025-12-16
10365,27,23,1,1274.76,1274.76,2025-12-16
3112,473,30,1,328.83,328.83,2025-12-17
3657,325,8,2,3484.78,6969.56,2025-12-17
4900,445,1,1,1591.98,1591.98,2025-12-17
5256,195,18,2,2170.31,4340.62,2025-12-17
6270,45,36,2,3262.33,6524.66,2025-12-17
8108,496,35,2,3867.68,7735.36,2025-12-17
9227,495,18,1,2170.31,2170.31,2025-12-17
9350,157,5,1,750.67,750.67,2025-12-17
9821,126,33,2,400.45,800.9,2025-12-17
10078,494,35,3,3867.68,11603.04,2025-12-17
11981,465,22,1,687.05,687.05,2025-12-17
245,200,7,1,373.62,373.62,2025-12-18
894,130,29,1,2430.8,2430.8,2025-12-18
2219,473,7,2,373.62,747.24,2025-12-18
2239,244,33,1,400.45,400.45,2025-12-18
2593,434,19,1,1812.99,1812.99,2025-12-18
3307,429,6,1,750.58,750.58,2025-12-18
3765,346,22,1,687.05,687.05,2025-12-18
3842,41,22,1,687.05,687.05,2025-12-18
4038,115,23,1,1274.76,1274.76,2025-12-18
6286,175,2,1,3810.25,3810.25,2025-12-18
6867,464,7,1,373.62,373.62,2025-12-18
8232,273,25,1,1905.87,1905.87,2025-12-18
8251,164,11,1,229.25,229.25,2025-12-18
8654,475,36,2,3262.33,6524.66,2025-12-18
9835,495,35,1,3867.68,3867.68,2025-12-18
1264,289,29,3,2430.8,7292.4,2025-12-19
1709,144,26,1,3172.93,3172.93,2025-12-19
2089,443,2,1,3810.25,3810.25,2025-12-19
2428,213,25,1,1905.87,1905.87,2025-12-19
4121,313,36,1,3262.33,3262.33,2025-12-19
4195,266,23,2,1274.76,2549.52,2025-12-19
5337,500,21,1,2505.63,2505.63,2025-12-19
6365,463,25,1,1905.87,1905.87,2025-12-19
9374,497,10,3,2876.08,8628.24,2025-12-19
9913,77,11,2,229.25,458.5,2025-12-19
420,225,8,1,3484.78,3484.78,2025-12-20
3279,341,36,1,3262.33,3262.33,2025-12-20
4992,332,21,1,2505.63,2505.63,2025-12-20
6682,216,2,1,3810.25,3810.25,2025-12-20
8329,79,24,1,1560.49,1560.49,2025-12-20
8527,496,32,2,806.52,1613.04,2025-12-20
9144,428,25,1,1905.87,1905.87,2025-12-20
9257,206,18,2,2170.31,4340.62,2025-12-20
10255,263,23,1,1274.76,1274.76,2025-12-20
10889,464,12,1,3884.15,3884.15,2025-12-20
11232,377,5,2,750.67,1501.34,2025-12-20
121,134,4,1,2454.84,2454.84,2025-12-21
875,115,20,1,1271.23,1271.23,2025-12-21
1251,148,36,3,3262.33,9786.99,2025-12-21
1274,349,29,1,2430.8,2430.8,2025-12-21
1787,406,17,1,1321.33,1321.33,2025-12-21
2376,52,3,2,2968.18,5936.36,2025-12-21
2903,270,32,1,806.52,806.52,2025-12-21
4985,279,10,2,2876.08,5752.16,2025-12-21
5553,148,19,2,1812.99,3625.98,2025-12-21
5560,477,12,2,3884.15,7768.3,2025-12-21
5564,239,36,1,3262.33,3262.33,2025-12-21
6166,194,17,1,1321.33,1321.33,2025-12-21
7211,370,31,1,2489.05,2489.05,2025-12-21
9407,117,6,1,750.58,750.58,2025-12-21
10220,240,21,2,2505.63,5011.26,2025-12-21
10859,6,35,2,3867.68,7735.36,2025-12-21
2263,450,3,1,2968.18,2968.18,2025-12-22
2400,34,22,2,687.05,1374.1,2025-12-22
2406,323,15,2,850.03,1700.06,2025-12-22
2979,463,9,1,2464.29,2464.29,2025-12-22
3179,8,11,1,229.25,229.25,2025-12-22
4555,289,15,1,850.03,850.03,2025-12-22
4856,20,35,1,3867.68,3867.68,2025-12-22
4873,210,36,1,3262.33,3262.33,2025-12-22
5046,263,4,2,2454.84,4909.68,2025-12-22
6961,439,36,1,3262.33,3262.33,2025-12-22
7847,111,34,1,3803.21,3803.21,2025-12-22
8228,350,13,1,3354.9,3354.9,2025-12-22
8735,429,10,1,2876.08,2876.08,2025-12-22
10820,483,30,1,328.83,328.83,2025-12-22
77,331,32,1,806.52,806.52,2025-12-23
713,191,28,1,2129.8,2129.8,2025-12-23
3653,497,27,1,918.74,918.74,2025-12-23
6480,148,13,1,3354.9,3354.9,2025-12-23
7047,495,6,1,750.58,750.58,2025-12-23
7556,105,7,1,373.62,373.62,2025-12-23
9830,237,29,1,2430.8,2430.8,2025-12-23
10333,83,19,2,1812.99,3625.98,2025-12-23
10350,316,27,1,918.74,918.74,2025-12-23
10721,161,20,2,1271.23,2542.46,2025-12-23
4137,4,3,3,2968.18,8904.54,2025-12-24
4609,86,32,1,806.52,806.52,2025-12-24
5391,125,29,1,2430.8,2430.8,2025-12-24
7992,148,34,2,3803.21,7606.42,2025-12-24
8008,156,20,1,1271.23,1271.23,2025-12-24
8488,18,24,1,1560.49,1560.49,2025-12-24
8652,331,16,1,856.11,856.11,2025-12-24
10698,306,2,2,3810.25,7620.5,2025-12-24
10717,497,14,1,967.51,967.51,2025-12-24
11073,3,13,2,3354.9,6709.8,2025-12-24
11951,270,33,1,400.45,400.45,2025-12-24
581,153,24,1,1560.49,1560.49,2025-12-25
3215,175,30,2,328.83,657.66,2025-12-25
4613,20,26,2,3172.93,6345.86,2025-12-25
5261,323,11,2,229.25,458.5,2025-12-25
5947,418,14,1,967.51,967.51,2025-12-25
6520,496,27,1,918.74,918.74,2025-12-25
7023,458,16,1,856.11,856.11,2025-12-25
7158,40,15,1,850.03,850.03,2025-12-25
8486,348,16,1,856.11,856.11,2025-12-25
8794,446,1,2,1591.98,3183.96,2025-12-25
9465,39,34,1,3803.21,3803.21,2025-12-25
11418,406,15,2,850.03,1700.06,2025-12-25
609,457,18,1,2170.31,2170.31,2025-12-26
1088,358,33,2,400.45,800.9,2025-12-26
2448,34,8,2,3484.78,6969.56,2025-12-26
2751,403,14,1,967.51,967.51,2025-12-26
5194,32,18,1,2170.31,2170.31,2025-12-26
5673,496,35,1,3867.68,3867.68,2025-12-26
6414,214,27,1,918.74,918.74,2025-12-26
6804,355,30,1,328.83,328.83,2025-12-26
488,455,1,1,1591.98,1591.98,2025-12-27
2706,473,10,1,2876.08,2876.08,2025-12-27
3616,162,34,1,3803.21,3803.21,2025-12-27
5612,239,25,1,1905.87,1905.87,2025-12-27
6427,348,26,2,3172.93,6345.86,2025-12-27
7654,473,16,1,856.11,856.11,2025-12-27
7733,289,22,1,687.05,687.05,2025-12-27
8258,69,26,1,3172.93,3172.93,2025-12-27
11514,135,20,1,1271.23,1271.23,2025-12-27
11712,487,19,2,1812.99,3625.98,2025-12-27
1850,418,10,1,2876.08,2876.08,2025-12-28
1896,73,13,2,3354.9,6709.8,2025-12-28
4890,464,21,1,2505.63,2505.63,2025-12-28
5774,191,19,1,1812.99,1812.99,2025-12-28
9202,406,3,1,2968.18,2968.18,2025-12-28
9446,63,35,2,3867.68,7735.36,2025-12-28
680,53,8,1,3484.78,3484.78,2025-12-29
893,438,1,1,1591.98,1591.98,2025-12-29
1606,390,36,1,3262.33,3262.33,2025-12-29
1923,485,29,1,2430.8,2430.8,2025-12-29
2863,11,29,1,2430.8,2430.8,2025-12-29
3687,430,4,1,2454.84,2454.84,2025-12-29
4605,183,27,1,918.74,918.74,2025-12-29
4938,290,36,1,3262.33,3262.33,2025-12-29
5670,1,11,2,229.25,458.5,2025-12-29
6741,377,31,2,2489.05,4978.1,2025-12-29
6929,382,20,2,1271.23,2542.46,2025-12-29
6960,398,6,1,750.58,750.58,2025-12-29
7681,98,5,1,750.67,750.67,2025-12-29
8006,443,26,1,3172.93,3172.93,2025-12-29
8967,411,26,1,3172.93,3172.93,2025-12-29
9078,210,8,1,3484.78,3484.78,2025-12-29
10597,377,13,1,3354.9,3354.9,2025-12-29
353,81,29,2,2430.8,4861.6,2025-12-30
1572,49,24,1,1560.49,1560.49,2025-12-30
2086,295,28,1,2129.8,2129.8,2025-12-30
2135,316,3,1,2968.18,2968.18,2025-12-30
3387,40,30,2,328.83,657.66,2025-12-30
4519,429,28,1,2129.8,2129.8,2025-12-30
4600,320,28,1,2129.8,2129.8,2025-12-30
5037,115,16,2,856.11,1712.22,2025-12-30
5873,461,31,1,2489.05,2489.05,2025-12-30
7827,487,36,1,3262.33,3262.33,2025-12-30
9176,58,30,1,328.83,328.83,2025-12-30
10523,459,6,1,750.58,750.58,2025-12-30
11408,192,1,2,1591.98,3183.96,2025-12-30
11518,39,9,1,2464.29,2464.29,2025-12-30
11645,148,11,1,229.25,229.25,2025-12-30
886,61,20,1,1271.23,1271.23,2025-12-31
1073,153,14,1,967.51,967.51,2025-12-31
2342,283,12,2,3884.15,7768.3,2025-12-31
4823,289,16,2,856.11,1712.22,2025-12-31
4880,420,26,2,3172.93,6345.86,2025-12-31
6005,226,11,1,229.25,229.25,2025-12-31
6334,119,24,2,1560.49,3120.98,2025-12-31
6695,162,9,1,2464.29,2464.29,2025-12-31
6854,289,36,2,3262.33,6524.66,2025-12-31
8344,468,30,1,328.83,328.83,2025-12-31
10337,368,34,1,3803.21,3803.21,2025-12-31
